date,excess,cum_excess,roll_t,cusum,weak_today,cusum_latched
2015-01-05,0.007933110305742124,0.007933110305742124,-0.0,0.0,0,0
2015-01-06,0.007920802064980097,0.01585391237072222,-0.0,0.0,0,0
2015-01-07,-0.006252276260211488,0.009601636110510733,-0.0,1.3545891228242117,0,0
2015-01-08,0.012735137012899014,0.022336773123409745,-0.0,0.0,0,0
2015-01-09,0.003350464780846359,0.025687237904256102,-0.0,0.0,0,0
2015-01-12,-0.006181303771991387,0.019505934132264716,-0.0,1.29387929445457,0,0
2015-01-13,0.001688323310169915,0.02119425744243463,-0.0,0.982395547647835,0,0
2015-01-14,0.004589652714714659,0.02578391015714929,-0.0,0.07586398892934698,0,0
2015-01-15,0.004126336489541714,0.029910246646691004,-0.0,0.0,0,0
2015-01-16,-0.005488143903757597,0.024422102742933407,-0.0,1.156907499605801,0,0
2015-01-19,-0.005721524650375957,0.01870057809255745,-0.0,2.3598674044541195,0,0
2015-01-20,0.008920498468844702,0.027621076561402152,-0.0,0.5701119367455127,0,0
2015-01-21,-0.0005231997418632995,0.027097876819538853,-0.0,0.7075751080433642,0,0
2015-01-22,0.003550530467026989,0.030648407286565843,-0.0,0.019855155086968113,0,0
2015-01-23,0.00574197438261281,0.036390381669178656,-0.0,0.0,0,0
2015-01-26,0.0074617554862193985,0.043852137155398055,-0.0,0.0,0,0
2015-01-27,0.0028672113686999128,0.04671934852409797,-0.0,0.0,0,0
2015-01-28,-0.0009247490050375731,0.0457945995190604,-0.0,0.21893793333717226,0,0
2015-01-29,0.0008001980708307777,0.04659479758989118,-0.0,0.08829115590013126,0,0
2015-01-30,0.0015170548617995786,0.04811185245169076,-0.0,0.0,0,0
2015-02-02,0.0032530411858915182,0.05136489363758227,-0.0,0.0,0,0
2015-02-03,0.0015197554440297806,0.052884649081612056,-0.0,0.0,0,0
2015-02-04,0.002489371212203404,0.05537402029381546,-0.0,0.0,0,0
2015-02-05,-0.002564456126799699,0.052809564167015766,-0.0,0.565662504576124,0,0
2015-02-06,0.005042087418174576,0.057851651585190345,-0.0,0.0,0,0
2015-02-09,0.0009249389304664987,0.05877659051565684,-0.0,0.0,0,0
2015-02-10,0.005407397403680845,0.06418398791933769,-0.0,0.0,0,0
2015-02-11,-0.0032112635706809797,0.06097272434865671,-0.0,0.7052196936743422,0,0
2015-02-12,0.008715424385165444,0.06968814873382215,-0.0,0.0,0,0
2015-02-13,-0.003348659890119469,0.06633948884370268,-0.0,0.726885725818179,0,0
2015-02-16,0.003427555206387942,0.06976704405009063,-0.0,0.0455251238952874,0,0
2015-02-17,0.003704882969015895,0.07347192701910651,-0.0,0.0,0,0
2015-02-18,-0.0017298734377532712,0.07174205358135324,-0.0,0.3939004411118542,0,0
2015-02-19,0.0031321763218240995,0.07487422990317734,-0.0,0.0,0,0
2015-02-20,0.0026004076792213336,0.07747463758239867,-0.0,0.0,0,0
2015-02-23,-0.0010665349342278696,0.0764081026481708,-0.0,0.2578929817743217,0,0
2015-02-24,0.010967988590131175,0.08737609123830198,-0.0,0.0,0,0
2015-02-25,0.0027691459482418156,0.0901452371865438,-0.0,0.0,0,0
2015-02-26,-0.0023892130365876494,0.08775602414995615,-0.0,0.5301848902140966,0,0
2015-02-27,0.0003425948189276177,0.08809861896888377,-0.0,0.49044909605819165,0,0
2015-03-02,0.003627789917050711,0.09172640888593447,-0.0,0.0,0,0
2015-03-03,-0.00027531502086751555,0.09145109386506696,-0.0,0.09013608218071117,0,0
2015-03-04,0.004782486543773011,0.09623358040883997,-0.0,0.0,0,0
2015-03-05,-0.0001828475781691351,0.09605073283067084,-0.0,0.07082944898196628,0,0
2015-03-06,-0.003249638502838016,0.09280109432783282,-0.0,0.7967575639245456,0,0
2015-03-09,-0.004995563615443093,0.08780553071238972,-0.0,1.8986963253490616,0,0
2015-03-10,7.288388261346819e-05,0.08787841459500319,-0.0,1.9151085314507361,0,0
2015-03-11,0.0067610509394455676,0.09463946553444876,-0.0,0.4918860861554557,0,0
2015-03-12,0.00666284765644393,0.10130231319089268,-0.0,0.0,0,0
2015-03-13,-0.00768708906925166,0.09361522412164103,-0.0,1.666395097800615,0,0
2015-03-16,0.0006548848616972999,0.09427010898333833,-0.0,1.5604838008359454,0,0
2015-03-17,-0.0030869348601578212,0.09118317412318051,-0.0,2.246303660213539,0,0
2015-03-18,-0.0051643736593220335,0.08601880046385849,-0.0,3.3757379340168114,0,0
2015-03-19,-0.0035556020217334455,0.08246319844212505,-0.0,4.162424470170806,0,0
2015-03-20,0.003121946200413708,0.08558514464253876,-0.0,3.5301556951297948,0,0
2015-03-23,0.003789572087034143,0.08937471672957291,-0.0,2.7532316726021238,0,0
2015-03-24,-0.004697540848892632,0.08467717588068027,-0.0,3.789988165527296,0,0
2015-03-25,0.00106317650643714,0.08574035238711741,-0.0,3.594609194695759,0,0
2015-03-26,0.007048685106130836,0.09278903749324825,-0.0,2.110794315332786,0,0
2015-03-27,0.002672600257898086,0.09546163775114634,-0.0,1.5722953547699743,0,0
2015-03-30,-0.0032641939551917958,0.09219744379595454,-0.0,2.3038126486123724,0,0
2015-03-31,0.005125050018909403,0.09732249381486395,-0.0,1.2343019189641002,0,0
2015-04-01,0.001098852933954318,0.09842134674881826,-0.0,1.0304250310746286,0,0
2015-04-02,-0.0016821314516434706,0.09673921529717479,-0.0,1.4255047480071021,0,0
2015-04-03,0.004467769896959779,0.10120698519413457,-0.0,0.4883482032832446,0,0
2015-04-06,0.0056487210546319324,0.1068557062487665,-0.0,0.0,0,0
2015-04-07,-0.0012943624695130097,0.1055613437792535,-0.0,0.3120781522350089,0,0
2015-04-08,-0.005398087989725299,0.1001632557895282,-0.0,1.5183351467414945,0,0
2015-04-09,0.005006566271104529,0.10516982206063273,-0.0,0.4636263236384037,0,0
2015-04-10,-0.004517902147097123,0.10065191991353561,-0.0,1.4752673244260115,0,0
2015-04-13,0.006660012541758917,0.10731193245529454,-0.0,0.0628293028686453,0,0
2015-04-14,0.0008364550896298997,0.10814838754492444,-0.0,0.0,0,0
2015-04-15,0.00214361583402256,0.110292003378947,-0.0,0.0,0,0
2015-04-16,-0.004859300287813378,0.10543270309113362,-0.0,1.090040683868632,0,0
2015-04-17,-0.0050840369663174905,0.10034866612481613,-0.0,2.2282555514785796,0,0
2015-04-20,-0.00930174767522011,0.09104691844959602,-0.0,4.281582211596045,0,0
2015-04-21,0.003769542554853456,0.09481646100444947,-0.0,3.5085919287073146,0,0
2015-04-22,-0.0052841407029688,0.08953232030148067,-0.0,4.671336562773281,0,0
2015-04-23,-0.006135678525426859,0.08339664177605381,-0.0,6.014203486295015,0,0
2015-04-24,0.0051343117218971505,0.08853095349795097,-0.0,4.953789616924286,0,0
2015-04-27,-0.001661489526430121,0.08686946397152084,-0.0,5.338920565693424,0,0
2015-04-28,-0.0019498464143355065,0.08491961755718534,-0.0,5.787435944566794,0,0
2015-04-29,-0.005138108682534647,0.0797815088746507,-0.0,6.9222422962173775,0,0
2015-04-30,-0.003921776504557076,0.07585973237009362,-0.0,7.79494312198993,0,0
2015-05-01,-0.0051166836726116,0.07074304869748202,-0.0,8.925642039125227,0,0
2015-05-04,-0.0023527234334619175,0.0683903252640201,-0.0,9.462244454208042,0,0
2015-05-05,0.002888414720420023,0.07127873998444012,-0.0,8.872100719782635,0,0
2015-05-06,-0.0015397406437450147,0.06973899934069511,-0.0,9.236937534422069,0,0
2015-05-07,0.005469740456545894,0.075208739797241,-0.0,8.080532815072614,0,0
2015-05-08,0.002236907207744357,0.07744564700498537,-0.0,7.627674609969317,0,0
2015-05-11,0.001742241967466028,0.0791878889724514,-0.0,7.280369086773679,0,0
2015-05-12,7.753996321803599e-05,0.07926542893566943,-0.0,7.295412961499223,0,0
2015-05-13,-0.003446227652555926,0.07581920128311351,-0.0,8.085805779338637,0,0
2015-05-14,0.002902396346390927,0.07872159762950444,-0.0,7.477543852526465,0,0
2015-05-15,-0.0024407514668955783,0.07628084616260886,-0.0,8.049818852849613,0,0
2015-05-18,-0.005198616841343944,0.07108222932126491,-0.0,9.23726188290265,0,0
2015-05-19,-0.0006190110488362493,0.07046321827242867,-0.0,9.406587265680384,0,0
2015-05-20,-0.005127071359223258,0.06533614691320541,-0.0,10.582405811301033,0,0
2015-05-21,-0.002883092873549661,0.06245305403965575,-0.0,11.25647459067302,0,0
2015-05-22,0.0057012775569796476,0.06815433159663539,-0.0,10.014512058040548,0,0
2015-05-25,-0.0058867200184403645,0.06226761157819503,-0.0,11.357249538375108,0,0
2015-05-26,0.005116389075955843,0.06738400065415087,-0.0,10.25471991467945,0,0
2015-05-27,-0.003086114342709438,0.06429788631144143,-0.0,10.96993680361472,0,0
2015-05-28,-0.00020884766241079209,0.06408903864903064,-0.0,11.04832320770504,0,0
2015-05-29,0.0018633173294941754,0.06595235597852481,-0.0,10.664168209451443,0,0
2015-06-01,-0.004335720715396538,0.06161663526312827,-0.0,11.669173862468227,0,0
2015-06-02,-0.004044482597102848,0.057572152666025424,-0.0,12.60909944603695,0,0
2015-06-03,0.0003666430319756224,0.05793879569800105,-0.0,12.558720479673589,0,0
2015-06-04,-0.0037999811596477625,0.054138814538353286,-0.0,13.44953439021077,0,0
2015-06-05,0.0032326765472398653,0.057371491085593154,-0.0,12.749847399218778,0,0
2015-06-08,-0.0031504322199264094,0.05422105886566674,-0.0,13.496847709943674,0,0
2015-06-09,-0.0021255974996926964,0.052095461365974045,-0.0,14.012621507136927,0,0
2015-06-10,0.017684794762663235,0.06978025612863728,-0.0,10.00192658349654,0,0
2015-06-11,0.003199140392939071,0.07297939652157635,-0.0,9.359627894302289,0,0
2015-06-12,0.0063917794569057764,0.07937117597848213,-0.0,8.040152535301447,0,0
2015-06-15,0.006851996835578426,0.08622317281406056,-0.0,6.6301966534084995,0,0
2015-06-16,-0.0008989000742840746,0.08532427273977648,-0.0,6.850212742426949,0,0
2015-06-17,0.0033082693478084036,0.08863254208758489,-0.0,6.186424918479472,0,0
2015-06-18,0.0004532453220073287,0.08908578740959222,-0.0,6.12282365299333,0,0
2015-06-19,0.005941784195020971,0.0950275716046132,-0.0,4.894240756287092,0,0
2015-06-22,0.003042993870706206,0.09807056547531941,-0.0,4.282830127253147,0,0
2015-06-23,0.002613202586926703,0.1006837680622461,-0.0,3.760426869833074,0,0
2015-06-24,0.00020969279292887836,0.10089346085517498,-0.0,3.747770009440574,0,0
2015-06-25,-0.004226944688398081,0.09666651616677689,-0.0,4.68535428961207,0,0
2015-06-26,0.0015734909667036714,0.09824000713348056,-0.0,4.379911989682653,0,0
2015-06-29,-0.0016307227916362269,0.09660928434184433,-0.0,4.763440150711155,0,0
2015-06-30,-0.00923968799071499,0.08736959635112934,-0.0,6.7972597244567545,0,0
2015-07-01,0.002912525302212388,0.09028212165334173,-0.0,6.208883718485299,0,0
2015-07-02,-0.005279567785395465,0.08500255386794626,-0.0,7.369466213522312,0,0
2015-07-03,-0.002606161430438126,0.08239639243750814,-0.0,7.957701301813557,0,0
2015-07-06,-0.0010275189585153546,0.08136887347899278,-0.0,8.209886062848838,0,0
2015-07-07,0.006150243062090922,0.08751911654108371,-0.0,6.916767341185681,0,0
2015-07-08,-0.0004233464069278921,0.08709577013415583,-0.0,7.039597097424386,0,0
2015-07-09,0.002360422051641107,0.08945619218579694,-0.0,6.562315765295177,0,0
2015-07-10,0.009901706449364844,0.09935789863516178,-0.0,4.448762686158174,0,0
2015-07-13,0.0012932501422501122,0.1006511487774119,-0.0,4.2061677398391675,0,0
2015-07-14,-0.0026193671994837906,0.0980317815779281,-0.0,4.7973411825110315,0,0
2015-07-15,-0.004807940369912114,0.093223841208016,-0.0,5.8597915280921224,0,0
2015-07-16,-0.00958554484150722,0.08363829636650877,-0.0,7.945452537184979,0,0
2015-07-17,-0.0032473273035548197,0.08039096906295395,-0.0,8.660674423996257,0,0
2015-07-20,0.0018291716604608352,0.08222014072341478,-0.0,8.30665606758858,0,0
2015-07-21,-0.0007812011310875549,0.08143893959232723,-0.0,8.50434130562437,0,0
2015-07-22,-0.0035544207455112512,0.07788451884681598,-0.0,9.294412928295417,0,0
2015-07-23,0.004591116614222733,0.08247563546103871,-0.0,8.344859754220245,0,0
2015-07-24,-0.0003688453195565567,0.08210679014148216,-0.0,8.455743181518676,0,0
2015-07-27,0.004979645308951201,0.08708643545043336,-0.0,7.4167707565507754,0,0
2015-07-28,-0.0028889260907901367,0.08419750935964322,-0.0,8.069582843848629,0,0
2015-07-29,-0.000283516221239682,0.08391399313840354,-0.0,8.162733205577943,0,0
2015-07-30,-0.004052949770828676,0.07986104336757487,-0.0,9.073817579674538,0,0
2015-07-31,-0.00044156095755828724,0.07941948241001658,-0.0,9.201725545819238,0,0
2015-08-03,0.0014272502510568577,0.08084673266107344,-0.0,8.921983826283377,0,0
2015-08-04,-0.0038847345771747103,0.07696199808389872,-0.0,9.806960570452688,0,0
2015-08-05,-0.0002461790195595491,0.07671581906433918,-0.0,9.893107860530725,0,0
2015-08-06,-0.0016145874026397148,0.07510123166169946,-0.0,10.282237333303135,0,0
2015-08-07,0.00296594078791036,0.07806717244960983,-0.0,9.654917168540779,0,0
2015-08-10,0.0022969785251035504,0.08036415097471337,-0.0,9.174641681369827,0,0
2015-08-11,-0.0010041032605104237,0.07936004771420295,-0.0,9.431546142437977,0,0
2015-08-12,0.001320677952539062,0.08068072566674202,-0.0,9.16612875160701,0,0
2015-08-13,0.0003422535815684844,0.0810229792483105,-0.0,9.120653193871366,0,0
2015-08-14,0.0017841927783354358,0.08280717202664595,-0.0,8.74640284586021,0,0
2015-08-17,0.002247504941416169,0.08505467696806211,-0.0,8.264184885836274,0,0
2015-08-18,-0.014713479383102841,0.07034119758495927,-0.0,11.676937233543931,0,0
2015-08-19,-0.0014038332061488829,0.06893736437881039,-0.0,12.013766545586533,0,0
2015-08-20,-0.0008289194459054575,0.06810844493290492,-0.0,12.226707472097425,0,0
2015-08-21,8.432376056722202e-05,0.06819276869347214,-0.0,12.240207889678766,0,0
2015-08-24,-0.0034779094175737954,0.06471485927589835,-0.0,13.040028124386932,0,0
2015-08-25,0.007951464404466571,0.07266632368036492,-0.0,11.312455892172384,0,0
2015-08-26,-0.0021770270258487504,0.07048929665451617,-0.0,11.820523221654092,0,0
2015-08-27,0.000537003059252826,0.071026299713769,-0.0,11.734579053095587,0,0
2015-08-28,0.0038164887481595675,0.07484278846192857,-0.0,10.923503724320641,0,0
2015-08-31,-0.007175059308798609,0.06766772915312996,-0.0,12.54316440986895,0,0
2015-09-01,0.0005345818962141492,0.06820231104934411,-0.0,12.4579044288779,0,0
2015-09-02,-0.0029846277275629605,0.06521768332178116,-0.0,13.148380287231884,0,0
2015-09-03,0.006560334909438928,0.07177801823122008,-0.0,11.728321445302653,0,0
2015-09-04,-0.001805778370764578,0.0699722398604555,-0.0,12.157502180665492,0,0
2015-09-07,0.006806721955550075,0.07677896181600558,-0.0,10.685113932694161,0,0
2015-09-08,-0.003168756444861564,0.07361020537114402,-0.0,11.412444307825526,0,0
2015-09-09,0.0033460873874449327,0.07695629275858895,-0.0,10.708032810632925,0,0
2015-09-10,0.003485815771743333,0.08044210853033229,-0.0,9.970844832396132,0,0
2015-09-11,0.0019998904310096323,0.08244199896134193,-0.0,9.5605098787915,0,0
2015-09-14,-0.006573931699831741,0.07586806726151019,-0.0,11.053332497358284,0,0
2015-09-15,-0.0052006625180887715,0.07066740474342141,-0.0,12.23354341506719,0,0
2015-09-16,0.00037464437944589776,0.07104204912286731,-0.0,12.182989509189111,0,0
2015-09-17,0.007233816053101399,0.07827586517596871,-0.0,10.611658272308848,0,0
2015-09-18,0.001735282082751293,0.08001114725872001,-0.0,10.262473777907855,0,0
2015-09-21,0.004927828944390251,0.08493897620311026,-0.0,9.206621685361442,0,0
2015-09-22,0.004297017541149825,0.08923599374426008,-0.0,8.291024508421142,0,0
2015-09-23,0.009542160110231035,0.09877815385449112,-0.0,6.217499944629191,0,0
2015-09-24,-0.0016052312403210644,0.09717292261417006,-0.0,6.596928955534853,0,0
2015-09-25,-0.0022256883091829574,0.0949472343049871,-0.0,7.113094433415693,0,0
2015-09-28,-0.00791389417073661,0.08703334013425049,-0.0,8.874240601001858,0,0
2015-09-29,0.00357591419712255,0.09060925433137304,-0.0,8.133713391103235,0,0
2015-09-30,-0.004200195443086317,0.08640905888828672,-0.0,9.075236474821606,0,0
2015-10-01,-0.002026524545390735,0.08438253434289598,-0.0,9.546507124564169,0,0
2015-10-02,0.004580562933720866,0.08896309727661685,-0.0,8.581017627406773,0,0
2015-10-05,-0.0002421747889782644,0.08872092248763858,-0.0,8.665766210792707,0,0
2015-10-06,-0.006446950846876728,0.08227397164076185,-0.0,10.109863806153278,0,0
2015-10-07,-0.0023293916018938105,0.07994458003886803,-0.0,10.649196434813764,0,0
2015-10-08,0.0022014616445908495,0.08214604168345889,-0.0,10.199686379706069,0,0
2015-10-09,0.0016012493961800284,0.08374729107963892,-0.0,9.879903657822311,0,0
2015-10-12,0.001328081872034331,0.08507537295167325,-0.0,9.618655931266591,0,0
2015-10-13,0.0037320217135196104,0.08880739466519286,-0.0,8.822228461115477,0,0
2015-10-14,0.004322376755415925,0.09312977142060878,-0.0,7.893020353639034,0,0
2015-10-15,-0.0006738276772040583,0.09245594374340473,-0.0,8.074941991403541,0,0
2015-10-16,0.012021032081654219,0.10447697582505894,-0.0,5.417383974304388,0,0
2015-10-19,-0.001073651558614633,0.1034033242664443,-0.0,5.681446338855874,0,0
2015-10-20,0.00426635497514037,0.10766967924158467,-0.0,4.786297355828809,0,0
2015-10-21,0.007118295673233642,0.11478797491481832,-0.0,3.2701200391913074,0,0
2015-10-22,-0.008627699952811454,0.10616027496200686,-0.0,5.1637273299538755,0,0
2015-10-23,-0.006573045919608566,0.09958722904239829,-0.0,6.594336715457888,0,0
2015-10-26,-0.0021683725965098866,0.09741885644588841,-0.0,7.085215449691056,0,0
2015-10-27,0.004617462348524911,0.10203631879441331,-0.0,6.135619996675541,0,0
2015-10-28,-0.003056540692313669,0.09897977810209964,-0.0,6.817540942715556,0,0
2015-10-29,0.001639641979194804,0.10061942008129444,-0.0,6.499751071312986,0,0
2015-10-30,0.0018484187659507185,0.10246783884724517,-0.0,6.135418296253077,0,0
2015-11-02,0.00154023600178163,0.1040080748490268,-0.0,5.835556300418424,0,0
2015-11-03,-0.0014070763028625221,0.10260099854616428,-0.0,6.172306480981553,0,0
2015-11-04,0.0011581856981500629,0.10375918424431434,-0.0,5.952161751437229,0,0
2015-11-05,-0.002983887073270261,0.10077529717104408,-0.0,6.637328862519608,0,0
2015-11-06,-0.0010594918358552208,0.09971580533518887,-0.0,6.902023007023596,0,0
2015-11-09,0.007901311779654889,0.10761711711484376,-0.0,5.189247506270423,0,0
2015-11-10,0.0031963592301344993,0.11081347634497826,-0.0,4.523573230526034,0,0
2015-11-11,-0.00234307198269324,0.10847040436228503,-0.0,5.0685293123688595,0,0
2015-11-12,-0.0017328695245966176,0.10673753483768841,-0.0,5.481515161054559,0,0
2015-11-13,0.0012479471366246577,0.10798548197431307,-0.0,5.237802434419186,0,0
2015-11-16,0.009723322776058585,0.11770880475037165,-0.0,3.11004563930433,0,0
2015-11-17,-0.01242900412182859,0.10527980062854306,-0.0,5.846482878984318,0,0
2015-11-18,0.0027917850867408894,0.10807158571528394,-0.0,5.291924543309091,0,0
2015-11-19,0.0016299198958087888,0.10970150561109274,-0.0,4.980182329840713,0,0
2015-11-20,0.00021839647564359183,0.10991990208673633,-0.0,4.965896503330934,0,0
2015-11-23,0.0034067155458542336,0.11332661763259055,-0.0,4.271585817223178,0,0
2015-11-24,-0.003610414539575185,0.10971620309301537,-0.0,5.075441178035909,0,0
2015-11-25,-0.0008601700179908243,0.10885603307502455,-0.0,5.291768752644848,0,0
2015-11-26,0.000876198971586405,0.10973223204661095,-0.0,5.134974531908523,0,0
2015-11-27,-0.0038597406960012653,0.10587249135060968,-0.0,6.003325844308618,0,0
2015-11-30,0.005596654367103756,0.11146914571771344,-0.0,4.820533951702744,0,0
2015-12-01,-0.005663265790560561,0.10580587992715287,-0.0,6.078457999677913,0,0
2015-12-02,0.00013858177328248972,0.10594446170043537,-0.0,6.080554985602142,0,0
2015-12-03,0.00449706085752236,0.11044152255795772,-0.0,5.136276485360899,0,0
2015-12-04,-0.0013192287319545482,0.10912229382600318,-0.0,5.454760275434392,0,0
2015-12-07,-0.00010064224765431347,0.10902165157834887,-0.0,5.508740398933457,0,0
2015-12-08,0.0008638307240272315,0.1098854823023761,-0.0,5.351077453895163,0,0
2015-12-09,0.002675808199147301,0.1125612905015234,-0.0,4.792276770664256,0,0
2015-12-10,0.006655196642337048,0.11921648714386045,-0.0,3.3493155101621275,0,0
2015-12-11,0.009868916072092847,0.1290854032159533,-0.0,1.2087258908378407,0,0
2015-12-14,0.0038771705402948194,0.13296257375624812,-0.0,0.40486448766911265,0,0
2015-12-15,-0.0036792454313831404,0.12928332832486497,-0.0,1.2314502844316042,0,0
2015-12-16,0.007577631942508113,0.13686096026737307,-0.0,0.0,0,0
2015-12-17,1.1189923924230082e-05,0.1368721501912973,-0.0,0.029610651264059845,0,0
2015-12-18,0.00986645542750629,0.14673860561880359,-0.0,0.0,0,0
2015-12-21,-0.0005188892903762495,0.14621971632842734,-0.0,0.14167988557740896,0,0
2015-12-22,-0.0021890689669205564,0.14403064736150678,-0.0,0.6390109645332266,0,0
2015-12-23,0.0022977665872468897,0.14632841394875368,1.893554872606617,0.18038027648519134,0,0
2015-12-24,0.0019388542508800882,0.14826726819963376,1.8206864701700693,0.0,0,0
2015-12-25,-0.007383569116241648,0.1408836990833921,1.8023034782736016,1.6231115361303403,0,0
2015-12-28,-0.002246979838612886,0.13863671924477922,1.6184906071670575,2.135123916220091,0,0
2015-12-29,-0.0031161106156243406,0.13552060862915488,1.5278641946661664,2.8357630616951566,0,0
2015-12-30,-0.004211728441996821,0.13130888018715806,1.558614204653525,3.774374554674808,0,0
2015-12-31,0.005867643330445798,0.13717652351760384,1.6125266125204727,2.5420412571650264,0,0
2016-01-01,0.0013497684309354589,0.1385262919485393,1.5699574097466247,2.2842010089291818,0,0
2016-01-04,-0.015503587040066236,0.12302270490847306,1.2675240280476723,5.663105670647404,0,0
2016-01-05,-0.0035739538271533974,0.11944875108131967,1.295837843243676,6.425073055896734,0,0
2016-01-06,-0.0016299041910423915,0.11781884689027727,1.3558292600274695,6.790876960348205,0,0
2016-01-07,-0.007192140399570126,0.11062670649070715,1.1371511915328196,8.303368201036575,0,0
2016-01-08,-0.002871252877463348,0.1077554536132438,1.1040003188153262,8.922412417688335,0,0
2016-01-11,0.0062581321528140665,0.11401358576605787,1.1384194657355193,7.670087273127875,0,0
2016-01-12,-0.0029386755527115067,0.11107491021334637,1.0216792130937706,8.302953374829668,0,0
2016-01-13,-0.007159846452143747,0.10391506376120262,0.8213951243865254,9.804303854647632,0,0
2016-01-14,0.013418243209950574,0.11733330697115318,0.9510058771659969,7.100773088461748,0,0
2016-01-15,-0.0037004650377022563,0.11363284193345093,0.9124356732966385,7.860574585731777,0,0
2016-01-18,-0.001983121434065817,0.11164972049938511,0.8746230467397038,8.283673768526569,0,0
2016-01-19,-0.0012263376735852493,0.11042338282579986,0.8376952454748101,8.558713298851188,0,0
2016-01-20,0.00022847109238769163,0.11065185391818755,0.7976880570068283,8.54519843248189,0,0
2016-01-21,0.0023409837265487305,0.11299283764473628,0.808533901727892,8.108057643149582,0,0
2016-01-22,0.0005366435674496904,0.11352948121218596,0.7826207237499891,8.032034665773237,0,0
2016-01-25,-0.0013859923171268568,0.11214348889505911,0.7988563659716416,8.344656534089912,0,0
2016-01-26,-0.011997196173695253,0.10014629272136386,0.5630809630757806,10.818612418827733,0,0
2016-01-27,0.007109958083467256,0.10725625080483112,0.6427258401404006,9.443003981094089,0,0
2016-01-28,-0.0013216699860604014,0.10593458081877072,0.5547385220638134,9.735212822240761,0,0
2016-01-29,0.010891553368873654,0.11682613418764437,0.7354748666449485,7.611408076578858,0,0
2016-02-01,-0.0022736560082006305,0.11455247817944374,0.5942016110303975,8.084311242071005,0,0
2016-02-02,-0.0049527523424454465,0.10959972583699829,0.5722602602838202,9.081203473141949,0,0
2016-02-03,0.0001352731381202875,0.10973499897511857,0.5292018988682718,9.08684866421481,0,0
2016-02-04,0.00424902392929008,0.11398402290440865,0.5362114543346184,8.28595144309568,0,0
2016-02-05,-0.003232614641430143,0.11075140826297851,0.5159630758848509,8.952744998598282,0,0
2016-02-08,-0.01279907647251876,0.09795233179045976,0.3011145514420581,11.506754656128184,0,0
2016-02-09,0.003450929036446517,0.10140326082690627,0.31207936173052075,10.878787872834968,0,0
2016-02-10,0.001326619801566229,0.1027298806284725,0.3432868719597,10.65626007513265,0,0
2016-02-11,-0.0011089161742938484,0.10162096445417866,0.18765933405495708,10.902187806340251,0,0
2016-02-12,0.01939119680285799,0.12101216125703665,0.3943251241994457,7.172815248747185,0,0
2016-02-15,-0.0007539640887956965,0.12025819716824095,0.4154036467516056,7.341142242515097,0,0
2016-02-16,-0.000592833883617799,0.11966536328462314,0.4034325741752228,7.480945948039992,0,0
2016-02-17,-0.0166095039900164,0.10305585929460674,0.14174550699380695,10.550337461745414,0,0
2016-02-18,0.002347143948200251,0.10540300324280699,0.1744851375456609,10.172068351029544,0,0
2016-02-19,-0.005350470095333521,0.10005253314747348,0.047736376644157114,11.143833511243423,0,0
2016-02-22,-0.003363238050500992,0.09668929509697248,0.007974880928046636,11.766958310048114,0,0
2016-02-23,-0.014119488231335544,0.08256980686563693,-0.12593974971540453,14.28990310699529,0,0
2016-02-24,-0.009604277408649406,0.07296552945698753,-0.18175182265722992,15.967799321451507,0,0
2016-02-25,-0.011053035613274354,0.06191249384371318,-0.31518321795481563,17.87564865975868,0,0
2016-02-26,0.0052930761686601786,0.06720557001237336,-0.33344460952273747,17.022074718592634,0,0
2016-02-29,0.0003798964026403345,0.06758546641501369,-0.4112032700152019,16.990444674449982,0,0
2016-03-01,0.008615744045646164,0.07620121046065985,-0.21208672593859168,15.570839982893403,0,0
2016-03-02,-0.005182523697553504,0.07101868676310634,-0.2826472292728953,16.470521161483806,0,0
2016-03-03,-0.01057943110265897,0.06043925566044737,-0.3709745520160968,18.276286367289618,0,0
2016-03-04,-0.006702813596589652,0.05373644206385771,-0.3890324415162653,19.418494116918495,0,0
2016-03-07,-0.011876265427278501,0.04186017663657921,-0.4848880727306845,21.41496782767835,0,0
2016-03-08,-0.004854570867970604,0.037005605768608604,-0.579690556888189,22.237107226963662,0,0
2016-03-09,-0.013288731367338248,0.023716874401270356,-0.7750049301583952,24.43667277398274,0,0
2016-03-10,-0.006545322402744594,0.017171551998525762,-0.7957188781985588,25.51432717014104,0,0
2016-03-11,-0.003131298241914945,0.014040253756610818,-0.8447879800619359,26.046307564003513,0,0
2016-03-14,-6.27101805835222e-05,0.013977543576027296,-0.9320715930044218,26.088373064302182,0,0
2016-03-15,0.001238818071582682,0.015216361647609977,-0.9494609201263265,25.920573222978565,0,0
2016-03-16,-0.0006606233805638542,0.014555738267046123,-0.9192082082231026,26.059726839101856,0,0
2016-03-17,0.00032487474620777597,0.014880613013253899,-0.9780421800160094,26.038743963439014,0,0
2016-03-18,0.009843364220846314,0.024723977234100213,-0.868147705925929,24.455873411870854,0,0
2016-03-21,0.005466212764558017,0.03019018999865823,-0.7822586578957345,23.59927596540423,0,0
2016-03-22,-0.012484746556000792,0.01770544344265744,-0.9731073628275667,25.663305825927633,0,0
2016-03-23,0.00737171642320257,0.02507715986586001,-0.9515066599767822,24.516489546998574,0,0
2016-03-24,-0.008974823518976653,0.016102336346883357,-1.0357193328024323,25.980479558463728,0,0
2016-03-25,0.0016124707992539434,0.0177148071461373,-0.9559489232104209,25.756748848765213,0,0
2016-03-28,-0.002367929204091941,0.015346877942045358,-1.0431718523930102,26.166346798111324,0,0
2016-03-29,-0.0021763908596796645,0.013170487082365694,-1.016940829455053,26.547123794335032,0,0
2016-03-30,-0.007235290236333081,0.005935196846032613,-1.1786615666408398,27.744485495564373,0,0
2016-03-31,0.0027508534978775375,0.008686050343910151,-1.155748264492491,27.33433658012755,0,0
2016-04-01,-0.0020934660215194763,0.006592584322390675,-1.2052782629207528,27.704404359196026,0,0
2016-04-04,-0.008593971405691658,-0.0020013870833009827,-1.244730746576525,29.131304817305374,0,0
2016-04-05,-0.0001046401967948757,-0.0021060272800958583,-1.1887712717684924,29.180206732195984,0,0
2016-04-06,0.001586713529023555,-0.0005193137510723033,-1.0678833935285534,28.9545798151384,0,0
2016-04-07,-0.0015732696226891133,-0.0020925833737614166,-1.1314044554961609,29.24342307490449,0,0
2016-04-08,-0.0002949706047655817,-0.0023875539785269983,-1.0749230610349747,29.32384622917069,0,0
2016-04-11,0.004430656953836596,0.002043102975309598,-0.9520590450876345,28.624442857025702,0,0
2016-04-12,0.005354397227796869,0.007397500203106467,-0.9493241679203974,27.770178358371965,0,0
2016-04-13,0.0070531912766023655,0.014450691479708833,-0.8443383636487615,26.63328410836519,0,0
2016-04-14,-0.0038153763484767957,0.010635315131232038,-0.8655201575812613,27.296277683699646,0,0
2016-04-15,0.005727509341454413,0.01636282447268645,-0.7383016692741194,26.377784209168695,0,0
2016-04-18,0.0010692503239202393,0.01743207479660669,-0.6807432569784023,26.232248665987306,0,0
2016-04-19,0.00742299545133064,0.02485507024793733,-0.5334093463252384,25.024785846316476,0,0
2016-04-20,-0.004161481772292282,0.02069358847564505,-0.554018924720372,25.749537913118964,0,0
2016-04-21,-0.0005553539888287508,0.0201382344868163,-0.5943962812013789,25.87427175353113,0,0
2016-04-22,0.008360980482498656,0.028499214969314957,-0.47703457128083776,24.502273986076492,0,0
2016-04-25,-0.0019415306927177151,0.026557684276597243,-0.5638504204918845,24.85850882346164,0,0
2016-04-26,-0.0006335641741030503,0.025924120102494192,-0.5973487392242774,24.996867967706464,0,0
2016-04-27,-0.0005817694040709698,0.02534235069842322,-0.6244476902101855,25.127092114832198,0,0
2016-04-28,0.0025902722514786858,0.027932622949901908,-0.5949973947922658,24.71930026582607,0,0
2016-04-29,0.0020636098512752886,0.029996232801177195,-0.5313291128992895,24.39929579514465,0,0
2016-05-02,-0.005192986633782224,0.02480324616739497,-0.6245534739453875,25.321623365880807,0,0
2016-05-03,0.008837013819977141,0.03364025998737211,-0.49140541732999243,23.83675200692096,0,0
2016-05-04,0.000843330205742811,0.03448359019311492,-0.42246132711095447,23.72507246227011,0,0
2016-05-05,0.009014861149227515,0.04349845134234244,-0.30954329938215996,22.212393966185264,0,0
2016-05-06,-0.0022759207050366496,0.04122253063730579,-0.277188579702118,22.63131230673495,0,0
2016-05-09,0.0026030726040940535,0.04382560324139984,-0.21413309488907298,22.21861927917133,0,0
2016-05-10,0.0023700848607677363,0.04619568810216758,-0.25288568574351716,21.843850814043254,0,0
2016-05-11,0.0004350896180131687,0.04663077772018075,-0.18048250819579448,21.80082511270833,0,0
2016-05-12,0.005262490998620843,0.05189326871880159,-0.17877790781754185,20.92004521240026,0,0
2016-05-13,0.0011804927047454235,0.053073761423547014,-0.1296034584268721,20.74709927098746,0,0
2016-05-16,0.003907388348046325,0.05698114977159334,-0.08198903101811925,20.09695084669955,0,0
2016-05-17,0.007634662002902378,0.06461581177449571,-0.015360836946654804,18.79197787198635,0,0
2016-05-18,0.001730602397890789,0.0663464141723865,0.05441623602088276,18.522285400868114,0,0
2016-05-19,-0.005581995141823072,0.06076441903056343,0.036691071236705806,19.532542549729616,0,0
2016-05-20,-0.0012500691540748613,0.05951434987648856,0.018107261215380116,19.783681282981217,0,0
2016-05-23,-0.0017087963860287357,0.05780555349045983,0.042172691489686207,20.116883322546286,0,0
2016-05-24,-0.0022453945087930987,0.05556015898166673,-0.020840285428272452,20.546749325182347,0,0
2016-05-25,-0.0014033607371708836,0.054156798244495846,-0.0007397397139085994,20.82862790019999,0,0
2016-05-26,-0.005174317912305023,0.048982480332190825,-0.03578261916068256,21.7869290749555,0,0
2016-05-27,-0.0043518019303031815,0.04463067840188764,-0.2949157264029281,22.598621753342478,0,0
2016-05-30,-0.0034622097989933432,0.0411684686028943,-0.37302351106585907,23.252333639633243,0,0
2016-05-31,0.0009970637323909318,0.04216553233528523,-0.4375286786602524,23.10466779514003,0,0
2016-06-01,0.001286304212581653,0.043451836547866884,-0.5046245602279671,22.903580529347366,0,0
2016-06-02,0.007345540390226797,0.050797376938093684,-0.40578561814637204,21.597185459019492,0,0
2016-06-03,-0.006197291033558457,0.04460008590453523,-0.5166286237190699,22.753283662051487,0,0
2016-06-06,0.00907037258251759,0.05367045848705282,-0.41312085151427036,21.142557838399977,0,0
2016-06-07,-0.001559702815565754,0.05211075567148706,-0.501829316443351,21.454328940314713,0,0
2016-06-08,-0.000804471929730063,0.051306283741757,-0.5471915325858606,21.631405208963344,0,0
2016-06-09,0.007841838331108669,0.05914812207286567,-0.48414206582764646,20.241310759264692,0,0
2016-06-10,-0.0015970091110218236,0.05755111296184384,-0.5051359720220416,20.561249143968553,0,0
2016-06-13,-0.002844793471231183,0.05470631949061266,-0.4893369843346867,21.10887689183429,0,0
2016-06-14,-0.004526343008185295,0.05017997648242736,-0.559870380527553,21.964766273928067,0,0
2016-06-15,-0.0024468516388413825,0.04773312484358598,-0.5692613846164181,22.442972731300593,0,0
2016-06-16,0.0035632815042382316,0.05129640634782421,-0.4221066775942239,21.822187879384465,0,0
2016-06-17,0.009607989646546182,0.06090439599437039,-0.3417641023142981,20.088181137426286,0,0
2016-06-20,-0.010738001292110033,0.05016639470226036,-0.4029253587595645,22.070323203557344,0,0
2016-06-21,0.0032448424256831146,0.05341123712794347,-0.335133943069383,21.522298498367885,0,0
2016-06-22,-0.0014137641414970544,0.051997472986446414,-0.3395804384182007,21.80799465488174,0,0
2016-06-23,-0.00789168379490162,0.04410578919154479,-0.5012447382861276,23.263764834978762,0,0
2016-06-24,-0.0015459421858690218,0.04255984700567577,-0.5141437560455817,23.573051100293533,0,0
2016-06-27,-0.003078952571899573,0.0394808944337762,-0.5768666522221757,24.160246125172925,0,0
2016-06-28,-0.016967526489641165,0.022513367944135033,-0.8767791555027059,27.264007386074454,0,0
2016-06-29,0.0005162039810126201,0.023029571925147655,-0.8857536133067451,27.20678739171135,0,0
2016-06-30,-0.006525702257592311,0.016503869667555345,-0.9283216121163542,28.373288695208622,0,0
2016-07-01,0.004253068669047621,0.020756938336602967,-0.8251207360674864,27.66711874425611,0,0
2016-07-04,0.0031110277976931526,0.02386796613429612,-0.6839125762504313,27.157749062917425,0,0
2016-07-05,-0.0008236270450773353,0.023044339089218786,-0.6565555407499927,27.333670732814028,0,0
2016-07-06,-0.003444202165785208,0.019600136923433577,-0.7166477980371896,27.97089920787946,0,0
2016-07-07,0.0007750199174579768,0.020375156840891553,-0.6988032834245611,27.866222655421346,0,0
2016-07-08,0.00027209571405532266,0.020647252554946875,-0.6554754390801506,27.849971177558377,0,0
2016-07-11,0.009554784234424468,0.03020203678937134,-0.5958111582427784,26.177486355388528,0,0
2016-07-12,-0.0008092071147263002,0.02939282967464504,-0.60081728814756,26.352297297840018,0,0
2016-07-13,0.006128742579075011,0.03552157225372005,-0.5872154508150353,25.29662369333278,0,0
2016-07-14,-0.00036469779311541474,0.035156874460604635,-0.55873089245669,25.393288780526056,0,0
2016-07-15,0.003077507977956308,0.03823438243856094,-0.5200784976483821,24.876551164458615,0,0
2016-07-18,0.0010007734540792659,0.039235155892640206,-0.4629511508383485,24.729393081725505,0,0
2016-07-19,0.0038250326360128703,0.04306018852865308,-0.4139085349730373,24.07277263701867,0,0
2016-07-20,0.0007813330420486397,0.043841521570701716,-0.4213056351212346,23.963689936389287,0,0
2016-07-21,-0.0003857341410798098,0.0434557874296219,-0.3818150740663616,24.065749842857034,0,0
2016-07-22,4.9690823286744625e-06,0.043460756511950575,-0.37895300642298513,24.09685145819366,0,0
2016-07-25,0.0025661995062533105,0.046026956018203884,-0.33120371241763463,23.657428180677126,0,0
2016-07-26,0.001977702175176329,0.04800465819338021,-0.34257514012051865,23.324483058717316,0,0
2016-07-27,-0.0023182800380606734,0.04568637815531954,-0.3951958772076877,23.78644066436605,0,0
2016-07-28,0.0034195733052345533,0.0491059514605541,-0.34451819205235196,23.18126566130274,0,0
2016-07-29,-0.00823683916282221,0.04086911229773189,-0.45150084928432666,24.75334421693046,0,0
2016-08-01,0.003343701372553911,0.044212813670285796,-0.4171404953438413,24.16503835546911,0,0
2016-08-02,0.003869689664198874,0.04808250333448467,-0.3931946971029365,23.47660252107172,0,0
2016-08-03,0.004757210563344062,0.05283971389782873,-0.36435083006600893,22.620474644892266,0,0
2016-08-04,0.004815529630030542,0.05765524352785927,-0.14525222821456588,21.752366519751696,0,0
2016-08-05,0.012012453249955436,0.0696676967778147,0.008284914209012525,19.53656024932504,0,0
2016-08-08,9.887205251110274e-05,0.06976656883032581,0.018810641254036736,19.550484293757286,0,0
2016-08-09,-0.004191834821120989,0.06557473400920483,-0.029666899718319362,20.35368299605803,0,0
2016-08-10,0.004756833032716941,0.07033156704192177,0.06360450317988221,19.508513671984236,0,0
2016-08-11,-0.0007630526092792327,0.06956851443264253,-0.035221649701420055,19.681419449558252,0,0
2016-08-12,0.009073604502097914,0.07864211893474045,0.09223633441198498,18.028489422169844,0,0
2016-08-15,-0.0028556236016755365,0.07578649533306492,0.0538264222600159,18.585265435177757,0,0
2016-08-16,0.00242801321268249,0.07821450854574741,0.03814712790911887,18.16921968312868,0,0
2016-08-17,-0.0012421160088537954,0.07697239253689361,0.1056116612364606,18.431502985913284,0,0
2016-08-18,0.005362266992875183,0.0823346595297688,0.1601190887045449,17.463958419152583,0,0
2016-08-19,0.00434836699952745,0.08668302652929626,0.24306188998608783,16.685405804412422,0,0
2016-08-22,0.00391041453132322,0.09059344106061948,0.2134298219141101,15.987050089316623,0,0
2016-08-23,0.004428696693794995,0.09502213775441447,0.2838709295494295,15.18966725334065,0,0
2016-08-24,0.0005791987803652951,0.09560133653477976,0.213917052280231,15.113011039914262,0,0
2016-08-25,0.0016768672187408493,0.0972782037535206,0.2691276471433204,14.828616785094923,0,0
2016-08-26,0.001163830422021972,0.09844203417554258,0.2444627193080736,14.639882257367491,0,0
2016-08-29,0.008354959108492538,0.10679699328403512,0.2987682852610669,13.078477191579571,0,0
2016-08-30,0.00018612635494959494,0.10698311963898471,0.27827116777764876,13.075298996591544,0,0
2016-08-31,-0.00010374310443960719,0.1068793765345451,0.3526497673041023,13.127034450981274,0,0
2016-09-01,0.005716575092800656,0.11259595162734576,0.47672057454471056,12.065771070547681,0,0
2016-09-02,-0.002682491112625653,0.1099134605147201,0.4417320807562742,12.61022193732491,0,0
2016-09-05,0.002460552573499374,0.11237401308821948,0.38861713257928154,12.170183547978784,0,0
2016-09-06,0.0011105394225617738,0.11348455251078125,0.3815368368969734,11.988182693913927,0,0
2016-09-07,0.0037903784481836387,0.11727493095896489,0.36880246799643546,11.285718863282362,0,0
2016-09-08,-0.005523140760240065,0.11175179019872483,0.25656376607736303,12.390805685840473,0,0
2016-09-09,-0.0027631646685305554,0.10898862553019428,0.11696961249933421,12.95919698792278,0,0
2016-09-12,0.015217446238826354,0.12420607176902064,0.30518489521370795,10.025055960954743,0,0
2016-09-13,0.0016949794623750945,0.12590105123139572,0.3495128693543362,9.740554334073991,0,0
2016-09-14,-0.002698223992206029,0.1232028272391897,0.4098905034594623,10.279038681819591,0,0
2016-09-15,0.005626982003103877,0.12882980924229356,0.43262696342421375,9.250285862969768,0,0
2016-09-16,0.0024917306816478655,0.13132153992394144,0.5088191877766557,8.812907647890183,0,0
2016-09-19,-0.0003002432663209569,0.1310212966576205,0.5285339813766228,8.901731084435838,0,0
2016-09-20,-0.007424314886459477,0.12359698177116102,0.3915341695232613,10.346735121073674,0,0
2016-09-21,0.0021792598926423023,0.12577624166380333,0.418801277944246,9.96634138041025,0,0
2016-09-22,0.002532817082947404,0.12830905874675072,0.5215621167284151,9.5167395340409,0,0
2016-09-23,0.01010388991310422,0.13841294865985493,0.6585705731452114,7.618979560400164,0,0
2016-09-26,0.004833585414476319,0.14324653407433124,0.68746539320509,6.741921143759548,0,0
2016-09-27,-0.0007344956693482446,0.142512038404983,0.6612232518073462,6.912207203531072,0,0
2016-09-28,0.0005512564181420316,0.14306329482312502,0.6525278217710064,6.8398467775927525,0,0
2016-09-29,0.004369049752518801,0.14743234457564383,0.659493046773352,6.0399224413587795,0,0
2016-09-30,-0.003441537717098313,0.1439908068585455,0.5722794978033341,6.728414626432786,0,0
2016-10-03,0.0025693501598665876,0.1465601570184121,0.6085864084200444,6.268703558553217,0,0
2016-10-04,0.011432945400416408,0.15799310241882852,0.6024877412041517,4.1030941118483,0,0
2016-10-05,0.0031922514201132264,0.16118535383894175,0.6502188265062142,3.5345605067727996,0,0
2016-10-06,0.005943371531661207,0.16712872537060297,0.6683990139695408,2.4443438277013634,0,0
2016-10-07,0.0048018296868844595,0.17193055505748744,0.6434387623383524,1.5710204416122378,0,0
2016-10-10,-0.001841981853919335,0.1700885732035681,0.7232626180390577,1.9506755526408883,0,0
2016-10-11,0.002551630050251551,0.17264020325381965,0.8287081925060551,1.4986536144988507,0,0
2016-10-12,0.003630712388985281,0.17627091564280492,0.894205893328828,0.8388864851064942,0,0
2016-10-13,0.000526865326240099,0.17679778096904503,0.8488303712128444,0.7702076495478936,0,0
2016-10-14,0.005303678779542248,0.18210145974858727,0.9429279600239089,0.0,0,0
2016-10-17,0.0013174878332600723,0.18341894758184735,0.9393182183454568,0.0,0,0
2016-10-18,0.001200185530992908,0.18461913311284026,0.9320574265537426,0.0,0,0
2016-10-19,-0.00045564589622742015,0.18416348721661283,0.9094643735914199,0.1205230382820948,0,0
2016-10-20,0.007226727154774619,0.19139021437138745,1.0045551657321228,0.0,0,0
2016-10-21,0.0021891244829446693,0.19357933885433212,1.0160422615302047,0.0,0,0
2016-10-24,-0.0044454201158305295,0.1891339187385016,0.9987498683774453,0.8997178401073682,0,0
2016-10-25,-0.0008274629632720847,0.18830645577522953,1.0014110086051853,1.0934705465961392,0,0
2016-10-26,-0.0019555735784524816,0.18635088219677706,0.8929658053330748,1.5098900376433306,0,0
2016-10-27,-0.0037362274538601838,0.18261465474291688,0.8139266674043512,2.279956738382714,0,0
2016-10-28,0.004226432013878652,0.18684108675679553,0.8879151320197173,1.4748815364193362,0,0
2016-10-31,0.0034219194176077408,0.19026300617440328,0.9459897667009085,0.8279796559082561,0,0
2016-11-01,-0.00023949028735136034,0.1900235158870519,0.9291745562843661,0.9076516988959074,0,0
2016-11-02,0.005936308746233796,0.1959598246332857,0.8895343723973206,0.0,0,0
2016-11-03,0.002225285836188828,0.19818511046947454,1.0671738923683103,0.0,0,0
2016-11-04,0.0007692870694237084,0.19895439753889824,1.0443367599749147,0.0,0,0
2016-11-07,0.0025998941251671004,0.20155429166406533,1.0552459490110437,0.0,0,0
2016-11-08,-0.004581612412501359,0.19697267925156398,0.9984980076352096,0.9602546760552946,0,0
2016-11-09,0.002662812377626043,0.19963549162919003,0.9902262214937545,0.45234264908328303,0,0
2016-11-10,-0.0008910979116245139,0.19874439371756553,1.0223765158917313,0.6657737115445669,0,0
2016-11-11,0.003981879135874553,0.20272627285344008,1.0771576780983096,0.0,0,0
2016-11-14,0.00014412181811134482,0.20287039467155144,1.0687714508468844,0.0024456004826104855,0,0
2016-11-15,0.0018065486094593498,0.2046769432810108,1.134985295720302,0.0,0,0
2016-11-16,0.0004046728686130119,0.2050816161496238,1.0772786462844548,0.0,0,0
2016-11-17,0.005597554234356666,0.21067917038398049,1.2076351748850933,0.0,0,0
2016-11-18,0.00520176065059208,0.21588093103457257,1.2640357215658249,0.0,0,0
2016-11-21,-0.0023857967404864364,0.21349513429408612,1.1855805921744307,0.528014461136341,0,0
2016-11-22,0.01191836844263362,0.22541350273671973,1.326614174907972,0.0,0,0
2016-11-23,-0.0032478108012061967,0.22216569193551353,1.289588042984957,0.6908055995619768,0,0
2016-11-24,0.0010943908716171975,0.22326008280713072,1.2921954111198117,0.5000999523448737,0,0
2016-11-25,0.0008310696429949449,0.22409115245012567,1.2715682576087814,0.362050950637803,0,0
2016-11-28,0.003220631623295969,0.22731178407342165,1.2348948760928784,0.0,0,0
2016-11-29,0.003575487486669858,0.2308872715600915,1.1690686207179062,0.0,0,0
2016-11-30,-0.0009056489435386426,0.22998162261655286,1.1149115245657115,0.2194642748518129,0,0
2016-12-01,0.003446737048428053,0.2334283596649809,1.1973818880485816,0.0,0,0
2016-12-02,0.0025438350206911688,0.23597219468567207,1.1430549634389229,0.0,0,0
2016-12-05,-0.008811124359433702,0.22716107032623836,1.0355196711602828,1.8787283289209153,0,0
2016-12-06,0.003606001045669726,0.23076707137190808,0.9688305966958763,1.1652073314052365,0,0
2016-12-07,0.0028064519988403036,0.23357352337074838,1.0068134291789883,0.6155049578018161,0,0
2016-12-08,0.005199932084584507,0.23877345545533288,1.090752538549416,0.0,0,0
2016-12-09,0.000413925506159931,0.2391873809614928,1.0693269628978448,0.0,0,0
2016-12-12,-0.018672627437611278,0.22051475352388153,0.8128799955493577,3.9357126216522627,0,0
2016-12-13,-0.004882117943522468,0.21563263558035906,0.8427408675939149,4.9139318743020235,0,0
2016-12-14,-0.004539251023710566,0.2110933845566485,0.8160214126393638,5.826229015442812,0,0
2016-12-15,0.009258758300599806,0.2203521428572483,0.9512786536862983,4.060380047037286,0,0
2016-12-16,-0.0013581583399764228,0.21899398451727187,0.9843830876211049,4.352798031732798,0,0
2016-12-19,-0.0002945733224160898,0.21869941119485578,0.9169508850930476,4.441592581988154,0,0
2016-12-20,-0.001138216999621171,0.21756119419523462,0.8889070556804788,4.6942844863454125,0,0
2016-12-21,-0.0015692108997232199,0.2159919832955114,1.0623836867959158,5.032215379582772,0,0
2016-12-22,-0.005807687653210021,0.21018429564230137,1.0353327000901988,6.202388372006931,0,0
2016-12-23,-0.003261686268747056,0.2069226093735543,1.0161085025903924,6.872526069090882,0,0
2016-12-26,0.002120248682877113,0.2090428580564314,1.1262771196227717,6.488302479388249,0,0
2016-12-27,0.0014385044850039887,0.2104813625414354,1.1763389600780378,6.236563822930158,0,0
2016-12-28,0.005230086340132643,0.21571144888156804,1.1654055783556472,5.2314368454263676,0,0
2016-12-29,0.004639902874596941,0.220351351756165,1.251714160684853,4.343743878516528,0,0
2016-12-30,-0.001094250416937302,0.21925710133922768,1.3260274132771617,4.592843118539355,0,0
2017-01-02,-0.00024431862679820393,0.21901278271242947,1.182172084732882,4.673590531402309,0,0
2017-01-03,0.0007745485576798819,0.21978733127010935,1.2356031033873158,4.550195075093276,0,0
2017-01-04,0.0022721002954666073,0.22205943156557595,1.2853438290873413,4.123755761002591,0,0
2017-01-05,0.0011795145453725967,0.22323894611094855,1.31355149357934,3.9166838388158514,0,0
2017-01-06,0.019302342027841323,0.24254128813878986,1.5000617633595605,0.014855363533660793,0,0
2017-01-09,0.005311055934605855,0.2478523440733957,1.5319031313009643,0.0,0,0
2017-01-10,-0.0015302137975012542,0.24632213027589445,1.5080118624511774,0.32077742708889756,0,0
2017-01-11,-0.005813359169604733,0.2405087711062897,1.4543187805699624,1.455652544231093,0,0
2017-01-12,0.0024357041487693526,0.24294447525505905,1.6340176540027098,1.0261516328541844,0,0
2017-01-13,0.0041344825492332215,0.24707895780429226,1.6031342035502538,0.2712061980586463,0,0
2017-01-16,-0.003615624142544324,0.24346333366174794,1.5753993558588093,0.9929205117618944,0,0
2017-01-17,-0.00709402620521534,0.2363693074565326,1.373883708756661,2.3822570720269773,0,0
2017-01-18,-0.0012920238601154051,0.2350772835964172,1.3855713129575347,2.6602869216708647,0,0
2017-01-19,0.005824731767259721,0.24090201536367692,1.50960779911832,1.5771472835500913,0,0
2017-01-20,-0.004084726611358777,0.23681728875231814,1.4590665578839264,2.3900886289914984,0,0
2017-01-23,-0.001649555212659347,0.23516773353965878,1.3922173762330436,2.7381745014966112,0,0
2017-01-24,-0.0016700581815626424,0.23349767535809612,1.4110232274543377,3.0918561365728667,0,0
2017-01-25,0.006086080203518977,0.2395837555616151,1.6441185423825369,1.945533677755594,0,0
2017-01-26,0.00036226580607818463,0.23994602136769327,1.6091689066208155,1.9075602306172834,0,0
2017-01-27,0.0010313325284569603,0.24097735389615024,1.6057794433281671,1.7391877358381465,0,0
2017-01-30,-0.0019214092099692265,0.23905594468618102,1.5959814056566073,2.14659027326227,0,0
2017-01-31,-0.003366044976903371,0.23568989970927764,1.3635162239881655,2.8395058030629126,0,0
2017-02-01,-0.002398606263282641,0.233291293445995,1.3433281703892352,3.3440002365784722,0,0
2017-02-02,-0.001547801364565211,0.2317434920814298,1.331706527943403,3.6822696320394437,0,0
2017-02-03,-0.0012242787641524458,0.23051921331727734,1.5463889375212025,3.957794948106759,0,0
2017-02-06,-0.0051371162534400916,0.22538209706383724,1.4525750663948829,5.0171715268033745,0,0
2017-02-07,0.002028954155787365,0.2274110512196246,1.5455179329001227,4.643541224019737,0,0
2017-02-08,0.002945889835393075,0.23035694105501767,1.623176427952673,4.083745831004603,0,0
2017-02-09,0.00684131032881924,0.2371982513838369,1.9026396374955457,2.736235597389106,0,0
2017-02-10,0.0054236029216635775,0.24262185430550048,2.100658591445274,1.6802279578289079,0,0
2017-02-13,-0.0012078708614429072,0.24141398344405757,2.245809233953969,1.9542901113138051,0,0
2017-02-14,-0.001967129552338921,0.23944685389171866,2.1573415453923417,2.382653666821016,0,0
2017-02-15,0.0017992472257042965,0.24124610111742295,2.174923793342414,2.050367173329901,0,0
2017-02-16,-0.0005681984933755457,0.2406779026240474,2.0699258236269364,2.1979975448536164,0,0
2017-02-17,0.0022644500908002127,0.2429423527148476,2.1690925345399323,1.7665867125633032,0,0
2017-02-20,0.0009286657932103168,0.24387101850805792,2.3380938851354442,1.6076814330438034,0,0
2017-02-21,-0.0016355439032620996,0.24223547460479583,2.4124492750590303,1.9778008819247224,0,0
2017-02-22,-0.002670216495707439,0.23956525810908838,2.561513324616765,2.564643904422862,0,0
2017-02-23,-0.007688343229357134,0.23187691487973125,2.5163730418141586,4.20057218452073,0,0
2017-02-24,0.0018015631483885325,0.23367847802811978,2.757032011221243,3.860093661649886,0,0
2017-02-27,0.001531800775545804,0.23521027880366557,2.876570058478788,3.5738124596081877,0,0
2017-02-28,-5.213699321591483e-05,0.23515814181044967,2.9210517029116727,3.6167114916570875,0,0
2017-03-01,0.007596622956790762,0.24275476476724042,3.0106895486912157,2.0528295882974685,0,0
2017-03-02,0.005699482498579275,0.2484542472658197,3.0633571310557146,0.8979941886747329,0,0
2017-03-03,0.006973433621441092,0.25542768088726076,3.1544323605419864,0.0,0,0
2017-03-06,0.0020258300755226,0.25745351096278335,3.1765076085034636,0.0,0,0
2017-03-07,-0.0006034383743457476,0.2568500725884376,3.0599349601664474,0.15718457551433762,0,0
2017-03-08,-0.0016724121919090913,0.2551776603965285,2.9694808423380494,0.5380916397538932,0,0
2017-03-09,-0.002051224085494795,0.2531264363110337,3.154447270868516,1.0002011434496474,0,0
2017-03-10,0.008535589281330167,0.2616620255923639,3.1654041885434347,0.0,0,0
2017-03-13,-0.013518675660532907,0.248143349931831,3.0743091620285075,2.8441226096524987,0,0
2017-03-14,-0.002983313961980453,0.24516003596985053,3.0095445904622404,3.4734662086640915,0,0
2017-03-15,0.0016643327105831138,0.24682436868043364,3.065632628882824,3.1709964181096697,0,0
2017-03-16,0.0018137018475114573,0.2486380705279451,3.120897068946161,2.8366346254970023,0,0
2017-03-17,0.008278075422106295,0.2569161459500514,3.3305422859745875,1.1880809850650573,0,0
2017-03-20,0.006711965056607497,0.2636281110066589,3.3743442959505745,0.0,0,0
2017-03-21,-0.0021291802432043382,0.26149893076345454,3.373805672538024,0.45780615215789355,0,0
2017-03-22,-0.0011968936604731697,0.2603020371029814,3.498659484021052,0.7303055151092421,0,0
2017-03-23,0.001999073519136368,0.26230111062211775,3.526848424907911,0.358452554384779,0,0
2017-03-24,-0.012780371743686007,0.24952073887843174,3.280184577456044,2.9849120087309684,0,0
2017-03-27,0.0026778814699426412,0.25219862034837437,3.33704868717377,2.490359100489983,0,0
2017-03-28,-0.008811565000081501,0.24338705534829286,3.199369491226601,4.262256930122802,0,0
2017-03-29,0.0023614411739769367,0.2457484965222698,3.1751342959528457,3.8333230430672343,0,0
2017-03-30,-0.0004873879104339185,0.24526110861183587,3.103576108932363,3.9609014968731473,0,0
2017-03-31,-0.004787910669597667,0.2404731979422382,2.9503393199684376,4.93713448951721,0,0
2017-04-03,0.005128841110325517,0.24560203905256373,3.0682971916470367,3.957054547564796,0,0
2017-04-04,0.005926540306629146,0.25152857935919287,3.0703862555769943,2.819725638188599,0,0
2017-04-05,-0.003736672301185421,0.24779190705800744,3.002092079642559,3.5874498052377413,0,0
2017-04-06,0.011081552661530866,0.2588734597195383,3.0341054900185678,1.4318367806961616,0,0
2017-04-07,0.0029585824626264324,0.2618320421821647,3.1322132530532576,0.8920872283012525,0,0
2017-04-10,0.006114415467993989,0.2679464576501587,3.2123145272241924,0.0,0,0
2017-04-11,-0.0005743939816907657,0.2673720636684679,3.1101880484255635,0.14318527011627286,0,0
2017-04-12,0.00951360524413765,0.2768856689126055,3.2416617196095188,0.0,0,0
2017-04-13,-0.0010354904009595325,0.275850178511646,3.2360584260257435,0.2308236865109629,0,0
2017-04-14,0.005047376756775485,0.2808975552684215,3.3051110409807842,0.0,0,0
2017-04-17,-0.0025031220258818574,0.2783944332425396,3.2365906761690084,0.5154223865705905,0,0
2017-04-18,0.0014543048576614915,0.2798487381002011,3.2289686993015287,0.2653260343188936,0,0
2017-04-19,0.0008662434369478508,0.28071498153714897,3.3179257162957416,0.12840631953082932,0,0
2017-04-20,-0.001312782947876149,0.27940219858927284,3.2014804591477946,0.41786596025377964,0,0
2017-04-21,-0.00035467244028507863,0.27904752614898776,3.1854026185028244,0.5198061474348206,0,0
2017-04-24,-0.0012226145992847003,0.27782491154970307,3.0677976025522655,0.7942685637585268,0,0
2017-04-25,-0.006378500515749768,0.2714464110339533,3.0030230512102207,2.0980731752108377,0,0
2017-04-26,-0.0014127265849784327,0.27003368444897485,2.9500155865519595,2.410769305106908,0,0
2017-04-27,-1.4489603601598841e-05,0.27001919484537323,2.919255258053749,2.4456727377246845,0,0
2017-04-28,-0.006637765698890498,0.2633814291464827,2.813580483014687,3.811216935132596,0,0
2017-05-01,0.0015489527493564286,0.2649303818958391,2.76980426982296,3.5334214183911925,0,0
2017-05-02,0.0022596493254009925,0.26719003122124013,2.783391940323237,3.111115214886342,0,0
2017-05-03,0.0021361006519738557,0.26932613187321397,2.762165503443687,2.711678308924359,0,0
2017-05-04,-0.0018805552153853457,0.26744557665782864,2.647158027969864,3.1253068645577584,0,0
2017-05-05,0.0003787611848386338,0.2678243378426673,2.629667856502553,3.080074497151723,0,0
2017-05-08,-0.0005499002749569752,0.2672744375677103,2.704345388461337,3.224871793820894,0,0
2017-05-09,-0.0038915490575209895,0.2633828885101893,2.665669570312303,4.059627202462515,0,0
2017-05-10,0.0010829262036438521,0.2644658147138332,2.7036278648049215,3.8677935155517895,0,0
2017-05-11,0.0005756270246179383,0.2650414417384511,2.742733691107005,3.7801650929902677,0,0
2017-05-12,-0.0020100615067356383,0.26303138023171546,2.73406892013156,4.2323283015804884,0,0
2017-05-15,0.0034671865679569806,0.26649856679967243,2.8543738889192443,3.53615543920956,0,0
2017-05-16,0.0016304314068114197,0.26812899820648384,2.9396544917767944,3.2248122411666693,0,0
2017-05-17,-0.00019218519791774306,0.2679368130085661,2.9872659909036243,3.2975003279240047,0,0
2017-05-18,-0.0023059056085929864,0.2656309073999731,2.9411472811744037,3.820411596394251,0,0
2017-05-19,-0.0021359897076099962,0.2634949176923631,2.8938669938933606,4.309144856292594,0,0
2017-05-22,-0.004445132165352595,0.2590497855270105,2.7421631577181285,5.295975813122874,0,0
2017-05-23,-3.075081997048774e-05,0.25901903470704,2.8353689650799887,5.334593712804364,0,0
2017-05-24,0.004822921784091905,0.2638419564911319,2.7918891402802206,4.324101418043612,0,0
2017-05-25,0.0006059308021855259,0.2644478872933174,2.8220758563049304,4.22520055498032,0,0
2017-05-26,0.0012241910025729964,0.2656720782958904,2.8496882089444844,3.991220210089806,0,0
2017-05-29,-0.002565362908326998,0.2631067153875634,2.7204013603074433,4.583624583969683,0,0
2017-05-30,0.0006536162132119148,0.26376033160077533,2.751836987867874,4.472287654524662,0,0
2017-05-31,0.0024230158091858873,0.26618334740996125,2.8248917278077244,3.9698848682619934,0,0
2017-06-01,-0.0008648424341886971,0.26531850497577253,2.8804753129046685,4.193428198881102,0,0
2017-06-02,0.007352559797645332,0.27267106477341785,3.003356196272943,2.5880036393273596,0,0
2017-06-05,0.003873681268341149,0.276544746041759,3.0070305536722257,1.765544671399057,0,0
2017-06-06,-0.004174606088900036,0.27237013995285897,2.8359528834695364,2.719831561483882,0,0
2017-06-07,-0.004475617041736599,0.26789452291112237,2.948158766791978,3.7414689900688356,0,0
2017-06-08,0.004297674904251626,0.272192197815374,2.960754790147898,2.823083122251269,0,0
2017-06-09,0.005379646463400159,0.2775718442787742,3.0485156566054052,1.6647666722698817,0,0
2017-06-12,0.0026094755548330324,0.2801813198336072,3.212424388447864,1.120768537198106,0,0
2017-06-13,-0.011113688993205785,0.2690676308404014,3.0434001876773387,3.615447038159486,0,0
2017-06-14,0.005249459334495765,0.2743170901748972,3.154496598956295,2.5166609733962844,0,0
2017-06-15,-0.007298536016139843,0.26701855415875736,3.3620202616164954,4.118350337273184,0,0
2017-06-16,-0.0004547864554067672,0.2665637677033506,3.3480925768643526,4.247357408431673,0,0
2017-06-19,-0.0028923053873639625,0.26367146231598665,3.4113830843832815,4.899783477075587,0,0
2017-06-20,-0.004724329097843236,0.2589471332181434,3.280759792830491,5.9487884355019105,0,0
2017-06-21,-0.0028075636940872945,0.2561395695240561,3.1964344483430924,6.5850566508935815,0,0
2017-06-22,0.004789533729671077,0.26092910325372715,3.27003237068771,5.5824574540187815,0,0
2017-06-23,0.002533886151440846,0.263462989405168,3.3575647996170295,5.067331902861914,0,0
2017-06-26,-0.002934104372411783,0.26052888503275623,3.3017643600532844,5.735458639846879,0,0
2017-06-27,0.0028190943798083465,0.2633479794125646,3.3358384097579243,5.154184169388603,0,0
2017-06-28,0.004533731143880896,0.2678817105564455,3.2858658832750627,4.196343768131415,0,0
2017-06-29,0.002151809882170491,0.270033520438616,3.327324290698372,3.758493784154203,0,0
2017-06-30,0.0001449781575389884,0.270178498596155,3.2527609356655107,3.758703621524887,0,0
2017-07-03,0.005526266469390654,0.27570476506554564,3.3282551780194853,2.5715717595743985,0,0
2017-07-04,0.002907898738128746,0.2786126638036744,3.3261286012700935,1.9638581037867788,0,0
2017-07-05,-0.003262447814388304,0.2753502159892861,3.2616151868050527,2.7160366619662835,0,0
2017-07-06,0.0007388851254988209,0.2760891011147849,3.221548448010358,2.5844878476799322,0,0
2017-07-07,0.002426735868280795,0.2785158369830657,3.2436060882412727,2.076292111075965,0,0
2017-07-10,-0.006715907733362243,0.2717999292497035,3.1391902089285124,3.609417497078484,0,0
2017-07-11,0.001765756264478076,0.27356568551418153,3.1634223931604963,3.2495616196046724,0,0
2017-07-12,0.0011943626567990212,0.27476004817098054,3.145353801344103,3.015214201138742,0,0
2017-07-13,-0.0061538186310257,0.26860622953995483,3.019732226854996,4.4269773926786895,0,0
2017-07-14,0.002784972191833493,0.2713912017317883,3.091517337614397,3.8377809198100286,0,0
2017-07-17,0.0005995491292820844,0.2719907508610704,3.0547008134927682,3.7355827488858404,0,0
2017-07-18,0.004626180434957993,0.2766169312960284,3.2524001835181533,2.726144504836759,0,0
2017-07-19,0.0003350082683562922,0.2769519395643847,3.2125661663025373,2.682773159391028,0,0
2017-07-20,-0.0013577891061640802,0.2755941504582206,3.1414823777493397,3.0220596463622496,0,0
2017-07-21,0.015261862180648228,0.29085601263886884,3.2283087545296523,0.0,0,0
2017-07-24,-0.0015529523650632498,0.2893030602738056,3.1445082634109975,0.36479903310898854,0,0
2017-07-25,-0.00546825511215073,0.2838348051616549,2.929835497263657,1.5746582516123278,0,0
2017-07-26,0.0005457601786156576,0.28438056534027056,2.93607875185233,1.4893725674516025,0,0
2017-07-27,-0.0015526363197197759,0.28282792902055076,2.9776749793550064,1.8569809853484451,0,0
2017-07-28,-0.004962355204960558,0.2778655738155902,2.839565494749723,2.967101554760208,0,0
2017-07-31,-0.009624100993726032,0.26824147282186417,2.6916683843427327,5.088077193117954,0,0
2017-08-01,0.0031766199293002976,0.27141809275116446,2.6270274156055216,4.443528791368104,0,0
2017-08-02,0.0038761331169684726,0.27529422586813296,2.7196751053724983,3.647414815763462,0,0
2017-08-03,-0.006870228442579821,0.2684239974255531,2.579609821334783,5.149881793443221,0,0
2017-08-04,-0.0037457534621649115,0.2646782439633882,2.5418616791901223,5.978308759126555,0,0
2017-08-07,0.003110336730568074,0.2677885806939563,2.5150000629986256,5.347608433663592,0,0
2017-08-08,-0.0016873390249232418,0.26610124166903304,2.434787807044817,5.740297147239002,0,0
2017-08-09,0.004925147665836661,0.2710263893348697,2.4468652406999034,4.714225273608226,0,0
2017-08-10,0.0046206794907481885,0.2756470688256179,2.449139453399671,3.7542437762482956,0,0
2017-08-11,-0.0020775682050359194,0.273569500620582,2.4113958113248186,4.232316662594663,0,0
2017-08-14,-0.0017980224399739087,0.2717714781806081,2.3631671171603013,4.652158021722922,0,0
2017-08-15,0.0013316918993932791,0.2731031700800014,2.36540005192655,4.395510405557328,0,0
2017-08-16,0.0025060556001124776,0.27560922568011387,2.2979261115347076,3.8814258300823514,0,0
2017-08-17,0.0047991742733641905,0.28040839995347805,2.3570692285628736,2.863407966192951,0,0
2017-08-18,0.002564335239989125,0.28297273519346716,2.392698846321795,2.334688029025656,0,0
2017-08-21,0.0045679567857910145,0.2875406919792582,2.379336054786247,1.363890982618435,0,0
2017-08-22,0.0013347679416854028,0.2888754599209436,2.4364654240735653,1.1028872612613287,0,0
2017-08-23,-0.0015238282123321485,0.28735163170861144,2.3818089614969584,1.4711827299379996,0,0
2017-08-24,0.0009238818327282701,0.28827551354133973,2.379294761956963,1.2982584487490987,0,0
2017-08-25,-0.006393777106495013,0.2818817364348447,2.2323608469256726,2.756389631645378,0,0
2017-08-28,0.0041029758724740245,0.28598471230731876,2.368712501915835,1.8786221355968824,0,0
2017-08-29,0.008653393464857467,0.2946381057721762,2.512122976204655,0.0,0,0
2017-08-30,0.007004643472147552,0.30164274924432377,2.439410129015291,0.0,0,0
2017-08-31,-0.0077995035618247405,0.29384324568249903,2.2935474227275923,1.724005739368824,0,0
2017-09-01,0.0003515440116722981,0.29419478969417134,2.3376530193717513,1.6805552744340249,0,0
2017-09-04,0.00017573089427226998,0.2943705205884436,2.2682961357212372,1.6746262160460377,0,0
2017-09-05,0.0018234786493075156,0.29619399923775114,2.259565380646469,1.3106901889155702,0,0
2017-09-06,0.0012330782618074393,0.2974270774995586,2.280704824012549,1.0736460126379916,0,0
2017-09-07,0.005775910872941772,0.30320298837250037,2.4708963673465343,0.0,0,0
2017-09-08,-0.0021730739040153138,0.30102991446848504,2.4096289370101713,0.5070638588732795,0,0
2017-09-11,0.0009567892630043364,0.3019867037314894,2.388708695580109,0.32897345426133917,0,0
2017-09-12,0.003198919406022345,0.30518562313751174,2.3118561862845093,0.0,0,0
2017-09-13,0.010806398611888396,0.3159920217494001,2.3752500133913297,0.0,0,0
2017-09-14,-0.001773212279931084,0.314218809469469,2.360069945641581,0.4144294707503142,0,0
2017-09-15,0.0004741367907505883,0.3146929462602196,2.3590041620585,0.34367878237694016,0,0
2017-09-18,0.0015910813937190795,0.3162840276539387,2.323633678871082,0.028875782578034248,0,0
2017-09-19,-0.007838694978432833,0.3084453326755059,2.251340055126981,1.7782044022741732,0,0
2017-09-20,-0.0008560589830549796,0.3075892736924509,2.2047455247923096,1.9956961739849648,0,0
2017-09-21,0.004101325041153829,0.3116905987336048,2.1253312842157213,1.1341008712033684,0,0
2017-09-22,-0.0019537084553828015,0.309736890278222,2.0542124332221734,1.5922812009466982,0,0
2017-09-25,0.0032330524903367184,0.3129699427685587,2.020931593566927,0.9157121734619925,0,0
2017-09-26,-0.006369533364962873,0.30660040940359584,1.860786525727522,2.34772166724586,0,0
2017-09-27,-0.0015051408278687775,0.30509526857572705,1.8657058089191254,2.7087463886683834,0,0
2017-09-28,0.005644437614122471,0.31073970618984953,1.9044504386179528,1.5005447654232575,0,0
2017-09-29,0.0014031386993151713,0.3121428448891647,1.8752995946811992,1.2252010099662485,0,0
2017-10-02,-0.003863839228832578,0.3082790056603321,1.811370811383285,2.1080077804699338,0,0
2017-10-03,0.00045202646176208464,0.3087310321220942,1.748344081793523,2.040324869265322,0,0
2017-10-04,0.011862724180899323,0.3205937563029935,1.8712566336978302,0.0,0,0
2017-10-05,-0.003339491717631556,0.317254264585362,1.8068808521557727,0.7487589747477257,0,0
2017-10-06,0.0010030863292268006,0.3182573509145888,1.8268794471480858,0.564873623082155,0,0
2017-10-09,0.0021396124027251735,0.320396963317314,1.764519718317554,0.13383109418980338,0,0
2017-10-10,-0.006030798354165416,0.31436616496314856,1.6459846661552788,1.4769453461427542,0,0
2017-10-11,-0.0014292825348914777,0.31293688242825707,1.690329638933078,1.8184076704377128,0,0
2017-10-12,0.001529677981056458,0.31446656040931353,1.722622239550491,1.517493834970586,0,0
2017-10-13,0.004026131548549042,0.31849269195786256,1.803246962011203,0.6687362819173274,0,0
2017-10-16,-0.0001684464876993046,0.31832424547016325,1.8549976662851246,0.7376428331987331,0,0
2017-10-17,-0.00015479804569996556,0.3181694474244633,1.7973282262614083,0.8037559195296394,0,0
2017-10-18,0.002233981851738154,0.32040342927620147,1.7819862024391844,0.34074435557288724,0,0
2017-10-19,-0.0046166631415210015,0.3157867661346805,1.7179163081686906,1.4002094040017385,0,0
2017-10-20,-0.0049698785168411416,0.3108168876178393,1.5689571296054297,2.537930444586463,0,0
2017-10-23,0.0009806391951449125,0.3117975268129842,1.5523696968707184,2.3520428198590064,0,0
2017-10-24,0.003581227403469926,0.31537875421645417,1.5893577744500345,1.583918614186186,0,0
2017-10-25,-0.0015321838027849422,0.31384657041366926,1.5330435512003793,1.958964546777385,0,0
2017-10-26,0.0008862552071180337,0.3147328256207873,1.6114808372962957,1.7915392094230902,0,0
2017-10-27,0.002304264455098107,0.31703709007588543,1.6067919250944542,1.3021350325524081,0,0
2017-10-30,-0.00458756124981984,0.3124495288260656,1.552766712450722,2.3765947405871715,0,0
2017-10-31,0.009071514423633539,0.3215210432496991,1.6130116348844374,0.3482719306838562,0,0
2017-11-01,-0.0008854289399040959,0.320635614309795,1.598777353593809,0.577734670472763,0,0
2017-11-02,0.004871357823629722,0.3255069721334247,1.6377363363164044,0.0,0,0
2017-11-03,-0.0005346693271809739,0.32497230280624373,1.6248523021442873,0.15177290031577406,0,0
2017-11-06,0.0029475055486929726,0.3279198083549367,1.5918855393652216,0.0,0,0
2017-11-07,0.0011937048726470235,0.32911351322758375,1.5405872594870542,0.0,0,0
2017-11-08,0.002761592052832211,0.33187510528041597,1.6110371713893519,0.0,0,0
2017-11-09,-0.0025219720872065262,0.32935313319320947,1.4309031534605179,0.607043830266851,0,0
2017-11-10,-0.007632093698690206,0.32172103949451925,1.3639393712084167,2.3859740870431763,0,0
2017-11-13,-0.0001932694369160011,0.32152777005760325,1.3463169133886694,2.461708808795398,0,0
2017-11-14,0.0005279792714866234,0.32205574932908987,1.3421865798484272,2.3735767494318285,0,0
2017-11-15,0.0018884095708551077,0.323944158899945,1.3246526634019689,1.9734267917772335,0,0
2017-11-16,-0.005101992595553644,0.31884216630439133,1.2034858061435847,3.178509559678653,0,0
2017-11-17,0.0027316131397821445,0.3215737794441735,1.252779545686712,2.583805960562225,0,0
2017-11-20,0.00015365961485188653,0.32172743905902534,1.2088127918492846,2.580437532574099,0,0
2017-11-21,0.0061720322210264715,0.3278994712800518,1.2550733816864983,1.183214441394173,0,0
2017-11-22,-0.0015560591828415026,0.3263434120972103,1.3644293194006403,1.5734153800732427,0,0
2017-11-23,-0.0016766908280137383,0.32466672126919655,1.2925081990745635,1.9933315155908449,0,0
2017-11-24,0.009385864211376539,0.3340525854805731,1.373330637474792,0.0,0,0
2017-11-27,0.004858105056903291,0.3389106905374764,1.3690635204552575,0.0,0,0
2017-11-28,0.0012378856270924884,0.3401485761645689,1.380237851988518,0.0,0,0
2017-11-29,0.0008028234605822347,0.34095139962515114,1.7057150014707918,0.0,0,0
2017-11-30,0.007850958613151698,0.34880235823830286,1.8813415089334002,0.0,0,0
2017-12-01,-0.007658019770682759,0.3411443384676201,1.829756097226137,1.7696434315455594,0,0
2017-12-04,0.00998775961676937,0.3511320980843895,1.8375997420332633,0.0,0,0
2017-12-05,0.008471535484929233,0.35960363356931874,1.9642455605954183,0.0,0,0
2017-12-06,0.01510899049288076,0.3747126240621995,2.136082792564879,0.0,0,0
2017-12-07,-0.0017826429605418304,0.3729299811016577,2.1267256420032474,0.3977764292058207,0,0
2017-12-08,-0.006669591864851639,0.36626038923680604,2.0476833798965304,1.8051284098280111,0,0
2017-12-11,0.0025406532660296995,0.36880104250283574,2.1690113690069897,1.3158892808545257,0,0
2017-12-12,0.0029224815935318645,0.3717235240963676,2.2556942942514278,0.7457893784119457,0,0
2017-12-13,0.005793749028124828,0.37751727312449246,2.30076232736563,0.0,0,0
2017-12-14,0.0010639907963211378,0.3785812639208136,2.2957413562805993,0.0,0,0
2017-12-15,0.0043875652972247235,0.3829688292180383,2.2857237764498324,0.0,0,0
2017-12-18,-7.475166557479804e-05,0.3828940775524635,2.2244851261763534,0.04752855680068349,0,0
2017-12-19,-0.000502797494229833,0.3823912800582337,2.2329368636662337,0.18452908935925058,0,0
2017-12-20,0.0006672635574394832,0.38305854361567315,2.245582226602744,0.07640594832805389,0,0
2017-12-21,0.0009170768608385894,0.38397562047651174,2.2475215834892692,0.0,0,0
2017-12-22,0.00752262963438189,0.3914982501108936,2.3097895396772214,0.0,0,0
2017-12-25,-0.001779326463783655,0.38971892364710997,2.2682496511097043,0.40657801119031606,0,0
2017-12-26,-0.005611469963834022,0.3841074536832759,1.9869439220258007,1.625742340688931,0,0
2017-12-27,-0.0005533361454646075,0.3835541175378113,1.908671164984942,1.7745403908803161,0,0
2017-12-28,-0.0025503566346921466,0.38100376090311916,1.8933383308112106,2.3479110956773237,0,0
2017-12-29,-0.00756920967720334,0.37343455122591585,1.8639892728841065,3.9931914219190445,0,0
2018-01-01,0.0037523355274770693,0.3771868867533929,1.8812037776611135,3.2327036940127325,0,0
2018-01-02,-2.5448755914635104e-05,0.37716143799747825,1.8251914493324572,3.2700992342509774,0,0
2018-01-03,0.0007524669410847069,0.377913904938563,1.8896621913037812,3.141923563291716,0,0
2018-01-04,-0.006172576555194632,0.3717413283833683,1.905100337792837,4.495363695213538,0,0
2018-01-05,-0.0024236605438639454,0.36931766783950437,1.8881624257203453,5.044023132879905,0,0
2018-01-08,-0.002328255023673582,0.3669894128158308,1.7770203059940952,5.574447813758007,0,0
2018-01-09,0.006024996358586246,0.373014409174417,1.9177711525656562,4.311067328607167,0,0
2018-01-10,0.0006861308071202562,0.3737005399815373,1.951587822834207,4.196127762026907,0,0
2018-01-11,0.008332383195561906,0.3820329231770992,2.081120218634049,2.433475983212431,0,0
2018-01-12,-0.006563181591293897,0.3754697415858053,1.9001076264027719,3.8613972382604516,0,0
2018-01-15,0.00013166096714834017,0.37560140255295366,1.8968580975730476,3.8655550222532673,0,0
2018-01-16,0.00466716129453911,0.38026856384749275,1.9445157076115513,2.9045625534514476,0,0
2018-01-17,-0.003905019284779559,0.3763635445627132,1.914264167349294,3.767484001393829,0,0
2018-01-18,0.001256566316370422,0.37762011087908365,1.9815762926910512,3.5316436795071744,0,0
2018-01-19,0.002871177515114949,0.3804912883941986,2.0558636584617225,2.948344024487203,0,0
2018-01-22,-0.009386395968328867,0.37110489242586975,1.9286686211272581,4.999125906859449,0,0
2018-01-23,-0.017351262237088595,0.35375363018878114,1.656046636997425,8.698730166622433,0,0
2018-01-24,0.0027770646360029873,0.3565306948247841,1.7666577705823483,8.181691333119337,0,0
2018-01-25,0.006879028468722033,0.3634097232935061,1.8256974274768754,6.8481720165836615,0,0
2018-01-26,-0.00478495592576534,0.3586247673677408,1.7184622347073792,7.8253419103063235,0,0
2018-01-29,0.0005258974621496887,0.3591506648298905,1.63978678540019,7.753408191000974,0,0
2018-01-30,-0.008606519136898876,0.35054414569299164,1.443657272090487,9.496231358118495,0,0
2018-01-31,0.001402857842095182,0.35194700353508684,1.4788126324128898,9.25241446322137,0,0
2018-02-01,-0.003359889119689628,0.3485871144153972,1.4590520866777037,9.94856939321823,0,0
2018-02-02,-0.007910658611011449,0.34067645580438577,1.321312651129516,11.549313549797633,0,0
2018-02-05,-0.0074434670011855495,0.33323298880320024,1.2234494971114303,13.045179764213495,0,0
2018-02-06,-0.008307753269531697,0.32492523553366853,1.0770195826963505,14.700400129629854,0,0
2018-02-07,-0.006645070149217156,0.31828016538445136,0.9734989467053081,16.018736200465405,0,0
2018-02-08,-0.008600605159923771,0.3096795602245276,0.87674888184153,17.709393010326643,0,0
2018-02-09,-0.0034232695646839867,0.3062562906598436,0.8665941884819882,18.395047344820274,0,0
2018-02-12,0.0037713772315453773,0.31002766789138897,1.0199456714821853,17.704562749429808,0,0
2018-02-13,-0.0013180444291807734,0.3087096234622082,0.9791993168082946,17.989769638650884,0,0
2018-02-14,0.005339574854988183,0.3140491983171964,1.0268104738948152,16.99048312540083,0,0
2018-02-15,-0.0018157486456432843,0.31223344967155314,1.0034677547934352,17.373061558021075,0,0
2018-02-16,0.003627707364137996,0.3158611570356911,0.9552162843080578,16.701109119282272,0,0
2018-02-19,-0.009183564847205474,0.30667759218848567,0.7569110000986512,18.520387075944814,0,0
2018-02-20,0.003990365381564493,0.31066795757005017,0.7200415133599662,17.785412701529616,0,0
2018-02-21,0.0034836158020428655,0.31415157337209304,0.7385801834801375,17.14625115887962,0,0
2018-02-22,-0.001529509670383196,0.31262206370170986,0.726369477681357,17.473877754944986,0,0
2018-02-23,-0.003643742296181343,0.3089783214055285,0.7000222947865572,18.213854903642293,0,0
2018-02-26,0.0032992181547119932,0.3122775395602405,0.7693604473309977,17.60299202667394,0,0
2018-02-27,-0.008355529817568572,0.3039220097426719,0.5494882379866571,19.268639313884762,0,0
2018-02-28,0.006239568068404067,0.310161577811076,0.8169615127752535,18.092240522030835,0,0
2018-03-01,-0.0037919307510472333,0.3063696470600288,0.8058990461049428,18.856693965965643,0,0
2018-03-02,-0.014596656563118716,0.2917729904969101,0.5809700377135492,21.71570925473577,0,0
2018-03-05,0.003078603322201276,0.29485159381911136,0.5970334211058544,21.174060576598855,0,0
2018-03-06,0.00031297315987377874,0.29516456697898513,0.4968662428987076,21.14752528528241,0,0
2018-03-07,0.0039728277823357075,0.29913739476132084,0.46239539515165107,20.43209032416824,0,0
2018-03-08,-0.0007424032463803798,0.2983949915149405,0.4806322974568026,20.604129974418747,0,0
2018-03-09,0.006277687059625776,0.30467267857456626,0.576264716106827,19.44533230787468,0,0
2018-03-12,-0.0015816043408810264,0.30309107423368525,0.529773304658963,19.77663649342784,0,0
2018-03-13,0.002915130532366704,0.30600620476605195,0.7437868842307293,19.25409374035911,0,0
2018-03-14,-0.0016101370070222929,0.30439606775902966,0.6874859809601866,19.593628446799237,0,0
2018-03-15,-0.0007650323344485796,0.3036310354245811,0.7990751804290199,19.772519529199215,0,0
2018-03-16,-0.0016758041764073932,0.3019552312481737,0.7455844140891278,20.128096927053157,0,0
2018-03-19,3.0347293284526018e-05,0.30198557854145824,0.7524832174011151,20.154216258472854,0,0
2018-03-20,0.011801213213827414,0.3137867917552857,0.9634534526170182,17.882544858057837,0,0
2018-03-21,-0.005015841618562544,0.3087709501367231,0.8298252103685264,18.870326556631635,0,0
2018-03-22,-0.007593326325656824,0.3011776238110663,0.6506171391179798,20.349969257760968,0,0
2018-03-23,0.00030971846239483683,0.30148734227346113,0.7045822622120289,20.323300112599053,0,0
2018-03-26,-0.002302056425919007,0.2991852858475421,0.5341640646893242,20.793968056818084,0,0
2018-03-27,-0.004797660267618921,0.2943876255799232,0.4307638138645519,21.74444504273617,0,0
2018-03-28,-0.006507469934327459,0.28788015564559577,0.2635804778575965,23.02336991343273,0,0
2018-03-29,0.0021439349796350165,0.29002409062523077,0.29942491765075546,22.64587606923091,0,0
2018-03-30,0.014080468408658595,0.3041045590338894,0.356479618418749,19.97549213130884,0,0
2018-04-02,0.004493964877239676,0.3085985239111291,0.428244107474164,19.174619017012073,0,0
2018-04-03,0.00397269159900699,0.31257121551013606,0.4145246141440492,18.469056696158635,0,0
2018-04-04,0.0009447068447596617,0.3135159223548957,0.4598952766569817,18.325210134056572,0,0
2018-04-05,-0.0016645484628128343,0.3118513738920829,0.41900233033550605,18.66881157248955,0,0
2018-04-06,0.0012747341325251428,0.31312610802460805,0.42432258600230927,18.46095212339341,0,0
2018-04-09,0.0015846332912100387,0.3147107413158181,0.4622548540872768,18.193151322282755,0,0
2018-04-10,-0.0021978342768142673,0.31251290703900386,0.43792901788227007,18.643177806889682,0,0
2018-04-11,0.0010951801899422749,0.3136080872289461,0.4682971357979947,18.465894848197802,0,0
2018-04-12,-0.004707855124756503,0.3089002321041896,0.49096077255184883,19.40257075737839,0,0
2018-04-13,0.00746948572301987,0.31636971782720946,0.6047566168116454,17.99773614850712,0,0
2018-04-16,-0.0016339225532859265,0.31473579527392354,0.5834588091402566,18.342145610761563,0,0
2018-04-17,0.004836469796248697,0.3195722650701722,0.7347555565266192,17.444608897339947,0,0
2018-04-18,-0.0017221548060224444,0.3178501102641498,0.6918650352624905,17.80786659704528,0,0
2018-04-19,-0.004099409018380778,0.313750701245769,0.6079897230585952,18.632440773239264,0,0
2018-04-20,0.0026541300071259537,0.3164048312528949,0.6146342219686084,18.15021074746661,0,0
2018-04-23,-0.0035190480930555705,0.31288578315983934,0.5927658072550142,18.8669361830814,0,0
2018-04-24,0.005434217659989806,0.31832000081982914,0.6571802227237852,17.838346192604618,0,0
2018-04-25,-0.006801592298381317,0.3115184085214478,0.5734755340485592,19.196874925941227,0,0
2018-04-26,-0.004210195814377718,0.3073082127070701,0.5692165848587363,20.04644270626208,0,0
2018-04-27,0.00119520601510344,0.3085034187221735,0.5706612109019114,19.8459171141678,0,0
2018-04-30,-0.006518529681561995,0.30198488904061155,0.4769552819110878,21.153093291604442,0,0
2018-05-01,0.004621114272589808,0.30660600331320137,0.5618554426256008,20.284344289941423,0,0
2018-05-02,0.01645893552231911,0.32306493883552045,0.714459417205641,17.10465874419743,0,0
2018-05-03,0.017698915111959517,0.34076385394748,0.8960559850756641,13.854150976091356,0,0
2018-05-04,0.005827182781719691,0.34659103672919966,0.9680837070425443,12.861421856283192,0,0
2018-05-07,-0.008120192817368834,0.33847084391183085,0.8921984857706491,14.320995753990035,0,0
2018-05-08,0.010943773544362663,0.3494146174561935,1.0440650861326122,12.4404096909959,0,0
2018-05-09,-0.006325496107414254,0.3430891213487793,1.0195968191677471,13.56139980887843,0,0
2018-05-10,0.003534012471548946,0.3466231338203282,1.0620598021063206,12.985651104656407,0,0
2018-05-11,-0.0005510430524455221,0.3460720907678827,0.9983286062669955,13.11277043671529,0,0
2018-05-14,0.0062361706758279085,0.35230826144371064,1.063964287782967,12.062237256558113,0,0
2018-05-15,0.006007727676883256,0.35831598912059387,1.1193364584267913,11.052387724134627,0,0
2018-05-16,0.0038184876582079783,0.36213447677880184,1.1961925334507244,10.422520495669358,0,0
2018-05-17,0.00027520906630314635,0.36240968584510497,1.1916263652787558,10.406671739727143,0,0
2018-05-18,0.0014708246273327588,0.36388051047243775,1.1803798824166003,10.181431016559477,0,0
2018-05-21,0.0005448665573549603,0.3644253770297927,1.1975476894099424,10.11762684349657,0,0
2018-05-22,0.0021264843376916417,0.36655186136748436,1.1381889556460203,9.773553085239545,0,0
2018-05-23,0.0033499352664004937,0.36990179663388484,1.1321216226955944,9.2101608211882,0,0
2018-05-24,-0.00026133575815862596,0.3696404608757262,1.18134336764325,9.288791761970696,0,0
2018-05-25,-0.006822058487950094,0.36281840238777613,1.1504474169723669,10.544875900201887,0,0
2018-05-28,0.006805285362155242,0.3696236877499314,1.1785966824382206,9.359299632460777,0,0
2018-05-29,-0.0016803117473047327,0.36794337600262667,1.0948666268205374,9.69111659592043,0,0
2018-05-30,0.003421888553601812,0.3713652645562285,1.104359513649525,9.1093627450752,0,0
2018-05-31,-0.004023522211169272,0.36734174234505923,1.200188704567932,9.865643601341084,0,0
2018-06-01,-0.003295554758808831,0.3640461875862504,1.0966757525036948,10.492509923502057,0,0
2018-06-04,-0.005076912333788516,0.35896927525246186,1.1262787999437605,11.44433602286321,0,0
2018-06-05,3.500678962405566e-05,0.3590042820420859,1.132326048854694,11.469997222986976,0,0
2018-06-06,0.004159843211304305,0.3631641252533902,1.2183834488316352,10.743304081753546,0,0
2018-06-07,0.0017735929376194984,0.3649377181910097,1.3003450396702174,10.451041297192104,0,0
2018-06-08,-0.005103225370311467,0.3598344928206982,1.2702634644911666,11.420922767071461,0,0
2018-06-11,0.005525593059804176,0.36536008588050234,1.2786102945342213,10.43673400593727,0,0
2018-06-12,0.005927472483697337,0.3712875583641997,1.3176089520141654,9.378841005512529,0,0
2018-06-13,0.0017170752501775425,0.37300463361437725,1.3754453049637767,9.095466552798321,0,0
2018-06-14,-0.005308718055123264,0.36769591555925396,1.2734617376095578,10.107636503844274,0,0
2018-06-15,0.0055291352189671345,0.3732250507782211,1.2847308758308376,9.118558472157499,0,0
2018-06-18,0.002204762485181292,0.3754298132634024,1.2853588490160892,8.743505111978097,0,0
2018-06-19,-0.01027486059120441,0.365154952672198,1.148601230945237,10.681704439528175,0,0
2018-06-20,-0.007777752145853666,0.3573772005263443,0.984883661697576,12.135300080889502,0,0
2018-06-21,0.0020562135744447143,0.359433414100789,0.9748740225597572,11.793667113229326,0,0
2018-06-22,0.002823086871549375,0.36225650097233836,1.0487919698939931,11.310128999548194,0,0
2018-06-25,0.00913290721222553,0.3713894081845639,1.1437136711803582,9.667224867805212,0,0
2018-06-26,-0.0003419318712010789,0.3710474763133628,1.1107831490371822,9.761301860066238,0,0
2018-06-27,0.0019473823842643789,0.3729948586976272,1.21900110260401,9.43778073392279,0,0
2018-06-28,0.0036551314808414372,0.3766499901784687,1.2409766209949677,8.799105358361425,0,0
2018-06-29,-0.001853640245851418,0.37479634993261723,1.2038937888751373,9.17232113516699,0,0
2018-07-02,-0.0007059705652548106,0.37409037936736245,1.2733177382847867,9.334945502961858,0,0
2018-07-03,-0.002377561615525127,0.37171281775183734,1.210813505767612,9.809343677552933,0,0
2018-07-04,0.006757865345170664,0.378470683097008,1.2813886703607886,8.578079427284397,0,0
2018-07-05,0.0030985017830945493,0.38156918488010255,1.2639675632916791,8.032845891132975,0,0
2018-07-06,-0.012929449912238438,0.3686397349678641,1.0902820467667371,10.482854941146563,0,0
2018-07-09,0.0013971007468868515,0.370036835714751,1.123194112359109,10.260567894866412,0,0
2018-07-10,-0.003256186857706915,0.3667806488570441,0.9166646590599989,10.888468436162029,0,0
2018-07-11,-0.0007602625724360103,0.3660203862846081,0.9263913171361287,11.060126019221874,0,0
2018-07-12,-0.0018087667596586728,0.3642116195249494,0.9726333931980492,11.426264254239946,0,0
2018-07-13,0.003446079610237102,0.36765769913518653,1.0070154372076405,10.818414881473572,0,0
2018-07-16,-0.0010683406964820351,0.3665893584387045,1.0129894956162955,11.049466908708236,0,0
2018-07-17,-0.0020524083871436443,0.36453695005156084,1.0499014182476498,11.465987458891908,0,0
2018-07-18,0.0036732000884067383,0.36821015013996755,1.2189634520657788,10.806443139914451,0,0
2018-07-19,0.00685921728114717,0.37506936742111474,1.2606862327374775,9.543180206984054,0,0
2018-07-20,-0.002983656056158611,0.3720857113649561,1.1773102067804089,10.136433040684127,0,0
2018-07-23,-0.0014983033513862867,0.3705874080135698,1.2471980270901395,10.451397453031335,0,0
2018-07-24,-0.011999760384600048,0.3585876476289698,1.1349576771285528,12.761634526318833,0,0
2018-07-25,0.0029852555194228216,0.3615729031483926,1.1335013928759665,12.240040629371192,0,0
2018-07-26,0.001646969699482048,0.3632198728478746,1.1740288642828225,11.965402437789718,0,0
2018-07-27,0.0008341116334492644,0.36405398448132387,1.126260101204645,11.841294969978929,0,0
2018-07-30,-0.005520919577116734,0.3585330649042071,1.002288542650977,12.912467173867384,0,0
2018-07-31,-0.002688836027202503,0.3558442288770046,0.9946558786206132,13.450344705374752,0,0
2018-08-01,0.00479623235245375,0.36064046122945836,1.0731781181515432,12.576126426121577,0,0
2018-08-02,0.0032201194869874977,0.36386058071644584,1.0954038059055033,11.999082345419877,0,0
2018-08-03,0.006826044136428479,0.3706866248528743,1.1444534040301801,10.735324145424984,0,0
2018-08-06,-0.0036918756010591363,0.36699474925181513,1.0424938601620788,11.465434000332664,0,0
2018-08-07,0.0004826237531500414,0.3674773730049652,1.0177939092068178,11.405913510556381,0,0
2018-08-08,-0.0005194789179122461,0.3669578940870529,0.9577212317607823,11.537007925018905,0,0
2018-08-09,0.0039947472147472875,0.3709526413018002,0.9889024968492495,10.802690450007267,0,0
2018-08-10,-0.0006423549103492583,0.37031028639145097,0.9997033350869051,10.95821805126848,0,0
2018-08-13,-0.0016866289647032265,0.36862365742674774,0.9679862438768584,11.31639890527293,0,0
2018-08-14,0.002313619751021328,0.3709372771777691,1.0761242223297325,10.898670795777772,0,0
2018-08-15,0.002724592819029152,0.37366186999679823,1.0601219698224342,10.39861169007168,0,0
2018-08-16,-0.008340677105411795,0.3653211928913864,0.8543083086135979,12.066166192676139,0,0
2018-08-17,0.020388662189381828,0.38570985508076827,0.9904748976007519,8.13802251395516,0,0
2018-08-20,-0.0018057892103097131,0.38390406587045856,1.0656669888989925,8.494482423924593,0,0
2018-08-21,-0.004591420576414394,0.3793126452940442,1.005462542362088,9.355715646608816,0,0
2018-08-22,0.01042032511063904,0.38973297040468324,1.118606248770304,7.502398246164608,0,0
2018-08-23,0.0027173899406156598,0.3924503603452989,1.1288294574797118,7.049813750863518,0,0
2018-08-24,0.014174175532872816,0.4066245358781717,1.2642820138914819,4.542952748838257,0,0
2018-08-27,-0.0013433139810746543,0.40528122189709703,1.183888160319416,4.808385871296368,0,0
2018-08-28,0.0041187478624262995,0.4093999697595233,1.2562695377259163,4.120773563564217,0,0
2018-08-29,-0.001593272594662778,0.4078066971648605,1.226395874511777,4.431931033547786,0,0
2018-08-30,0.005709672575775455,0.413516369740636,1.2537915798756665,3.4582410916730666,0,0
2018-08-31,-0.002012550238239606,0.4115038195023964,1.1130855788651934,3.8447167373902857,0,0
2018-09-03,0.008460923616367227,0.41996474311876364,1.2273403332697597,2.378980736756283,0,0
2018-09-04,0.00034793161363055576,0.4203126747323942,1.225875358836306,2.349834507184198,0,0
2018-09-05,0.0004268913673265575,0.42073956609972074,1.2124757947569202,2.306376604612701,0,0
2018-09-06,6.766389841717565e-05,0.4208072299981379,1.3102872911314216,2.3263551037871406,0,0
2018-09-07,-0.004365713837512923,0.41644151616062497,1.2675164961295486,3.1390893771492747,0,0
2018-09-10,-0.00539102209245566,0.4110504940681693,1.1554117879841979,4.137349781007165,0,0
2018-09-11,0.0006612724539099442,0.41171176652207925,1.1862589474147358,4.0507917008096666,0,0
2018-09-12,-7.065246736926746e-05,0.41164111405471,1.148435021480503,4.095541376067124,0,0
2018-09-13,-0.0025291185315285195,0.40911199552318145,1.1961546799401985,4.5862571781366315,0,0
2018-09-14,0.0004925563833245818,0.409604551906506,1.2197690617004857,4.528523503149623,0,0
2018-09-17,-0.00019048559362002618,0.409414066312886,1.1538005054972873,4.595438276111922,0,0
2018-09-18,0.004299041492476524,0.4137131078053625,1.1865101190386664,3.8351112331392203,0,0
2018-09-19,-0.0013943936753116276,0.4123187141300509,1.2166031266998003,4.124665748274867,0,0
2018-09-20,-0.0039200414064677475,0.40839867272358316,1.1639907506186602,4.884622638414843,0,0
2018-09-21,0.004176849893161935,0.41257552261674507,1.0829372557187107,4.138892583898741,0,0
2018-09-24,0.0020022297286678118,0.4145777523454129,1.1467143934577069,3.797233033221017,0,0
2018-09-25,-0.008434020807675257,0.40614373153773764,1.0300264930198575,5.411088011737033,0,0
2018-09-26,-0.005486035616488611,0.400657695921249,0.9386829756678774,6.463268872637616,0,0
2018-09-27,0.0032247678097275523,0.4038824637309766,1.0492444158476757,5.8957473459410075,0,0
2018-09-28,0.009640390751930631,0.4135228544829072,1.1723661353854027,4.128839202865643,0,0
2018-10-01,0.011253266453933267,0.4247761209368405,1.2756725353630984,2.087422989133322,0,0
2018-10-02,0.00498913332968775,0.42976525426652823,1.2861355029472026,1.2171163884600298,0,0
2018-10-03,-0.006311890294046173,0.42345336397248207,1.2114837512188057,2.391890467962358,0,0
2018-10-04,0.0027339425073330047,0.42618730647981506,1.2443592937126446,1.92978796105664,0,0
2018-10-05,-0.0008154150169518362,0.42537189146286325,1.2093707418281512,2.1098129315370455,0,0
2018-10-08,0.005459320150444562,0.4308312116133078,1.3254858936273444,1.1452216496628447,0,0
2018-10-09,0.002632022513117252,0.433463234126425,1.415416436570601,0.6967356542817855,0,0
2018-10-10,0.0008958602452742324,0.43435909437169923,1.4144452484070569,0.564471731219186,0,0
2018-10-11,0.001786208422434529,0.43614530279413377,1.3944634257044366,0.2670996504062885,0,0
2018-10-12,-0.002764331922317,0.43338097087181676,1.3796412655949772,0.8114886855731269,0,0
2018-10-15,-0.004365303894031338,0.4290156669777854,1.317000293888013,1.6560729742210987,0,0
2018-10-16,-0.00729796675944519,0.4217177002183402,1.2018595571080644,3.049213006542282,0,0
2018-10-17,-0.004975936143214249,0.416741764075126,1.1970821306934494,4.004763748871241,0,0
2018-10-18,-0.008208461701438973,0.408533302373687,0.9988580882141642,5.561564710660386,0,0
2018-10-19,-0.0066499634056690245,0.401883338968018,0.9297915865062247,6.819567474668726,0,0
2018-10-22,0.0023051540584121486,0.4041884930264301,0.901415645351806,6.427818814411318,0,0
2018-10-23,-0.0010249675990173274,0.4031635254274128,0.8957356478831474,6.649142562762876,0,0
2018-10-24,-0.001529408504379211,0.4016341169230336,0.8446517569985518,6.9652153136442125,0,0
2018-10-25,0.00292276885094438,0.40455688577397797,0.8641185090713192,6.451477313047824,0,0
2018-10-26,0.003784237640876037,0.408341123414854,0.8754828042916044,5.774016828286128,0,0
2018-10-29,-0.004111746266358381,0.4042293771484956,0.8566355007565356,6.579105327877511,0,0
2018-10-30,-0.002199824991642557,0.40202955215685304,0.9222161493884522,7.0256786576188945,0,0
2018-10-31,-0.0004203352484724544,0.4016092169083806,0.9195914475906953,7.13728085702673,0,0
2018-11-01,-0.0015181744317385466,0.400091042476642,0.8958995589524554,7.458420122287809,0,0
2018-11-02,0.014367623991521264,0.41445866646816326,1.0260991000298543,4.739659422146003,0,0
2018-11-05,-0.00024537838348532177,0.41421328808467794,1.0832140046895662,4.8169704435367935,0,0
2018-11-06,0.006763495184984441,0.42097678326966237,1.1264554126157496,3.5930834204729294,0,0
2018-11-07,0.0032138977492453128,0.42419068101890767,1.1605495379190052,3.030280843565151,0,0
2018-11-08,-0.00022603270047364044,0.423964648318434,1.0903926148789163,3.1042791589830667,0,0
2018-11-09,-0.0024127828006048745,0.42155186551782914,1.0803864713400837,3.5870922205692217,0,0
2018-11-12,-0.0019200430702040428,0.4196318224476251,1.0775515477234585,3.9794947981011806,0,0
2018-11-13,0.0009042235536670188,0.42053604600129213,0.9864801356371325,3.840926127170615,0,0
2018-11-14,0.0005283633034437376,0.4210644093047359,0.9383402299589101,3.772701418624256,0,0
2018-11-15,-0.00295751328691093,0.41810689601782497,0.889848090776517,4.368987244164351,0,0
2018-11-16,-0.0047324637490815166,0.41337443226874343,0.8253200860310214,5.307478741575273,0,0
2018-11-19,0.0017271494561318153,0.41510158172487527,0.7582610609492317,5.008320942139051,0,0
2018-11-20,0.0068981499502308264,0.42199973167510607,0.9259245893577448,3.7108500847154566,0,0
2018-11-21,-0.006100885836084325,0.41589884583902176,0.7442863434618744,4.9135338831907225,0,0
2018-11-22,-0.000167604347743743,0.415731241491278,0.6479053761590744,4.977635821208256,0,0
2018-11-23,-0.006519632186584431,0.4092116093046936,0.40304525065140717,6.265242129593555,0,0
2018-11-26,-0.0018030875089312484,0.4074085217957623,0.4028042317751436,6.643358692182131,0,0
2018-11-27,0.004293054685522579,0.4117015764812849,0.5319511887356394,5.847107363450585,0,0
2018-11-28,0.003731708830710389,0.4154332853119953,0.5456311510668974,5.157854927039077,0,0
2018-11-29,0.005011765542118116,0.42044505085411343,0.56946224669147,4.21851403043374,0,0
2018-11-30,-0.005884150009310028,0.4145609008448034,0.432821068038346,5.39132374138487,0,0
2018-12-03,0.007830470652089947,0.4223913714968934,0.509866177821742,3.907807184951014,0,0
2018-12-04,-0.0020647045214881223,0.42032666697540527,0.43515465752784555,4.3364803842819715,0,0
2018-12-05,0.007054257870948834,0.4273809248463541,0.5165355747346863,3.0066431709433843,0,0
2018-12-06,-0.0038079086151229556,0.4235730162312311,0.4776653592423461,3.7701992566846725,0,0
2018-12-07,0.0031500976984531054,0.4267231139296842,0.5061694927645768,3.1954132661602737,0,0
2018-12-10,0.007812181935045832,0.43453529586473005,0.5838434689012771,1.7170919007530139,0,0
2018-12-11,-0.0020500537367617363,0.4324852421279683,0.474852866022593,2.1425541956321554,0,0
2018-12-12,-0.0013036704625346597,0.43118157166543364,0.480415856872411,2.4259915452657794,0,0
2018-12-13,0.0005243410222046409,0.4317059126876383,0.5527497438886493,2.356326974751103,0,0
2018-12-14,0.0034341082389010803,0.43514002092653936,0.5986548024131655,1.7186186757001702,0,0
2018-12-17,0.0017109987457739162,0.43685101967231327,0.6483433779869221,1.4158882011214429,0,0
2018-12-18,0.0016141803384223177,0.4384652000107356,0.7579797725839396,1.1304764424850333,0,0
2018-12-19,-0.0005451290550374265,0.4379200709556981,0.7084499713530459,1.2702406583958488,0,0
2018-12-20,-0.0015295691618377424,0.4363905017938604,0.6907609149007393,1.6063289232737135,0,0
2018-12-21,-0.0021038971690702656,0.43428660462479013,0.6572174161275536,2.058790985274051,0,0
2018-12-24,-0.00024856289796770873,0.4340380417268224,0.7283057764583499,2.140710724411409,0,0
2018-12-25,0.00924736245251494,0.4432854041793374,0.8604496216659123,0.3051539306261202,0,0
2018-12-26,0.005012178084845798,0.44829758226418315,0.9448693373384148,0.0,0,0
2018-12-27,0.005189943826654496,0.45348752609083764,0.9357233216868283,0.0,0,0
2018-12-28,-0.0018334562897418729,0.4516540698010958,0.9061520526506308,0.3969735176011819,0,0
2018-12-31,0.003309082693243065,0.45496315249433883,0.8509550346808635,0.0,0,0
2019-01-01,0.0038291142359544554,0.4587922667302933,0.9745281649415123,0.0,0,0
2019-01-02,-0.0002918064065428286,0.45850046032375047,0.9695523320478382,0.09071440839084047,0,0
2019-01-03,0.0014711162829586268,0.4599715766067091,0.9332940302556734,0.0,0,0
2019-01-04,0.00017648234026332375,0.46014805894697247,0.9822908660111855,0.0,0,0
2019-01-07,-0.005322054676034082,0.4548260042709384,0.9032439066818104,1.120817343784,0,0
2019-01-08,0.005959318321871238,0.46078532259280963,0.937747785346587,0.0,0,0
2019-01-09,-0.0020372263635263046,0.4587480962292833,1.0298375574665724,0.44719949854254204,0,0
2019-01-10,-0.0028977714560910004,0.4558503247731923,1.2256299396031252,1.0726067379748325,0,0
2019-01-11,-0.0029919052899067215,0.4528584194832856,1.15589430276227,1.7195828742195594,0,0
2019-01-14,0.0017489213600421773,0.45460734084332777,1.0975355637699444,1.390821893111248,0,0
2019-01-15,0.006562646572014231,0.461169987415342,1.2330786477335673,0.06226444918091656,0,0
2019-01-16,0.0014342936557787116,0.46260428107112067,1.243908517360893,0.0,0,0
2019-01-17,0.00733935566793378,0.4699436367390544,1.4392126109417434,0.0,0,0
2019-01-18,0.002691927752401812,0.4726355644914562,1.4543228876083636,0.0,0,0
2019-01-21,0.004458799657446873,0.4770943641489031,1.548443033576045,0.0,0,0
2019-01-22,-0.0007079046451626296,0.4763864595037405,1.6435611859943062,0.17844320214749138,0,0
2019-01-23,-0.003238823601075211,0.4731476359026653,1.700669591218975,0.8842181138181388,0,0
2019-01-24,0.001029181988822101,0.4741768178914874,1.8247969020674424,0.7014541931055831,0,0
2019-01-25,0.011141975766935508,0.4853187936584229,2.033521822432167,0.0,0,0
2019-01-28,0.0011430850962953077,0.4864618787547182,2.1659820076553222,0.0,0,0
2019-01-29,0.0004333801953102123,0.4868952589500284,2.2160643344815654,0.0,0,0
2019-01-30,-0.005473138526064009,0.4814221204239644,2.098135377495748,1.164702952259123,0,0
2019-01-31,-0.002933259880480543,0.47848886054348383,2.076954168788168,1.8027809508127137,0,0
2019-02-01,-0.004100193244022894,0.47438866729946094,1.9613771712796952,2.685065262206396,0,0
2019-02-04,-0.0006038104222939105,0.47378485687716704,1.9768651876267316,2.8424889955772645,0,0
2019-02-05,-0.0011871267970783113,0.4725977300800887,1.918761884377935,3.12247624350654,0,0
2019-02-06,-0.0013061107523878626,0.47129161932770086,2.0293394599357937,3.428800479709497,0,0
2019-02-07,0.004401082136712536,0.4756927014644134,2.03395312682427,2.531526993833253,0,0
2019-02-08,-0.0029366170367120317,0.47275608442770134,1.9541204484568608,3.1840854535186676,0,0
2019-02-11,-0.0016972579682339038,0.47105882645946745,1.9519422139252616,3.5760229199419507,0,0
2019-02-12,0.009194129118077014,0.48025295557754444,2.101437703837098,1.648462805072287,0,0
2019-02-13,-0.0019082469784025044,0.4783447085991419,2.0375869903011075,2.08070653036339,0,0
2019-02-14,0.004452291980834484,0.4827970005799764,2.205975390510248,1.1743581702148571,0,0
2019-02-15,-0.003874218917832674,0.4789227816621437,2.0828269673596465,2.023452139693841,0,0
2019-02-18,-0.0031243165325595783,0.4757984651295841,2.0919451601256496,2.715650759738111,0,0
2019-02-19,0.004362643636863339,0.48016110876644746,2.3662295878304413,1.8228022903749672,0,0
2019-02-20,-0.007158758186512,0.47300235057993545,2.2277097124045895,3.3736930883479843,0,0
2019-02-21,0.0006007386254223428,0.4736030892053578,2.2313332810593147,3.279189018418846,0,0
2019-02-22,-0.005698405893024394,0.4679046833123334,2.1054618106108003,4.5181007089101355,0,0
2019-02-25,0.0235225797414755,0.4914272630538089,2.316619621136012,0.0,0,0
2019-02-26,-0.04286791042122424,0.4485593526325847,1.533226848952599,8.060843233770509,0,0
2019-02-27,-0.008281642104345895,0.4402777105282388,1.4557659002785683,9.272489801046131,0,0
2019-02-28,-0.008683864822958826,0.4315938457052799,1.3267934457059751,10.538656927109505,0,0
2019-03-01,-0.007697305433273936,0.42389654027200596,1.258098634899714,11.661341493451904,0,0
2019-03-04,0.0002141412509465881,0.42411068152295256,1.2685108328742842,11.663040792510607,0,0
2019-03-05,0.01838298098378143,0.442493662506734,1.4545792751390654,9.078032244470592,0,0
2019-03-06,0.008360702128308263,0.45085436463504225,1.5358436466107726,7.957876007024179,0,0
2019-03-07,0.015856732112657285,0.4667110967476995,1.5687500450873806,5.808810605357411,0,0
2019-03-08,-0.004408773811087256,0.4623023229366123,1.5755131398061937,6.4345655251963345,0,0
2019-03-11,0.0019244139144171373,0.4642267368510294,1.679019679408224,6.206437786323161,0,0
2019-03-12,-0.003807776908781334,0.4604189599422481,1.6349155441042078,6.755950127384791,0,0
2019-03-13,-0.0014764607429486147,0.45894249919929947,1.6437705327662668,6.98946966898335,0,0
2019-03-14,-0.0031453956992362154,0.45579710350006325,1.6621114595930744,7.453153824541993,0,0
2019-03-15,0.006023862163082299,0.46182096566314557,1.793315725930636,6.654556222984221,0,0
2019-03-18,-0.0012797530710531894,0.46054121259209235,1.7578569878528716,6.863340686841379,0,0
2019-03-19,0.010991284495091477,0.4715324970871838,1.732773761386103,5.3685804441787095,0,0
2019-03-20,-0.00524932806728016,0.46628316901990363,1.6301977702558088,6.1242488478656085,0,0
2019-03-21,-0.008825692640262714,0.4574574763796409,1.4917200571697384,7.376287841009896,0,0
2019-03-22,-0.004689803413038402,0.4527676729666025,1.4316265356608122,8.05478637434516,0,0
2019-03-25,0.006511205282275937,0.4592788782488784,1.513257080460329,7.1862106187828445,0,0
2019-03-26,-0.0004385248592979176,0.4588403533895805,1.4956273328997667,7.278939494527396,0,0
2019-03-27,0.0029476796144684873,0.461788033004049,1.509252602400073,6.9004473152278045,0,0
2019-03-28,-0.0005142301753567167,0.4612738028286923,1.527055234600627,7.004413981892809,0,0
2019-03-29,-0.0027871246048292615,0.458486678223863,1.4863343347082891,7.4286796498815555,0,0
2019-04-01,-0.0023303028448310474,0.456156375379032,1.5122779258674923,7.790258192764855,0,0
2019-04-02,0.021795392785297445,0.47795176816432944,1.6253294972135401,4.7238935636949595,0,0
2019-04-03,0.0015443107161301835,0.47949607888045964,1.657667954173792,4.54646804236902,0,0
2019-04-04,-0.0030692010204803437,0.4764268778599793,1.5784384397442421,4.9970175931314245,0,0
2019-04-05,0.001812941368761697,0.478239819228741,1.614349917342053,4.780620414140079,0,0
2019-04-08,0.005436615468507535,0.4836764346972485,1.7103098031084052,4.0636662535722605,0,0
2019-04-09,-0.0014428604307512498,0.48223357426649727,1.6690314781344595,4.294951074338145,0,0
2019-04-10,-0.000744708161877327,0.48148886610461994,1.6982893791832705,4.430385008267532,0,0
2019-04-11,-0.017426648316081574,0.46406221778853834,1.4459840142498952,6.89646766831675,0,0
2019-04-12,-0.0010475360244440231,0.4630146817640943,1.5069310794105863,7.070821369870378,0,0
2019-04-15,-0.020259603705733414,0.4427550780583609,1.320701996801921,9.871429729604438,0,0
2019-04-16,-0.00956994864868762,0.4331851294096733,1.2099234707519115,11.16387406356868,0,0
2019-04-17,0.022514875453904102,0.4557000048635774,1.4621970881023338,8.240477766018401,0,0
2019-04-18,-0.0031178420663411396,0.4525821627972363,1.3887338675170515,8.664698307754996,0,0
2019-04-19,-0.0033200875878471596,0.4492620752093891,1.21373921300003,9.116404998751598,0,0
2019-04-22,-0.010375501327255215,0.43888657388213387,0.9517084902344317,10.466247587030756,0,0
2019-04-23,-0.0078111859833342075,0.4310753878987997,0.8180075528806378,11.486215340175113,0,0
2019-04-24,0.0016165237744273618,0.432691911673227,0.915299979998615,11.313738575337224,0,0
2019-04-25,0.004148872636970048,0.43684078431019707,0.8532323225831389,10.818014300153353,0,0
2019-04-26,0.000539712921026717,0.4373804972312238,0.9221970375560657,10.781086200779573,0,0
2019-04-29,-0.010402396129377212,0.4269781011018466,0.7819637219291593,12.149449541256617,0,0
2019-04-30,0.0035020422852172594,0.43048014338706386,0.8210439016040763,11.733582195030243,0,0
2019-05-01,0.0011555566080579216,0.4316356999951218,0.7728777964225415,11.617123972071775,0,0
2019-05-02,-0.0051272999398077656,0.42650840005531404,0.6644941637061869,12.311626813560743,0,0
2019-05-03,-0.002748588890662136,0.4237598111646519,0.6006058301807351,12.699928603502517,0,0
2019-05-06,0.007388339187563429,0.4311481503522153,0.6683195146242501,11.769367814502928,0,0
2019-05-07,0.0178224619859316,0.44897061233814695,0.8156077322987986,9.478445053756172,0,0
2019-05-08,0.010954600711023254,0.4599252130491702,0.9107034566216633,8.117397337057916,0,0
2019-05-09,-0.014352219385218724,0.4455729936639515,0.7463698516249474,9.964746426967585,0,0
2019-05-10,-0.00701739130217278,0.4385556023617787,0.6471767115145713,10.872875524022108,0,0
2019-05-13,-0.0010214074371828136,0.4375341949245959,0.6399723346036048,11.032577807175642,0,0
2019-05-14,0.01349712200263658,0.4510313169272325,0.8269943889823,9.367606302982553,0,0
2019-05-15,-0.0024831699582062365,0.44854814696902623,0.7410228334854851,9.708505428967232,0,0
2019-05-16,0.0033195351893498207,0.451867682158376,0.7877940877646151,9.325424405773841,0,0
2019-05-17,0.007536034222071205,0.45940371638044725,0.8248784729109467,8.41058098806641,0,0
2019-05-20,0.005725520101529974,0.46512923648197724,0.9158444103892954,7.722788789204001,0,0
2019-05-21,0.0002852117415434981,0.46541444822352074,0.9499478164197072,7.7188420905649195,0,0
2019-05-22,-0.011382635964384795,0.45403181225913597,0.8866332105540996,9.194133180856474,0,0
2019-05-23,0.002276815346719053,0.456308627605855,0.9074052079317,8.939228582794241,0,0
2019-05-24,-0.005292263804335251,0.45101636380151977,0.8186322367498309,9.641687376260032,0,0
2019-05-27,-0.004838569421153063,0.4461777943803667,0.7562076361370681,10.288617125667699,0,0
2019-05-28,-0.014119667316618923,0.4320581270637478,0.667131688345973,12.121499355199411,0,0
2019-05-29,-0.008449364124599122,0.4236087629391487,0.5369440520131961,13.217550588739316,0,0
2019-05-30,0.01217702663655522,0.4357857895757039,0.591791402239171,11.717250055313734,0,0
2019-05-31,0.00759712608040278,0.4433829156561067,0.6443441361264034,10.800582301544472,0,0
2019-06-03,0.009013624297651558,0.4523965399537583,0.7740373389226336,9.706384927573344,0,0
2019-06-04,-0.008388871510831985,0.4440076684429263,0.6455444841458493,10.784929497403288,0,0
2019-06-05,-0.017567618157309183,0.4264400502856171,0.4592724768504816,13.007350866872041,0,0
2019-06-06,0.004507548020817788,0.43094759830643486,0.5945903260143335,12.489209516379116,0,0
2019-06-07,0.0027555875667699885,0.43370318587320483,0.6914471185874135,12.183541581142249,0,0
2019-06-10,-0.003174025260693326,0.4305291606125115,0.6438304509532567,12.606498727912106,0,0
2019-06-11,0.006288581157767494,0.436817741770279,0.6743960572996165,11.86014080431147,0,0
2019-06-12,0.007901740141861196,0.44471948191214017,0.6638103974610551,10.911893242497014,0,0
2019-06-13,-0.004882742385355509,0.43983673952678465,0.622035781606546,11.54977108105115,0,0
2019-06-14,-0.00439394668394578,0.4354427928428389,0.5642595656014767,12.128990017921636,0,0
2019-06-17,-0.009339436286722331,0.42610335655611653,0.4453992236068341,13.328814250715077,0,0
2019-06-18,0.007962145663657667,0.4340655022197742,0.5326022258066019,12.367300190084125,0,0
2019-06-19,-0.004604466469649914,0.4294610357501243,0.49711878285319894,12.973901244462564,0,0
2019-06-20,-0.005735206843859431,0.42372582890626487,0.4664351298894553,13.72437671470253,0,0
2019-06-21,-0.011096960485028923,0.4126288684212359,0.3052947985407287,15.15041354658135,0,0
2019-06-24,-0.0034465259137632155,0.4091823425074727,0.2467592015261328,15.613057223211845,0,0
2019-06-25,-0.003481138210710947,0.40570120429676176,0.33329439707923675,16.08207473444409,0,0
2019-06-26,0.008379761537968534,0.4140809658347303,0.3950363512157241,15.057199937989164,0,0
2019-06-27,0.014137875793089075,0.42821884162781937,0.5470554281553113,13.307289156321481,0,0
2019-06-28,0.000689211872691035,0.4289080535005104,0.5599799398170195,13.25349624235116,0,0
2019-07-01,0.001575559383114288,0.4304836128836247,0.5901745487233973,13.088231338040469,0,0
2019-07-02,-0.008520641333871327,0.4219629715497534,0.4823375662293783,14.193038779875726,0,0
2019-07-03,0.005409550042850261,0.42737252159260364,0.5393389072188063,13.544543702990628,0,0
2019-07-04,-0.011096458231853833,0.4162760633607498,0.4568834075266968,14.976776549086404,0,0
2019-07-05,0.01031621022783125,0.42659227358858104,0.513744496472724,13.714141720370455,0,0
2019-07-08,-0.001348894376430901,0.42524337921215016,0.4422301213590646,13.914778420996157,0,0
2019-07-09,-0.004221132855251358,0.4210222463568988,0.4311656501076612,14.477447549868733,0,0
2019-07-10,-0.009102904598522777,0.411919341758376,0.3629913750341188,15.65857966634501,0,0
2019-07-11,-0.0011128720288245976,0.4108064697295514,0.461222313834872,15.830816598346651,0,0
2019-07-12,-0.004608968595039283,0.40619750113451214,0.3939121546560138,16.446877588698452,0,0
2019-07-15,0.0027684575954976427,0.4089659587300098,0.4037402416007559,16.126730822600457,0,0
2019-07-16,0.006051227110620745,0.4150171858406305,0.44919181731407265,15.385104243973107,0,0
2019-07-17,0.004777376828219909,0.4197945626688504,0.5402184164247097,14.804923381687074,0,0
2019-07-18,0.009663852229071467,0.42945841489792186,0.6471488645833324,13.594101544128801,0,0
2019-07-19,0.003136730085191368,0.43259514498311324,0.6328586003555925,13.223963784130532,0,0
2019-07-22,0.008495184086774715,0.441090329069888,0.677717724460742,12.16155966768145,0,0
2019-07-23,0.00027734055611664844,0.44136766962600466,0.6212722404273207,12.157880302648996,0,0
2019-07-24,0.005382512340275961,0.44675018196628064,0.7007656860921269,11.493252820928427,0,0
2019-07-25,0.0008734425338567772,0.44762362450013743,0.7041919236456732,11.411880280670267,0,0
2019-07-26,-0.003407284723896768,0.44421633977624064,0.6784745619441066,11.88871885043971,0,0
2019-07-29,0.00021097209579401852,0.44442731187203466,0.6455857970237079,11.893057384683473,0,0
2019-07-30,0.005294690092892819,0.44972200196492745,0.6971056538917616,11.226605701030003,0,0
2019-07-31,-0.007743952067382443,0.441978049897545,0.6424291008478816,12.283193728434599,0,0
2019-08-01,0.005458858718697189,0.4474369086162422,0.6693954244670667,11.593164225887808,0,0
2019-08-02,0.007739203965042263,0.45517611258128443,0.7119316403297756,10.598689714567438,0,0
2019-08-05,-0.00674724391185074,0.4484288686694337,0.7265437942494269,11.52533905705761,0,0
2019-08-06,-0.001241639433791279,0.4471872292356424,0.545893242575115,11.722170554049,0,0
2019-08-07,0.01584080560089058,0.463028034836533,0.6960914397289616,9.639533523591698,0,0
2019-08-08,0.011556212787946387,0.47458424762447937,0.8348837947562412,8.158730008240333,0,0
2019-08-09,-0.003105112095704741,0.47147913552877463,0.7188306103175616,8.59425128091691,0,0
2019-08-12,0.006006120403608337,0.47748525593238295,0.7469845893955629,7.841980008030395,0,0
2019-08-13,0.0008217704136638744,0.4783070263460468,0.6344065262517805,7.766444279338058,0,0
2019-08-14,-0.0006181358444265514,0.4776888905016203,0.6408706285157779,7.87981198313434,0,0
2019-08-15,0.0022202506226683214,0.4799091411242886,0.6243353097194153,7.6179122595533455,0,0
2019-08-16,-0.0007541648508975012,0.4791549762733911,0.6318258222555707,7.750283137497829,0,0
2019-08-19,0.004028066320375907,0.483183042593767,0.6173080207503601,7.243177472684163,0,0
2019-08-20,-0.037464284267599325,0.44571875832616764,0.2876268936631374,12.30994508636213,0,0
2019-08-21,-0.00011582449096122268,0.44560293383520644,0.21605822560514898,12.35571412297017,0,0
2019-08-22,-0.006336883163946027,0.4392660506712604,0.15949067737935826,13.144897968520219,0,0
2019-08-23,0.008599341107820997,0.4478653917790814,0.22767914364555855,12.146871282348314,0,0
2019-08-26,-0.019782852264631962,0.42808253951444947,0.06023452472950388,14.547656918982076,0,0
2019-08-27,-0.04766588016372798,0.3804166593507215,-0.2776356967199235,20.141733190290644,0,0
2019-08-28,-0.008447771518867855,0.37196888783185367,-0.3008238539375441,21.024087470278403,0,0
2019-08-29,0.0063025715358896875,0.37827145936774337,-0.25708956065728455,20.42067420164166,0,0
2019-08-30,-0.01919453847219382,0.35907692089554955,-0.3998603478306992,22.394529015355005,0,0
2019-09-02,-0.0019564029895496452,0.3571205179059999,-0.39553033223908,22.62138460865726,0,0
2019-09-03,-0.0028789831448661624,0.35424153476113374,-0.421099119203035,22.941721247879673,0,0
2019-09-04,0.01886083158024013,0.37310236634137384,-0.27333971274800367,21.07481081431664,0,0
2019-09-05,-0.0077327492120597445,0.3653696171293141,-0.36352646084980283,21.873961673978897,0,0
2019-09-06,0.012742004346633596,0.3781116214759477,-0.2560336537328225,20.638878921299558,0,0
2019-09-09,0.0034152075164469954,0.38152682899239465,-0.20114154261965533,20.332447543174837,0,0
2019-09-10,0.0024159400095478405,0.3839427690019425,-0.21439440084340858,20.12381484904242,0,0
2019-09-11,0.0012011244785205648,0.3851438934804631,-0.22040985999672547,20.035532367817897,0,0
2019-09-12,-0.007292244493530185,0.3778516489869329,-0.21196506756842842,20.802023232163265,0,0
2019-09-13,0.005507423088579268,0.3833590720755122,-0.1295936812418543,20.27784669623045,0,0
2019-09-16,-0.010311682214873281,0.3730473898606389,-0.23040007695879872,21.355371265456224,0,0
2019-09-17,0.014872221264585327,0.3879196111252242,-0.19062034562832084,19.880271553520938,0,0
2019-09-18,0.002221088089416242,0.39014069921464045,-0.25875619851148374,19.688827606288687,0,0
2019-09-19,0.01846022840131181,0.40860092761595224,-0.1567270909096951,17.853423566536485,0,0
2019-09-20,0.020893290641666156,0.4294942182576184,0.04425332146852262,15.801452308959824,0,0
2019-09-23,0.004532372598178501,0.4340265908557969,0.057408057708149315,15.389821604547548,0,0
2019-09-24,0.0026072766980761246,0.43663386755387307,0.08245987032823208,15.16543869016773,0,0
2019-09-25,-0.0032772019323867416,0.43335666562148634,0.0185005222995865,15.5214617496985,0,0
2019-09-26,0.0035256806421098187,0.4368823462635962,0.02504344089168035,15.203084616073232,0,0
2019-09-27,0.008272822290683867,0.44515516855428006,0.0789341285467589,14.408757318470279,0,0
2019-09-30,0.0038313494925161055,0.4489865180467962,0.09385858263833056,14.057370581688652,0,0
2019-10-01,-0.0018283445470085476,0.44715817349978765,0.10071170139897422,14.273241733235155,0,0
2019-10-02,0.007296060690934366,0.454454234190722,0.1857959932578775,13.567439282679187,0,0
2019-10-03,0.014253047612521885,0.4687072818032439,0.3418905713098209,12.154327471662777,0,0
2019-10-04,-0.008090337851503069,0.4606169439517408,0.31887780162503304,13.001539002864892,0,0
2019-10-07,0.01281283384393933,0.47342977779568013,0.47056833630452355,11.74000124800933,0,0
2019-10-08,-0.005874867826596665,0.46755490996908344,0.47631520874984923,12.362840211047331,0,0
2019-10-09,0.006183667703434011,0.4737385776725175,0.5040372892900877,11.770626117607824,0,0
2019-10-10,0.002022918038151308,0.4757614957106688,0.526107389981399,11.597708055106581,0,0
2019-10-11,0.0004910043058898961,0.47625250001655867,0.5407955961464468,11.579701218865223,0,0
2019-10-14,-0.011716716681700356,0.4645357833348583,0.43314547868080683,12.812128010156972,0,0
2019-10-15,-0.003878318494314882,0.46065746484054343,0.37776858923480144,13.240481640288275,0,0
2019-10-16,-0.002655314992173457,0.45800214984836995,0.3883912820777271,13.545173759450039,0,0
2019-10-17,-0.02219189350556624,0.43581025634280374,0.24090395446597077,15.868352743847067,0,0
2019-10-18,-0.012694631977833735,0.42311562436497,0.15273659368220383,17.180140379053064,0,0
2019-10-21,-0.004536127726441171,0.41857949663852884,0.13124131322925697,17.667782304141134,0,0
2019-10-22,-0.004806071086917103,0.41377342555161173,-0.004886676688309776,18.184750737837987,0,0
2019-10-23,-0.0005016050782959002,0.41327182047331584,-0.006713880507143747,18.26759848247111,0,0
2019-10-24,0.00014664588370998165,0.41341846635702584,-0.05396364874776368,18.284659018735837,0,0
2019-10-25,-0.011802015555702785,0.4016164508013231,-0.1606520013875124,19.526701416743453,0,0
2019-10-28,0.004976108082156474,0.40659255888347956,-0.1235505266328935,19.04987649826051,0,0
2019-10-29,-0.0032547640251320417,0.40333779485834753,-0.12952346694581618,19.416128655001224,0,0
2019-10-30,-0.0010333946354483489,0.4023044002228992,-0.12322612322866758,19.554806284695612,0,0
2019-10-31,0.015030082872406033,0.41733448309530524,-0.022639163913030506,18.026505585111256,0,0
2019-11-01,0.00044855136675194993,0.41778303446205717,-0.023203583290980323,18.012328543249897,0,0
2019-11-04,-0.0037308263689810207,0.41405220809307614,-0.028668220667770843,18.43071262953744,0,0
2019-11-05,0.002674630878686849,0.416726838971763,0.023711842762254413,18.18436627237478,0,0
2019-11-06,-0.007892289184852158,0.4088345497869108,-0.04426173243481085,19.04213244240547,0,0
2019-11-07,-0.003871587770570287,0.4049629620163405,-0.12042534511252186,19.479961490293654,0,0
2019-11-08,0.010581991055748812,0.41554495307208933,-0.0024967801680533404,18.397406765221042,0,0
2019-11-11,-0.015213987293689907,0.40033096577839944,-0.10803387178189307,20.029627066926164,0,0
2019-11-12,-0.0026832024649691586,0.39764776331343027,-0.0811908259909829,20.341360196193797,0,0
2019-11-13,0.012076495148388846,0.4097242584618191,0.01620195442911757,19.107676627676515,0,0
2019-11-14,-0.000215839173612873,0.4095084192882062,-0.015351240244647324,19.162229350982663,0,0
2019-11-15,-0.00549160611492074,0.40401681317328547,-0.0798800447318029,19.77113495781415,0,0
2019-11-18,-0.00629910262681985,0.3977177105464656,-0.1589704980660645,20.467418713513812,0,0
2019-11-19,-0.0022368553245034747,0.39548085522196214,-0.13355366191980061,20.736077049320674,0,0
2019-11-20,0.0017696385552546767,0.39725049377721683,-0.17623334922333883,20.579843246042927,0,0
2019-11-21,0.00284924394042283,0.4000997377176397,-0.1417708834728155,20.307074796251396,0,0
2019-11-22,0.00018073434511546355,0.40028047206275513,-0.19018602081317507,20.31964973252832,0,0
2019-11-25,0.007222945768619594,0.4075034178313747,-0.11266380186464434,19.57048125992679,0,0
2019-11-26,-0.003570749811372303,0.40393266802000244,-0.15977656819494265,19.989542382233438,0,0
2019-11-27,0.0063699191757941144,0.41030258719579654,-0.1699743994959834,19.32768716317776,0,0
2019-11-28,0.005274780362960251,0.4155773675587568,-0.11852381036317171,18.78340476605103,0,0
2019-11-29,-0.0040355158978702,0.4115418516608866,-0.13762601054182985,19.258011752991536,0,0
2019-12-02,-0.004189373956306314,0.4073524777045803,-0.170588631394569,19.75162986549442,0,0
2019-12-03,-0.0021341952084879385,0.4052182824960923,-0.2096363542582039,20.0198667688262,0,0
2019-12-04,0.0046475405348292715,0.4098658230309216,-0.1889728304128486,19.534641273137595,0,0
2019-12-05,0.00764012919810363,0.41750595222902526,-0.14656972255242628,18.712764684716884,0,0
2019-12-06,-0.007392991452122477,0.4101129607769028,-0.19420570452008754,19.57232718165166,0,0
2019-12-09,0.0033891797120868938,0.4135021404889897,-0.15981350965316218,19.224271445175933,0,0
2019-12-10,-0.0010597207308232783,0.4124424197581664,-0.15253434568181426,19.375706719579494,0,0
2019-12-11,-0.004790423844990089,0.40765199591317636,-0.18415059143715745,19.950658884756066,0,0
2019-12-12,-0.002154337242864684,0.4054976586703117,-0.2642638016859669,20.227833975078614,0,0
2019-12-13,0.0032719091522633854,0.40876956782257506,-0.27653526949399726,19.885470178199473,0,0
2019-12-16,-0.0022956569057219142,0.40647391091685314,-0.3290992626464149,20.181456055785826,0,0
2019-12-17,0.0016529163083095796,0.40812682722516275,-0.3046897089676667,20.022373391829753,0,0
2019-12-18,-0.0037332233809338074,0.40439360384422895,-0.3539825925137614,20.488384703452052,0,0
2019-12-19,-0.006844675875909588,0.39754892796831937,-0.4284101981813508,21.319849956410483,0,0
2019-12-20,0.009163718483737798,0.4067126464520572,-0.36148817596728894,20.279314553525854,0,0
2019-12-23,-0.002583538095705416,0.40412910835635174,-0.3897640028803646,20.613446798315643,0,0
2019-12-24,-0.0014552674894330033,0.40267384086691876,-0.4011399176338441,20.816532448725205,0,0
2019-12-25,-0.005356705073443569,0.3973171357934752,-0.40137829640927714,21.481798435973705,0,0
2019-12-26,0.010477733594643246,0.4077948693881185,-0.36915744496468644,20.27087219574402,0,0
2019-12-27,-0.0020840515371304564,0.405710817850988,-0.36948209847107094,20.549334854911113,0,0
2019-12-30,-0.000542081726239088,0.4051687361247489,-0.35313241322337263,20.645797585918302,0,0
2019-12-31,0.0023488358425696495,0.4075175719673186,-0.3159306418433645,20.396919197730888,0,0
2020-01-01,0.0016425055898734,0.40916007755719197,-0.31667520583425146,20.231460577675268,0,0
2020-01-02,-0.0032967693547510113,0.405863308202441,-0.385713896720924,20.66202483618951,0,0
2020-01-03,0.0028477751392699357,0.4087110833417109,-0.3757952386731872,20.34808384735761,0,0
2020-01-06,-0.003780680119535597,0.40493040322217533,-0.4538295982540183,20.84171311058717,0,0
2020-01-07,0.0023375150636625926,0.4072679182858379,-0.4563254587954973,20.587013725013218,0,0
2020-01-08,-0.003342592086888768,0.40392532619894916,-0.5109480849485766,21.03118780979265,0,0
2020-01-09,0.0010741951041621694,0.40499952130311134,-0.49848311264246037,20.930105280808743,0,0
2020-01-10,0.000504148187268659,0.40550366949038,-0.4724406845524008,20.89929563828429,0,0
2020-01-13,-0.0001641133085429475,0.4053395561818371,-0.4807946114083657,20.95187201633915,0,0
2020-01-14,-0.00044668584620555284,0.40489287033563154,-0.563536663080286,21.040185358570675,0,0
2020-01-15,0.004848952770544042,0.4097418231061756,-0.5372467656278783,20.457461561260825,0,0
2020-01-16,-0.0038344656854929367,0.4059073574206826,-0.5669685375604085,20.977336867684492,0,0
2020-01-17,-0.004334103329705829,0.4015732540909768,-0.5591376562553545,21.563211071013,0,0
2020-01-20,8.096890700400408e-05,0.40165422299798076,-0.5381193805566304,21.58483164679041,0,0
2020-01-21,-0.0011670240535797682,0.400487198944401,-0.5177505543046993,21.767442164520624,0,0
2020-01-22,0.0015085285493185471,0.40199572749371953,-0.5029129386491884,21.60367792966499,0,0
2020-01-23,-0.014868638962125454,0.38712708853159405,-0.5956795935054185,23.57605194975505,0,0
2020-01-24,-0.001422773176252922,0.3857043153553411,-0.5964891965942092,23.790853818350335,0,0
2020-01-27,-0.0022946215447167354,0.3834096938106244,-0.6434483269226523,24.119317791421594,1,0
2020-01-28,-0.0024948025843291896,0.3809148912262952,-0.6404000828802192,24.475346018068436,1,0
2020-01-29,0.0006362943833076173,0.38155118560960277,-0.6241405254230705,24.424286763301133,1,0
2020-01-30,0.0007176848371415244,0.3822688704467443,-0.6847524387429743,24.36206296736296,1,0
2020-01-31,0.004306538491901926,0.3865754089386462,-0.6410145219771395,23.825371395662025,1,0
2020-02-03,0.006359819943463198,0.3929352288821094,-0.6273537143474648,23.01425089121613,1,0
2020-02-04,-0.009487110721802625,0.3834481181603068,-0.665390962693859,24.306072539558922,1,0
2020-02-05,-0.00799375843820511,0.37545435972210167,-0.6984738929608204,25.396027689687582,1,0
2020-02-06,-0.000826832289582875,0.3746275274325188,-0.734999057532467,25.53739040208866,1,0
2020-02-07,0.011666609168181288,0.3862941366007001,-0.6024399299813943,24.017590531026983,0,0
2020-02-10,-0.0004304787764263338,0.3858636578242738,-0.6096178119825134,24.106401465714118,0,0
2020-02-11,0.0010431988479592562,0.38690685667223307,-0.5631421697045249,23.99996569607274,0,0
2020-02-12,-0.0035288333845830107,0.3833780232876501,-0.7616192058641718,24.502953896881472,1,0
2020-02-13,-0.0067833839687793055,0.37659463931887077,-0.5310997555569376,25.444387077866537,0,0
2020-02-14,-0.000400073327362852,0.3761945659915079,-0.4737623859575978,25.5300860472997,0,0
2020-02-17,0.00247755092515506,0.37867211691666297,-0.39193382571399316,25.22768802119381,0,0
2020-02-18,-0.0021080929287161836,0.3765640239879468,-0.3510471567490621,25.54569949149311,0,0
2020-02-19,-0.001204469945400278,0.3753595540425465,-0.3615598615161181,25.741986165169013,0,0
2020-02-20,-0.0055519868962485225,0.369807567146298,-0.5438591921525188,26.53549717673946,0,1
2020-02-21,-0.006505597906914462,0.3633019692393835,-0.6557734416690416,27.46196465860804,1,1
2020-02-24,-0.001270291435867879,0.36203167780351564,-0.7899025058535748,27.668827848663476,1,1
2020-02-25,0.0025085454776489543,0.3645402232811646,-0.7378643799052222,27.353600415853858,1,1
2020-02-26,0.009599267980784299,0.3741394912619489,-0.6781217136726044,26.050102316630316,1,1
2020-02-27,-0.004154852364545826,0.3699846388974031,-0.6806857870066724,26.65757549779919,1,1
2020-02-28,-0.0006926841930582682,0.3692919547043448,-0.674808208584712,26.78589495263189,1,1
2020-03-02,-0.001155862450441786,0.368136092253903,-0.6599666338257083,26.97953660213109,1,1
2020-03-03,-0.0019754694521636933,0.3661606228017393,-0.7209715946815126,27.289347804342757,1,1
2020-03-04,-0.005311079695200833,0.36084954310653844,-0.7508550407484743,28.072221903044333,1,1
2020-03-05,0.005999633891699821,0.36684917699823827,-0.7904458062159022,27.253887597162183,1,1
2020-03-06,-0.0004945324547621385,0.3663546445434761,-0.7550480835039762,27.356099907178827,1,1
2020-03-09,-0.00915029667276653,0.3572043478707096,-0.7573801835481204,28.69455900759635,1,1
2020-03-10,-0.0027255006056779935,0.3544788472650316,-0.7428165127385706,29.114136383182878,1,1
2020-03-11,-0.005386333392110257,0.34909251387292134,-0.8332848890185742,29.915851743231215,1,1
2020-03-12,-0.012057351787627128,0.3370351620852942,-0.9176299932621235,31.674901515621983,1,1
2020-03-13,0.003520693077076339,0.3405558551623706,-0.9132027813225074,31.208268381652456,1,1
2020-03-16,0.003313699458982463,0.34386955462135305,-0.8840086257732604,30.768913785746044,1,1
2020-03-17,0.003305549127805717,0.3471751037491588,-0.8379267970690304,30.328603972005567,1,1
2020-03-18,0.007813864599508877,0.35498896834866767,-0.7601828537801277,29.239100607539427,1,1
2020-03-19,0.005918768047946653,0.36090773639661433,-0.8909688266395376,28.422852592389315,1,1
2020-03-20,-0.000709757670207373,0.36019797872640696,-0.908232502481953,28.556746046170577,1,1
2020-03-23,-0.0009282658677894377,0.35926971285861753,-0.8921026141110624,28.722769727404476,1,1
2020-03-24,0.004263322459843655,0.3635330353184612,-0.8730102015531702,28.13577882050487,1,1
2020-03-25,0.003274280582215931,0.3668073159006771,-0.8900041994154106,27.690695735007253,1,1
2020-03-26,0.00924831676266391,0.376055632663341,-0.8064169690338863,26.369123953321292,1,1
2020-03-27,-0.007857705156257125,0.3681979275070839,-0.8590783532596908,27.545727410548814,1,1
2020-03-30,0.0017127391304417212,0.36991066663752564,-0.7198684069017466,27.32869325457651,1,1
2020-03-31,0.003891155577402695,0.37380182221492836,-0.6817565482137431,26.79183052634257,1,1
2020-04-01,-0.0072268771731880885,0.36657494504174026,-0.5881982088221157,27.884509509296443,0,1
2020-04-02,-0.006253973090129816,0.36032097195161045,-0.5634440382252192,28.833739598091757,0,1
2020-04-03,-0.0019555826843596588,0.3583653892672508,-0.7646422365337515,29.152820464163632,1,1
2020-04-06,-0.00015411728219970333,0.3582112719850511,-0.7415300933885702,29.207573650781516,1,1
2020-04-07,-0.004087764716111972,0.3541235072689391,-0.747444314445807,29.846330428073774,1,1
2020-04-08,0.008019251949774571,0.3621427592187137,-0.6035020708990063,28.68369787346341,0,1
2020-04-09,-0.0005594904981164823,0.3615832687205972,-0.5474328867279468,28.798851633715547,0,1
2020-04-10,-0.007389918705843521,0.35419335001475366,-0.617487991368036,29.935376375740287,0,1
2020-04-13,0.005230500485164049,0.3594238504999177,-0.6087760050397196,29.186607714188426,0,1
2020-04-14,0.0010129112920095982,0.3604367617919273,-0.6050357955052187,29.067075449475407,0,1
2020-04-15,-0.0017233057410386012,0.35871345605088867,-0.5384603238147082,29.3583671111101,0,1
2020-04-16,-0.0004352934383043388,0.3582781626125843,-0.569770365244036,29.45622271346648,0,1
2020-04-17,-0.0031342190810896915,0.35514394353149464,-0.6035105170913492,29.96507645044582,0,1
2020-04-20,-0.002056159441319476,0.35308778409017516,-0.5796447717184597,30.311310037532397,0,1
2020-04-21,-0.0034947195613249647,0.3495930645288502,-0.585458346584386,30.88017178590154,0,1
2020-04-22,0.009798723554359233,0.35939178808320943,-0.5656769996296058,29.40072753327759,0,1
2020-04-23,-0.008502692202451114,0.35088909588075834,-0.7796056099872998,30.73470809663123,1,1
2020-04-24,0.00247143515227945,0.3533605310330378,-0.850284967352428,30.3897815785901,1,1
2020-04-27,0.0032898628638997366,0.35665039389693753,-0.7136525795916986,29.91754036250553,1,1
2020-04-28,0.0006455856229439011,0.35729597951988146,-0.6530717258225176,29.850171568254947,1,1
2020-04-29,-0.002900859508006761,0.3543951200118747,-0.66804403057774,30.33128468829017,1,1
2020-04-30,0.004163963231634446,0.3585590832435091,-0.7471827251164965,29.715663406993382,1,1
2020-05-01,-0.006674574626121358,0.35188450861738774,-0.7801526992683769,30.789262841136644,1,1
2020-05-04,0.004557500813152572,0.35644200943054033,-0.7698931992089139,30.1104050226584,1,1
2020-05-05,-0.0018768315411332958,0.35456517788940706,-0.8475134296499951,30.435992717454393,1,1
2020-05-06,0.005039615065712209,0.35960479295511927,-0.8532801419151637,29.67552339851463,1,1
2020-05-07,0.013393942495954644,0.3729987354510739,-0.7426920683764306,27.59682377414738,1,1
2020-05-08,0.0076207428257850035,0.38061947827685894,-0.5910997571547072,26.451047251515163,0,1
2020-05-11,-0.002623010330805286,0.3779964679460536,-0.6305776906651509,26.887544289246563,1,1
2020-05-12,0.005215215005120073,0.3832116829511737,-0.5458768927205073,26.111437281898425,0,1
2020-05-13,0.0009161239513994119,0.3841278069025731,-0.4998651542052276,26.001206117627284,0,1
2020-05-14,-0.003951834276636913,0.38017597262593616,-0.4204056819623184,26.65027185478719,0,1
2020-05-15,0.0012167258122248183,0.381392698438161,-0.342827545898592,26.49161696944648,0,1
2020-05-18,0.00042015301643766014,0.38181285145459865,-0.44052467033213705,26.457419696359366,0,1
2020-05-19,-0.006951834781422003,0.3748610166731766,-0.5595795167025774,27.591196687403556,0,1
2020-05-20,0.002228965296139104,0.3770899819693157,-0.6166362176736211,27.2703794824254,0,1
2020-05-21,0.0005967340027453717,0.37768671597206105,-0.5442456172109054,27.207452184757692,0,1
2020-05-22,-0.01477522951432467,0.36291148645773635,-0.5228977401099323,29.603598141466136,0,1
2020-05-25,-0.00440800034842501,0.3585034861093113,-0.5963959212021009,30.32303254334932,0,1
2020-05-26,0.0027116610031103537,0.3612151471124217,-0.596762913994724,29.930872940443653,0,1
2020-05-27,0.0022777290667547224,0.3634928761791764,-0.551915897418923,29.604900720790774,0,1
2020-05-28,0.005206364113740672,0.36869924029291706,-0.5610735394741909,28.81451871712828,0,1
2020-05-29,0.004307675408180784,0.37300691570109784,-0.5915982276669743,28.164824172554646,0,1
2020-06-01,0.002112902536176008,0.37511981823727386,-0.534170565886436,27.861426969772296,0,1
2020-06-02,0.008427430214803132,0.383547248452077,-0.4275048227767132,26.54877769985913,0,1
2020-06-03,-0.00280919421526004,0.38073805423681695,-0.3746878628331043,27.02694869306136,0,1
2020-06-04,-0.0025920241202855823,0.37814603011653136,-0.4628211109320319,27.472535065754037,0,1
2020-06-05,0.0016762915679979207,0.3798223216845293,-0.41105996317547217,27.235796743575516,0,1
2020-06-08,0.00076960575095194,0.3805919274354812,-0.3575602068867196,27.143757990850222,0,1
2020-06-09,0.004301284838942791,0.38489321227442397,-0.23071236217561764,26.478515913321587,0,1
2020-06-10,-0.010801864236633534,0.3740913480377904,-0.290861656112129,28.266730234371856,0,1
2020-06-11,-0.004933057769600228,0.3691582902681902,-0.30277355593746214,29.09134211292716,0,1
2020-06-12,0.0006411364597730002,0.3697994267279632,-0.36780513404047144,29.020118211085144,0,1
2020-06-15,-0.0013719391048766104,0.3684274876230866,-0.5001697782905223,29.27429727858424,0,1
2020-06-16,0.0024853241123681995,0.37091281173545476,-0.485033847246144,28.901621231413937,0,1
2020-06-17,-0.0004610123506190879,0.3704517993848357,-0.5021229997782399,29.00906020404906,0,1
2020-06-18,0.004457452818789722,0.3749092522036254,-0.3942222383693,28.30755086560717,0,1
2020-06-19,0.002907714025286631,0.37781696622891203,-0.4155004986245083,27.859792079206553,0,1
2020-06-22,-0.0038723471042137305,0.3739446191246983,-0.35625325367924965,28.533575807373065,0,1
2020-06-23,4.8155958929653865e-05,0.37399277508362794,-0.44440632902022315,28.557576916651076,0,1
2020-06-24,-0.0005836609852077186,0.3734091140984202,-0.4379591314563222,28.68720845523357,0,1
2020-06-25,0.0017644543727692629,0.3751735684711895,-0.387556946649785,28.422404328634524,0,1
2020-06-26,0.000276472184774531,0.37545004065596405,-0.3091552591038476,28.40766040132775,0,1
2020-06-29,0.0037147045422710875,0.3791647451982351,-0.2680976998218945,27.80785924776991,0,1
2020-06-30,0.006693023828085412,0.3858577690263205,-0.17217695300716165,26.69754640535641,0,1
2020-07-01,-0.0027914189039664845,0.383066350122354,-0.21924862507961515,27.20514492204358,0,1
2020-07-02,0.001227871656362189,0.3842942217787162,-0.2604178407838677,27.02701900928201,0,1
2020-07-03,0.0045281817938581945,0.3888224035725744,-0.26255254711124476,26.279796286468063,0,1
2020-07-06,-0.0026072092032504565,0.38621519436932394,-0.3677688765292832,26.761482517590714,0,1
2020-07-07,-0.002620653492713586,0.3835945408766104,-0.41681002740463735,27.247572797991435,0,1
2020-07-08,-0.003087966727674563,0.3805065741489358,-0.5166051591372919,27.81709054846557,0,1
2020-07-09,-0.004201046632285028,0.37630552751665075,-0.5544837910497502,28.583361821551684,0,1
2020-07-10,0.0014324087616296682,0.3777379362782804,-0.5887688861017533,28.36434830753367,0,1
2020-07-13,-0.006702532906117282,0.3710354033721631,-0.6524583654628289,29.57731618531379,1,1
2020-07-14,0.00554740599905545,0.3765828093712186,-0.5756658141459171,28.634103233122634,0,1
2020-07-15,-0.006497547239495855,0.3700852621317227,-0.6318874851599489,29.808688624916545,1,1
2020-07-16,-0.0006451672151938425,0.36944009491652885,-0.6831465742871595,29.95395024835562,1,1
2020-07-17,0.0015005189336855615,0.37094061385021443,-0.6056270658438913,29.721052830421733,0,1
2020-07-20,-0.003910669380465339,0.36702994446974907,-0.6860088403337733,30.44718124711987,1,1
2020-07-21,-0.01127115226261869,0.35575879220713036,-0.8465505274320818,32.485729429962085,1,1
2020-07-22,0.0025315898259042815,0.35829038203303465,-0.7684359414879551,32.07468833844315,1,1
2020-07-23,-0.002992787212985587,0.3552975948200491,-0.7831895664327103,32.63289583020989,1,1
2020-07-24,-0.002611493644935829,0.35268610117511323,-0.9494326811925864,33.12598224266382,1,1
2020-07-27,0.0015047064222251045,0.35419080759733834,-1.0413501908282927,32.89111560474882,1,1
2020-07-28,-0.0010338542505677,0.35315695334677066,-1.0236879055328165,33.10747594665443,1,1
2020-07-29,0.010185012652533264,0.3633419659993039,-0.9849007676466256,31.313190331087917,1,1
2020-07-30,-0.004457453319051385,0.3588845126802525,-1.0299051253716234,32.133965503086486,1,1
2020-07-31,-0.005592699157120165,0.3532918135231323,-1.0717669213001277,33.15778195554724,1,1
2020-08-03,0.0019455071031784898,0.3552373206263108,-1.074190484900395,32.844743315935666,1,1
2020-08-04,0.0032475145921637056,0.3584848352184745,-1.0391764259288714,32.29784924262171,1,1
2020-08-05,-0.0016293827284106853,0.35685545249006384,-1.0886686887550465,32.62142834989069,1,1
2020-08-06,0.003308378822817099,0.36016383131288093,-0.777559671743899,32.05828408201542,1,1
2020-08-07,-0.001375150606205033,0.3587886807066759,-0.7889718518894812,32.33859558981384,1,1
2020-08-10,-0.0036594549370815247,0.3551292257695944,-0.7654282652064164,33.034959396870356,1,1
2020-08-11,0.005499228636636188,0.3606284544062306,-0.7951402467968065,32.06539445155522,1,1
2020-08-12,-0.004024324229963431,0.3566041301762672,-0.6616209613925081,32.83034032771175,1,1
2020-08-13,0.0018168075410401627,0.3584209377173074,-0.22661264129768602,32.53057750750331,0,1
2020-08-14,0.0027511610226818167,0.3611720987399892,-0.11160461003915143,32.05760239658692,0,1
2020-08-17,0.010505316630166,0.3716774153701552,-0.06790470164891306,30.153023989531523,0,1
2020-08-18,0.004165781536046859,0.37584319690620205,0.17597298053699106,29.428947925723634,0,1
2020-08-19,-0.005046479762220226,0.3707967171439818,0.14336689382845338,30.379149766985496,0,1
2020-08-20,0.00212959187188574,0.37292630901586754,0.1959188630128841,30.023336145741712,0,1
2020-08-21,0.0022226168080398396,0.37514892582390735,0.021883634660399165,29.648592129686698,0,1
2020-08-24,-0.0018474759359140475,0.3733014498879933,0.08509006491918567,30.02033357946795,0,1
2020-08-25,-0.0020747791387882093,0.37122667074920507,-0.07454022443000903,30.43582692938448,0,1
2020-08-26,-0.002087517291433607,0.3691391534577715,-0.13417649317860125,30.855578691301236,0,1
2020-08-27,-0.005615598085684072,0.3635235553720874,-0.2208505529638428,31.93577538415647,0,1
2020-08-28,0.00803591266077806,0.3715594680328655,-0.14637929881115894,30.468679336796285,0,1
2020-08-31,-0.00020905227199064343,0.37135041576087485,-0.0702689763323195,30.539411012813,0,1
2020-09-01,0.003458145165437003,0.3748085609263119,-0.092518729412827,29.92716786462833,0,1
2020-09-02,-0.0038152161138801845,0.3709933448124317,-0.022345308467591436,30.672351565890473,0,1
2020-09-03,-0.00037660996429428664,0.3706167348481374,-0.19075750803913818,30.774959616792874,0,1
2020-09-04,0.0010187022134308722,0.37163543706156826,-0.20406378003403763,30.614903513863563,0,1
2020-09-07,0.006331710714485168,0.37796714777605345,-0.3442110262884213,29.446478691784364,0,1
2020-09-08,-0.0039076792158596685,0.3740594685601938,-0.6405003689497568,30.217478480863132,1,1
2020-09-09,-0.0012547046118115744,0.3728047639483822,-0.7083893251988346,30.48738884085231,1,1
2020-09-10,-0.005218050313414773,0.3675867136349674,-0.7980602356323683,31.51418281323949,1,1
2020-09-11,-0.0027919931663599245,0.3647947204686075,-0.7925939901759286,32.07849778331855,1,1
2020-09-14,-0.00465838196944391,0.3601363384991636,-0.8869342172982169,33.002326028854206,1,1
2020-09-15,-0.003912437495223436,0.3562239010039402,-1.0319785172227565,33.784229630461404,1,1
2020-09-16,-0.0013303969996756458,0.35489350400426456,-1.093103280410037,34.07187854049327,1,1
2020-09-17,0.0012968601117329804,0.3561903641159975,-1.056751742875258,33.85334381437397,1,1
2020-09-18,0.004387147709224252,0.3605775118252218,-1.0932114528599457,33.033188813350165,1,1
2020-09-21,-0.001955297790314248,0.35862221403490757,-1.3008358516855485,33.445595803988454,1,1
2020-09-22,0.0007360539434941316,0.3593582679784017,-1.2013708925185602,33.333699162305564,1,1
2020-09-23,0.0015334366111555261,0.3608917045895572,-1.351597048561932,33.06420582040579,1,1
2020-09-24,0.0005005747592725309,0.3613922793488297,-1.2776773574241178,32.99727468448072,1,1
2020-09-25,0.00011516816125114668,0.36150744751008085,-1.354986142847136,33.006389948694455,1,1
2020-09-28,-0.0018965176660576065,0.35961092984402326,-1.4027200218704097,33.41758540045118,1,1
2020-09-29,0.0010303939276920166,0.36064132377171526,-1.396071911991095,33.24255900446446,1,1
2020-09-30,-0.02619393072006823,0.33444739305164706,-1.5130123747330813,38.56684935361831,1,1
2020-10-01,0.007836068219096208,0.34228346127074327,-1.371405180011829,37.2157095464353,1,1
2020-10-02,-0.0004589727944793272,0.34182448847626395,-1.346393170317399,37.328310808519866,1,1
2020-10-05,0.0030166342132189215,0.34484112268948286,-1.088613999108613,36.82757419103588,1,1
2020-10-06,-0.0033432190345812247,0.3414979036549016,-0.9869052730484711,37.45244852414491,1,1
2020-10-07,-0.0021759728232208717,0.3393219308316808,-0.9593726638826383,37.87177608999881,1,1
2020-10-08,0.002174654811928429,0.3414965856436092,-0.8757842222241745,37.5147980873525,1,1
2020-10-09,-0.004186287140975001,0.33731029850263416,-0.9194127894802699,38.29929804836423,1,1
2020-10-12,0.00569796158534549,0.34300826008797963,-0.8500035460311804,37.30453005033423,1,1
2020-10-13,0.009123410143886521,0.35213167023186615,-0.5994051074443856,35.693005669969864,0,1
2020-10-14,-0.011022309680348664,0.34110936055151747,-0.7880393404319551,37.691505452751244,1,1
2020-10-15,-0.002841372260508253,0.33826798829100924,-0.7831952772315841,38.22229771426729,1,1
2020-10-16,-0.002616504905332737,0.3356514833856765,-0.8019624231171517,38.715610561494394,1,1
2020-10-19,0.0015956663194030172,0.3372471497050795,-0.9801451827268292,38.465014863097615,1,1
2020-10-20,0.006658785512055558,0.3439059352171351,-0.9009133271576203,37.31141960970619,1,1
2020-10-21,-0.005494391583178161,0.3384115436339569,-0.9213772462085664,38.31944045366358,1,1
2020-10-22,-0.004230459554494821,0.3341810840794621,-1.0050102847020028,39.103143852801324,1,1
2020-10-23,-0.002119073767474066,0.33206201031198807,-0.9384943444194794,39.512627277494246,1,1
2020-10-26,-0.0005472569351130359,0.331514753376875,-0.8987103026084138,39.64260395682994,1,1
2020-10-27,0.003513428823154508,0.33502818220002956,-0.9929584199002951,39.042046805766475,1,1
2020-10-28,-0.0017996562028036681,0.3332285259972259,-0.8417545375022177,39.399192584817165,1,1
2020-10-29,0.005748882347719319,0.3389774083449452,-0.7342453155529137,38.387198926823714,1,1
2020-10-30,-0.0012133159794056902,0.3377640923655395,-0.911424628768278,38.63943383683724,1,1
2020-11-02,0.009744549436505079,0.3475086418020446,-0.7790330874673688,36.89299136477947,1,1
2020-11-03,0.0035838194004779267,0.3510924612025225,-0.6656922226670039,36.27890351074351,1,1
2020-11-04,0.001364197759253539,0.3524566589617761,-0.5708769817740216,36.06414585608591,0,1
2020-11-05,-0.0029551132376184532,0.34950154572415765,-0.5797763932097287,36.63360579808234,0,1
2020-11-06,-0.001230375361729737,0.3482711703624279,-0.6177400701549411,36.89030470468637,0,1
2020-11-09,0.00019280928118215,0.34846397964361003,-0.6517177416861901,36.88690973264819,1,1
2020-11-10,0.0006066999552644461,0.3490706795988745,-0.6463152253127807,36.80687042975746,1,1
2020-11-11,0.0029805211739499012,0.3520512007728244,-0.7023850955328693,36.285273007478665,1,1
2020-11-12,0.010964487654833925,0.36301568842765836,-0.5136383176403149,34.27256106859453,0,1
2020-11-13,-0.004321322453548788,0.3586943659741096,-0.6491698194367084,35.09610564023292,1,1
2020-11-16,0.0020568150055111246,0.3607511809796207,-0.6910134117435816,34.75055799477795,1,1
2020-11-17,2.6735499773259026e-05,0.360777916479394,-0.6405563205489514,34.77763519670986,1,1
2020-11-18,-0.002605014319325269,0.35817290216006875,-0.6210657245699053,35.292986920389716,0,1
2020-11-19,-0.00022403607933892654,0.35794886608072984,-0.5971229245627063,35.366748667302694,0,1
2020-11-20,-0.005612538752001683,0.35233632732872816,-0.726405173978853,36.4507884055753,1,1
2020-11-23,-0.0013862237295307314,0.3509501035991974,-0.8444872098718798,36.74247623807494,1,1
2020-11-24,0.0007081005241157297,0.35165820412331317,-0.744708939286572,36.641122175428144,1,1
2020-11-25,-0.004723925613139724,0.34693427851017344,-0.8476013792902828,37.56789461449028,1,1
2020-11-26,-0.008980501016611358,0.3379537774935621,-0.9427345046320955,39.30286027754477,1,1
2020-11-27,0.0016043082176000402,0.33955808571116214,-0.8629610884935226,39.033913695771616,1,1
2020-11-30,0.005649942782390215,0.34520802849355237,-0.7621460381208661,38.00045804765739,1,1
2020-12-01,-0.01646791371944656,0.3287401147741058,-0.9921007167427915,41.135573772643205,1,1
2020-12-02,-0.0005545816836736346,0.3281855330904322,-0.9708057666903666,41.267261592918146,1,1
2020-12-03,0.0010007359419169166,0.3291862690323491,-0.9790539695617938,41.11837045656633,1,1
2020-12-04,0.001755586892856854,0.330941855925206,-0.9115078690179814,40.83124919770475,1,1
2020-12-07,0.004484342217852363,0.33542619814305835,-0.7721475633073182,40.043857452873915,1,1
2020-12-08,0.001688782438712291,0.33711498058177064,-0.8707947760083443,39.76670011537206,1,1
2020-12-09,0.0010605178696414589,0.3381754984514121,-0.8254329034454588,39.60354325357235,1,1
2020-12-10,0.002778798558704087,0.3409542970101162,-0.7719737034521623,39.12132424158008,1,1
2020-12-11,-0.0011301358106218242,0.3398241611994944,-0.7205427836220849,39.3633589007361,1,1
2020-12-14,7.06260632783594e-05,0.3398947872627727,-0.8587602780898691,39.38217025884221,1,1
2020-12-15,0.01318968639679272,0.35308447365956547,-0.6563639063328287,36.93515284193932,1,1
2020-12-16,-0.0009019029785885928,0.35218257068097686,-0.6608326986415612,37.13187877275356,1,1
2020-12-17,9.097682993765646e-05,0.3522735475109145,-0.6893396685846224,37.14717905742509,1,1
2020-12-18,-6.884031208519593e-05,0.3522047071988293,-0.7108852284028179,37.19190480937021,1,1
2020-12-21,0.005854500112064143,0.3580592073108934,-0.595403532998643,36.136177157049445,0,1
2020-12-22,-0.007522599240632652,0.35053660807026077,-0.7221004677242887,37.564379776916034,1,1
2020-12-23,0.0026469332166767327,0.3531835412869375,-0.6425386082255157,37.107775318704014,1,1
2020-12-24,0.006342269230257026,0.35952581051719457,-0.5911578820201231,35.963873824753655,0,1
2020-12-25,-0.0013692367856955965,0.35815657373149895,-0.5670956869657361,36.249194977608596,0,1
2020-12-28,-0.002159951109418333,0.3559966226220806,-0.607061286598808,36.682965176536584,0,1
2020-12-29,-0.0023901117295292524,0.35360651089255135,-0.6427041564786654,37.16170297609641,1,1
2020-12-30,-0.00022315600896985114,0.3533833548835815,-0.6434354247526567,37.23561467866203,1,1
2020-12-31,-0.0035040853731950028,0.3498792695103865,-0.6807362713838878,37.929398355817014,1,1
2021-01-01,-0.0014199296155756192,0.34845933989481087,-0.7597270611041939,38.230442419919974,1,1
2021-01-04,-0.0027499948685183956,0.34570934502629247,-0.7466625419804,38.78629281750898,1,1
2021-01-05,-0.0012011621392431695,0.3445081828870493,-0.7086696885304906,39.048068532449754,1,1
2021-01-06,0.0021813514324140726,0.34668953431946337,-0.6822867679124803,38.66052543400043,1,1
2021-01-07,-0.00025897084758974565,0.3464305634718736,-0.671061574441003,38.74258144885198,1,1
2021-01-08,0.004782000525244683,0.3512125639971183,-0.6293607957252884,37.84511660781465,1,1
2021-01-11,-0.0016370711934997632,0.34957549280361855,-0.4732135004884318,38.19557115876204,0,1
2021-01-12,0.015044657689985997,0.3646201504936045,-0.26100986020281775,35.285852477380935,0,1
2021-01-13,0.003951513915070043,0.36857166440867456,-0.18352829566979217,34.57708548615988,0,1
2021-01-14,0.0029822310770159753,0.3715538954856905,-0.1157557885010583,34.048571992105764,0,1
2021-01-15,0.0031801481011731227,0.37473404358686363,-0.08423556094637567,33.48049096848036,0,1
2021-01-18,-0.0020975458985541748,0.3726364976883095,-0.11898815931145006,33.9097672628778,0,1
2021-01-19,0.007659562699167671,0.38029606038747715,-0.07733082582502898,32.48401718657199,0,1
2021-01-20,0.007282140890024167,0.3875782012775013,-0.06590927979321323,31.138966528974247,0,1
2021-01-21,0.002157272502169471,0.38973547377967077,0.07786027283305748,30.76511720440825,0,1
2021-01-22,0.006674152896656088,0.39640962667632684,0.2599199284247164,29.53541741215769,0,1
2021-01-25,0.0033184667583193925,0.3997280934346462,0.31110743221625825,28.94221188928186,0,1
2021-01-26,-0.0015409801479191612,0.39818711328672707,0.14892208193552192,29.265569969942096,0,1
2021-01-27,-3.209624967203512e-05,0.398155017037055,0.15391325357862007,29.30367968505964,0,1
2021-01-28,-0.0010131143850678694,0.3971419026519872,0.12816273110564638,29.529365778968675,0,1
2021-01-29,-0.0021937441089410416,0.39494815854304616,0.14496882582079043,29.98309015734811,0,1
2021-02-01,0.004092959043479191,0.39904111758652533,0.281925605999959,29.224546421449652,0,1
2021-02-02,-0.004542950249007221,0.39449816733751814,0.22950894969516958,30.135920163070036,0,1
2021-02-03,0.002336914114872997,0.39683508145239116,0.22775726308737207,29.71499017456497,0,1
2021-02-04,-0.004802365827081196,0.39203271562530995,0.1936832385184139,30.682069073293437,0,1
2021-02-05,0.003926382730607729,0.3959590983559177,0.257659462902033,29.94901922312029,0,1
2021-02-08,0.005460045101854492,0.4014191434577722,0.39550007668638437,28.914591150375134,0,1
2021-02-09,0.001404640264407719,0.4028237837221799,0.4961232019097297,28.672466903320498,0,1
2021-02-10,0.000355496220393642,0.4031792799425736,0.5166136844651569,28.63472503502323,0,1
2021-02-11,-0.006723445310861299,0.3964558346317123,0.3993977765937826,29.99353035114787,0,1
2021-02-12,-0.002896243605410324,0.393559591026302,0.24458700013286916,30.59460094730887,0,1
2021-02-15,-0.005154289669518958,0.38840530135678303,0.23182579938549344,31.64329394391988,0,1
2021-02-16,0.014405665647337801,0.40281096700412083,0.41518805687187926,28.834334127534994,0,1
2021-02-17,-0.005010263381539552,0.3978007036225813,0.3667497584959331,29.816591378821318,0,1
2021-02-18,0.0021775439508937926,0.3999782475734751,0.41810094052722596,29.435376643633678,0,1
2021-02-19,-0.009973555259539043,0.3900046923139361,0.3584779636103183,31.369106567599733,0,1
2021-02-22,-0.006495306240358415,0.38350938607357765,0.2047151229428396,32.6214153851505,0,1
2021-02-23,0.0011135609895365937,0.38462294706311423,0.22446175074742747,32.44480059323657,0,1
2021-02-24,-5.4081636866504506e-05,0.38456886542624774,0.3384144166006672,32.4869980471149,0,1
2021-02-25,-0.0072005541775599395,0.3773683112486878,0.28209606871636517,33.88334949967433,0,1
2021-02-26,0.014666106000260573,0.3920344172489484,0.522105852424048,31.150109709347717,0,1
2021-03-01,0.004173063053702638,0.396207480302651,0.7267051214939552,30.423717608581278,0,1
2021-03-02,-0.0004864781531809194,0.3957210021494701,0.678021318227343,30.54435456386694,0,1
2021-03-03,0.001861129783604995,0.39758213193307507,0.6605119275975111,30.235350156138875,0,1
2021-03-04,0.0016238293520478052,0.39920596128512287,0.6401987773422664,29.968304540742647,0,1
2021-03-05,0.005679961655132226,0.4048859229402551,0.6152449821988273,28.94874205361238,0,1
2021-03-08,0.0008058623548884723,0.4056917852951436,0.5535689726301521,28.831646815339024,0,1
2021-03-09,0.0014375876127866575,0.4071293729079303,0.5800773627579737,28.59616047491056,0,1
2021-03-10,5.468744552417212e-05,0.40718406035345445,0.5922823664771711,28.617939167728046,0,1
2021-03-11,-0.0029523696213091723,0.40423169073214527,0.5033534918565346,29.205455242463408,0,1
2021-03-12,0.003024431210625016,0.4072561219427703,0.5003205444922144,28.666125588836334,0,1
2021-03-15,0.00381347167921362,0.4110695936219839,0.43541218826642764,27.974936986827764,0,1
2021-03-16,0.0028404758836601545,0.4139100695056441,0.5709747303074383,27.466788430633187,0,1
2021-03-17,-0.005512516819718909,0.40839755268592515,0.479610341445156,28.551372788633742,0,1
2021-03-18,-0.0022923265493848344,0.4061052261365403,0.4028088770225127,29.020814135711966,0,1
2021-03-19,0.001631684540375885,0.4077369106769162,0.5153648055238832,28.74000176704808,0,1
2021-03-22,2.1140306036777494e-05,0.407758050982953,0.5958646689038641,28.767936869013614,0,1
2021-03-23,0.0069990632770972625,0.41475711426005024,0.7060390957475311,27.443286788041902,0,1
2021-03-24,-0.0031248375585174702,0.4116322767015328,0.6682671442320339,28.078094260247532,0,1
2021-03-25,-0.004732330716707407,0.4068999459848254,0.6598964908101884,29.026352072840627,0,1
2021-03-26,0.0017244013070440507,0.4086243472918694,0.583880567913547,28.7241837756258,0,1
2021-03-29,-0.003986531508697495,0.40463781578317193,0.5401163367137453,29.532728079885675,0,1
2021-03-30,0.0012873047484940872,0.405925120531666,0.6518615082925978,29.31340999327796,0,1
2021-03-31,-0.0013773012923945377,0.40454781923927147,0.5696354750495483,29.61577553432378,0,1
2021-04-01,0.0027188021477083193,0.4072666213869798,0.5908999265428425,29.11123572069604,0,1
2021-04-02,-0.007332148504662518,0.39993447288231726,0.5179569440511503,30.59618095846961,0,1
2021-04-05,0.007366821749539879,0.40730129463185716,0.6135143632791636,29.17760954768378,0,1
2021-04-06,0.0024521430756832543,0.4097534377075404,0.6837536424667859,28.729807064084465,0,1
2021-04-07,0.0002227973297025435,0.40997623503724295,0.7125777183431784,28.718027438291944,0,1
2021-04-08,-0.0002609790780480388,0.4097152559591949,0.7538906621820481,28.801626352569972,0,1
2021-04-09,-0.0008542187286034505,0.4088610372305914,0.6247788174237264,29.003470972749938,0,1
2021-04-12,0.002009865462347178,0.4108709026929386,0.761987070865012,28.633632077793266,0,1
2021-04-13,0.0019671532884685495,0.4128380559814071,0.755702778423566,28.27042515373948,0,1
2021-04-14,0.0007434787106354298,0.4135815346920425,0.7238807839200408,28.152334665236896,0,1
2021-04-15,-0.0007320943662748141,0.4128494403257677,0.7063216357843625,28.332981977043683,0,1
2021-04-16,-0.007478785581104329,0.4053706547446634,0.6455415191619576,29.892019141955938,0,1
2021-04-19,-0.003875138148341563,0.4014955165963218,0.5437069504543166,30.709275748748965,0,1
2021-04-20,-0.013215789743406543,0.3882797268529153,0.45606764832227153,33.42521237736651,0,1
2021-04-21,-0.0007280582763971229,0.3875516685765182,0.39041188044048536,33.60007736692571,0,1
2021-04-22,-0.0069845519710203235,0.38056711660549786,0.32512607790739106,35.01033433984409,0,1
2021-04-23,-0.005895933666704722,0.37467118293879315,0.1882249454947942,36.199812076470145,0,1
2021-04-26,0.0024807722154139076,0.3771519551542071,0.05259884459124768,35.74575244556396,0,1
2021-04-27,-0.004935027622582983,0.3722169275316241,-0.1067056731493537,36.74897305679704,0,1
2021-04-28,0.004340606593114256,0.37655753412473836,-0.018255310767125926,35.92647416338615,0,1
2021-04-29,0.0017938462219966918,0.37835138034673504,-0.06178093415926222,35.604791591652514,0,1
2021-04-30,0.0012094934830005671,0.37956087382973563,-0.058048839936672064,35.39711822785129,0,1
2021-05-03,-0.00861324161270644,0.3709476322170292,-0.11674981783669608,37.145309115865366,0,1
2021-05-04,-0.008143086241417777,0.3628045459756114,-0.23397142721566352,38.781993959938035,0,1
2021-05-05,0.0006609033915669467,0.36346544936717834,-0.23093566495543846,38.684927902759505,0,1
2021-05-06,0.011806229678415388,0.3752716790455937,0.005131517453651707,36.39803261710011,0,1
2021-05-07,0.00350430594490831,0.378775984990502,0.02105580412115154,35.75842502039101,0,1
2021-05-10,0.00197893741296281,0.3807549224034648,0.038307023145705006,35.40996017813387,0,1
2021-05-11,-0.004169739751076031,0.3765851826523888,0.17346587730425556,36.24761786808191,0,1
2021-05-12,-0.008401625836058935,0.36818355681632986,0.12229631469229252,37.90621303173191,0,1
2021-05-13,-0.006589014619302801,0.3615945421970271,0.004779334570820419,39.20199108405196,0,1
2021-05-14,-0.004749488248925666,0.3568450539481014,-0.08363025457314617,40.14184128887791,0,1
2021-05-17,0.003163210933084146,0.36000826488118554,-0.10948264609271915,39.56860706009401,0,1
2021-05-18,0.003493170455500221,0.3635014353366858,-0.11980416636349832,38.92979320128978,0,1
2021-05-19,0.004213473999942382,0.36771490933662815,-0.09322981143218541,38.1500853875332,0,1
2021-05-20,0.0023835792746106934,0.37009848861123884,-0.1702140976002752,37.72200078138397,0,1
2021-05-21,0.00044993774185893157,0.37054842635309776,-0.12904125852481846,37.66676423606674,0,1
2021-05-24,0.0014864335882233736,0.3720348599413211,-0.07741810505807563,37.40888773683936,0,1
2021-05-25,0.0015012145467656966,0.37353607448808684,-0.07963964258596704,37.146576307096396,0,1
2021-05-26,-0.0014486707950141016,0.37208740369307275,-0.10773080090497354,37.46410636034905,0,1
2021-05-27,-0.0020957598939408987,0.36999164379913185,-0.18898824737587616,37.911368421273465,0,1
2021-05-28,-0.007325960295252589,0.3626656835038793,-0.14564093635542402,39.40188824454273,0,1
2021-05-31,0.00027876128677747783,0.36294444479065674,-0.0793609887150785,39.37875527592043,0,1
2021-06-01,0.0023832905496545473,0.36532773534031127,-0.05708595639601561,38.93659955343389,0,1
2021-06-02,0.0006993712253099411,0.3660271065656212,-0.030646787409091422,38.82884254307995,0,1
2021-06-03,-0.004647629001906458,0.36137947756371475,-0.12156715327590009,39.794934284601474,0,1
2021-06-04,0.004166917087741719,0.36554639465145644,-0.06246434540103594,38.98886082884387,0,1
2021-06-07,-0.002011462780283034,0.3635349318711734,-0.14502918265643114,39.426124299611224,0,1
2021-06-08,0.0023645231996509575,0.3658994550708244,-0.1519911884479305,38.97944417585862,0,1
2021-06-09,0.0012232049077934956,0.36712265997861787,-0.08709753178667379,38.76271628361185,0,1
2021-06-10,-0.0008995264210181844,0.36622313355759967,-0.09919073339835967,38.978636556213914,0,1
2021-06-11,-8.593756911960161e-05,0.36613719598848005,-0.09283886939276488,39.02831429855673,0,1
2021-06-14,-0.0017599521910347186,0.36437724379744535,-0.13783715649510003,39.42426020083097,0,1
2021-06-15,0.0034014749113930828,0.36777871870883844,-0.09784667203128136,38.74935492834615,0,1
2021-06-16,-0.0009174788980458634,0.36686123981079255,-0.1570999097968643,38.97259019588034,0,1
2021-06-17,0.0002763318429953318,0.3671375716537879,-0.2399245728069852,38.94668345892006,0,1
2021-06-18,-0.005403091341685882,0.36173448031210204,-0.27292666761222334,40.117655985322884,0,1
2021-06-21,-0.0007211974874955036,0.36101328282460654,-0.29789616583130474,40.30143366854403,0,1
2021-06-22,-0.004628753880468073,0.35638452894413847,-0.4151031770300271,41.31302736642319,0,1
2021-06-23,0.010061564111492668,0.36644609305563114,-0.25099565794773926,39.215210573256435,0,1
2021-06-24,-0.0007190523701266952,0.36572704068550443,-0.22696324912161694,39.39642839100795,0,1
2021-06-25,0.0002521662431105721,0.365979206928615,-0.18466973383826527,39.37581496367027,0,1
2021-06-28,-0.0013386308102277696,0.36464057611838724,-0.14846989207228953,39.688786553602526,0,1
2021-06-29,0.002918560863463625,0.3675591369818509,-0.12948520166528657,39.104959033868504,0,1
2021-06-30,0.005052473750986808,0.3726116107328377,0.02008193031019665,38.06703993548756,0,1
2021-07-01,-0.0016329791782988354,0.37097863155453886,-0.07156506500915644,38.44456704940917,0,1
2021-07-02,-0.00569940847786829,0.3652792230766706,-0.061421480500201804,39.688645021451286,0,1
2021-07-05,-0.0013145979376825378,0.3639646251389881,-0.06996950713316206,39.9994739870646,0,1
2021-07-06,0.0018259071411852556,0.36579053228017333,-0.06580557267204981,39.642149692853835,0,1
2021-07-07,-0.006115888804478454,0.3596746434756949,-0.09381459372430238,40.984635135932756,0,1
2021-07-08,-0.004521637739558249,0.3551530057361366,-0.007794359162836892,41.98154698135053,0,1
2021-07-09,-0.0019153366819939807,0.3532376690541426,-0.06502608384669241,42.42244472496093,0,1
2021-07-12,5.2766005656042355e-05,0.3532904350597987,-0.02585021198707755,42.44313512462715,0,1
2021-07-13,-0.004048872557590891,0.3492415625022078,-0.04432714982000056,43.34869745248603,0,1
2021-07-14,0.001999565815605777,0.35124112831781357,-0.03795340429311839,42.94870782203815,0,1
2021-07-15,-0.004854290969570218,0.3463868373482433,-0.08695010489641301,44.03440231825802,0,1
2021-07-16,-0.0006071532240063356,0.345779684124237,-0.22752399854942326,44.19811846002291,0,1
2021-07-19,0.0012874830380841464,0.3470671671623211,-0.15332269977141535,43.949250387563204,0,1
2021-07-20,0.000578248734937387,0.3476454158972585,-0.07344738359084856,43.854436197956396,0,1
2021-07-21,-0.0032045307608125633,0.34444088513644594,-0.14036521423696763,44.59327901307631,0,1
2021-07-22,-0.0020958890377980694,0.3423449960986479,-0.20995453774510822,45.08891944196112,0,1
2021-07-23,0.0007925165991965803,0.3431375126978445,-0.17847561943201676,44.94482043425367,0,1
2021-07-26,-0.003723130847449134,0.33941438185039535,-0.26991358994046316,45.80880397830419,0,1
2021-07-27,0.002901060917773481,0.34231544276816883,-0.21415801538898735,45.19139032841076,0,1
2021-07-28,-0.0008790262934655301,0.3414364164747033,-0.1781965489186957,45.42083250454869,0,1
2021-07-29,0.004068395698553995,0.3455048121732573,-0.19704852821935687,44.53397775278891,0,1
2021-07-30,0.004271905763804259,0.34977671793706155,-0.08893456713100777,43.60029558157562,0,1
2021-08-02,0.0011768950968619888,0.35095361303392353,-0.09728624447264513,43.366157099697624,0,1
2021-08-03,-0.0008364514021831352,0.3501171616317404,-0.14411385706349913,43.58834227757864,0,1
2021-08-04,-0.0013267020969044859,0.3487904595348359,-0.3011913598563334,43.92367472138745,0,1
2021-08-05,-0.007785409184492413,0.3410050503503435,-0.4568682510443779,45.7450131756135,0,1
2021-08-06,0.0007239382868411435,0.34172898863718465,-0.38196681864103227,45.61270358570376,0,1
2021-08-09,0.001747845695261261,0.3434768343324459,-0.38703561236476014,45.245752863626244,0,1
2021-08-10,0.002833125876084088,0.34630996020853,-0.37890647492690405,44.62793258239352,0,1
2021-08-11,0.0033964595203634044,0.3497064197288934,-0.30976173997000866,43.87830370003445,0,1
2021-08-12,0.0021756975856839678,0.35188211731457736,-0.2539351330068361,43.40849021014558,0,1
2021-08-13,-0.004636909161146468,0.3472452081534309,-0.28698761533007894,44.514623604326786,0,1
2021-08-16,0.0011881865280545995,0.3484333946814855,-0.19829984604789455,44.271636171486676,0,1
2021-08-17,0.0018601749921712727,0.35029356967365677,-0.2809635138866323,43.87081829089847,0,1
2021-08-18,-0.0012380541647351634,0.3490555155089216,-0.294524909568204,44.192252952777345,0,1
2021-08-19,0.007349038839018629,0.3564045543479402,-0.24222422092807844,42.497132549685006,0,1
2021-08-20,-0.0006607982126790379,0.35574375613526116,-0.20094591549985308,42.68269992787376,0,1
2021-08-23,0.005358435123810964,0.3611021912590721,-0.12505851569066187,41.46245895401404,0,1
2021-08-24,0.001405449428889858,0.362507640687962,-0.1199651250081843,41.16708530127894,0,1
2021-08-25,-0.006890195620975476,0.3556174450669865,-0.293593136971351,42.812377708215095,0,1
2021-08-26,-0.0042242386650562045,0.3513932064019303,-0.29768690776863005,43.82447819811839,0,1
2021-08-27,0.003803344358607371,0.35519655076053763,-0.230984373418545,42.97385054546272,0,1
2021-08-30,0.0005252222823814574,0.3557217730429191,-0.15599731795776967,42.88381719437366,0,1
2021-08-31,-0.006379931047502914,0.3493418419954162,-0.20260198596773044,44.40674935365206,0,1
2021-09-01,0.0012672128416748793,0.35060905483709104,-0.12512174060591624,44.144682273861285,0,1
2021-09-02,0.002970593857119901,0.35357964869421094,-0.03474537795791361,43.48367395002814,0,1
2021-09-03,0.0027589070528417983,0.35633855574705275,0.01897832640719384,42.87012084063077,0,1
2021-09-06,-0.001660011288787084,0.3546785444582657,-0.019853373660301606,43.29186716759226,0,1
2021-09-07,-0.002533642579437989,0.3521449018788277,-0.11086322021570198,43.921643110956914,0,1
2021-09-08,-0.0029351904173386075,0.3492097114614891,-0.12369535775100321,44.64872712429672,0,1
2021-09-09,-0.00507437207470464,0.3441353393867845,-0.19962937287129956,45.88596808859237,0,1
2021-09-10,-0.0007637271071640866,0.3433716122796204,-0.22979459508848893,46.098903137924694,0,1
2021-09-13,-0.002854847595031267,0.34051676468458913,-0.2736306782880939,46.8110100510015,0,1
2021-09-14,-0.002827550653687292,0.33768921403090185,-0.31200316840370773,47.51870297489341,0,1
2021-09-15,-0.0020124027367961783,0.33567681129410565,-0.3135095929734368,48.03311258167487,0,1
2021-09-16,0.0026331176252297013,0.33830992891933537,-0.2923611358392927,47.43112768737371,0,1
2021-09-17,-0.0011868913580484843,0.33712303756128686,0.03727845596508991,47.74989963967007,0,1
2021-09-20,-0.0008232160091771945,0.3362998215521097,-0.08386383164029096,47.98186131794236,0,1
2021-09-21,0.00429392007110716,0.3405937416232169,-0.01721853199901083,46.965114133807205,0,1
2021-09-22,0.005013263278266579,0.34560700490148344,0.010698154346975975,45.77337481889351,0,1
2021-09-23,-0.004360891866868177,0.3412461130346153,-0.003514426023294072,46.86685845918159,0,1
2021-09-24,0.001493399490426042,0.3427395125250413,0.04771354621818733,46.535627095234254,0,1
2021-09-27,0.006869389196268595,0.34960890172130993,0.11279425027862539,44.88839768590511,0,1
2021-09-28,0.0042262218726483326,0.35383512359395825,0.2297732113799423,43.897927860147256,0,1
2021-09-29,0.003368025881083216,0.35720314947504145,0.1977749139333682,43.11529998829022,0,1
2021-09-30,-0.00019004989682217812,0.35701309957821925,0.06856331541128302,43.19336634879827,0,1
2021-10-01,-0.00161122311858361,0.35540187645963567,0.20316037044479224,43.61810029791078,0,1
2021-10-04,0.0007746964150028542,0.3561765728746385,0.2547651466128735,43.46035859676234,0,1
2021-10-05,3.9290794941941685e-05,0.3562158636695804,0.29276099547585926,43.48269036714454,0,1
2021-10-06,0.006482617607527063,0.36269848127710747,0.36092465414915664,41.90876129324822,0,1
2021-10-07,-0.003968615933322592,0.35872986534378487,0.21078847954585697,42.915119313081995,0,1
2021-10-08,-0.007529803444332656,0.3512000618994522,0.18135652468099514,44.796334874164316,0,1
2021-10-11,0.0008299498405492119,0.3520300117400014,0.2535740565434318,44.62729544404526,0,1
2021-10-12,-0.0010103179393085129,0.3510196938006929,0.2694245586101943,44.90540601683907,0,1
2021-10-13,0.0022065470466526506,0.35322624084734555,0.3084328665802048,44.39700327958552,0,1
2021-10-14,-0.001028896056292957,0.3521973447910526,0.2441656297189765,44.68203329916389,0,1
2021-10-15,0.0042811808439771944,0.3564785256350298,0.33017135931099695,43.6555314386384,0,1
2021-10-18,-0.0031182729133021688,0.3533602527217276,0.20470425020957808,44.457992957598215,0,1
2021-10-19,0.012327382365579127,0.36568763508730673,0.39158760128580233,41.437060530176666,0,1
2021-10-20,-0.0023174417858982475,0.36337019330140846,0.22437413343425605,42.01739303848495,0,1
2021-10-21,-0.0028710505428811896,0.3604991427585273,0.1331175832072274,42.7314582075206,0,1
2021-10-22,0.0005499707874012986,0.3610491135459286,0.12161341517147756,42.632411469707115,0,1
2021-10-25,-0.001968217112522209,0.3590808964334064,0.13564846064370395,43.13610931291774,0,1
2021-10-26,-0.001977195011869807,0.3571037014215366,0.1250424041439991,43.64408881795274,0,1
2021-10-27,-0.011351444379907621,0.34575225704162893,-0.037902719081680324,46.42095163264235,0,1
2021-10-28,-0.004908306841880389,0.34084395019974856,-0.11472506896847841,47.59764334936345,0,1
2021-10-29,-0.004950606782567258,0.3358933434171813,-0.22500302750211862,48.78214801099019,0,1
2021-11-01,0.0006002998012019684,0.33649364321838326,-0.3737609304002348,48.67467084273374,0,1
2021-11-02,0.0068288003233969935,0.34332244354178026,-0.21598978490280957,47.11092018548955,0,1
2021-11-03,-0.0033353792208925,0.33998706432088777,-0.2915789922453428,47.91551236702776,0,1
2021-11-04,4.242793447910027e-05,0.3400294922553669,-0.29135852663667167,47.93767105783193,0,1
2021-11-05,-0.0044713545386429404,0.33555813771672394,-0.31716380715177983,49.01381158468591,0,1
2021-11-08,0.002410623651334604,0.33796876136805853,-0.2800427940587301,48.483193839509184,0,1
2021-11-09,-0.0018977499338018258,0.3360710114342567,-0.22859127060926565,48.95987678478533,0,1
2021-11-10,-0.011233804113403776,0.3248372073208529,-0.36262333455429363,51.636361675278565,0,1
2021-11-11,-0.005030289412127288,0.3198069179087256,-0.4413128436235326,52.81375112991297,0,1
2021-11-12,0.0043415834837057,0.32414850139243134,-0.3157519205071968,51.85896216095954,0,1
2021-11-15,-0.0053691825118774815,0.3187793188805539,-0.26702481685774165,53.11151634739478,0,1
2021-11-16,-6.477751568270955e-05,0.31871454136487115,-0.290348437713442,53.158209820706,0,1
2021-11-17,0.0032878497537528473,0.322002391118624,-0.32392933956476816,52.440587963751994,0,1
2021-11-18,0.0005646271143197586,0.32256701823294376,-0.0885209432659763,52.3435368817374,0,1
2021-11-19,0.0011799107895101558,0.3237469290224539,-0.06364110108707552,52.1043105081263,0,1
2021-11-22,0.001748334769047404,0.3254952637915013,-0.052910654807652883,51.73226039618332,0,1
2021-11-23,0.002315804536285728,0.327811068327787,-0.04486933668308175,51.22647124223276,0,1
2021-11-24,-0.00485632244401211,0.3229547458837749,-0.17868328837644445,52.390894250348765,0,1
2021-11-25,-1.6333741122530202e-05,0.32293841214265234,-0.20317638100886842,52.42670606636834,0,1
2021-11-26,0.006913398578652438,0.32985181072130476,-0.11871978354106012,50.839909806222174,0,1
2021-11-29,0.0039043846200466116,0.33375619534135137,-0.10258649438999339,49.96608011300304,0,1
2021-11-30,0.005064617822612705,0.33882081316396406,-0.014264042255218864,48.82185700804647,0,1
2021-12-01,-0.0008418144222988389,0.3379789987416652,-0.027233794938853785,49.048944244919205,0,1
2021-12-02,0.006770303185658211,0.3447493019273234,-0.1200558921301365,47.50329615754584,0,1
2021-12-03,-0.00014864929898607382,0.34460065262833733,-0.10921480679509049,47.5696520783857,0,1
2021-12-06,0.006999919024756077,0.3516005716530934,-0.009644853079451333,45.97491141205682,0,1
2021-12-07,0.003551686490034292,0.3551522581431277,0.042188804891401886,45.18921954069608,0,1
2021-12-08,-0.002832950314377374,0.3523193078287503,-0.0823787869151029,45.874700728158665,0,1
2021-12-09,0.002046688776737668,0.354365996605488,0.05525782091349409,45.43304241353434,0,1
2021-12-10,-0.002455535067050378,0.35191046153843764,-0.018372224867885145,46.035887404161635,0,1
2021-12-13,-0.0010234926735984934,0.35088696886483917,-0.12518545085048574,46.30675349732507,0,1
2021-12-14,0.007356426967151712,0.3582433958319909,0.0012512557320887914,44.61258855322731,0,1
2021-12-15,-0.0021687320922467615,0.3560746637397441,0.0011247022331185364,45.14779852485034,0,1
2021-12-16,0.0011844896767394808,0.3572591534164836,0.05266451513330526,44.90378981625531,0,1
2021-12-17,-0.005626156937044452,0.3516329964794392,-0.025154407657110717,46.25385635212668,0,1
2021-12-20,0.005099110329556911,0.3567321068089961,0.09834466256582107,45.09630727291012,0,1
2021-12-21,0.004026563226284091,0.36075867003528017,0.17625697328377296,44.19120101463453,0,1
2021-12-22,-0.0004950556168497552,0.3602636144184304,0.20873369124115096,44.33850686554891,0,1
2021-12-23,-0.011037295733942609,0.3492263186844878,0.0668388018946099,46.95575300280031,0,1
2021-12-24,0.0003538576360993032,0.3495801763205871,0.04096869379512357,46.90745874446022,0,1
2021-12-27,0.0004202957224965732,0.35000047204308365,0.05059538234971182,46.84353826842452,0,1
2021-12-28,0.0005830904606167394,0.3505835625037004,-0.008934868092952516,46.74169717264471,0,1
2021-12-29,-0.004905968013034119,0.34567759449066626,-0.05525026999993585,47.90629335965143,0,1
2021-12-30,0.0023869413314809382,0.3480645358221472,-0.24007238102237052,47.38814828666086,0,1
2021-12-31,0.0004084567845757801,0.348472992606723,-0.2919405114622547,47.32563502313961,0,1
2022-01-03,-0.00045227000232528163,0.3480207226043977,-0.3421631589929017,47.46290653810926,0,1
2022-01-04,-0.0031156164948319583,0.34490510610956576,-0.43378088322408626,48.22420477661818,0,1
2022-01-05,0.0008605558614571355,0.3457656619710229,-0.39088707698593966,48.0542353295523,0,1
2022-01-06,-0.0014842827025713119,0.34428137926845154,-0.5271887596716757,48.43655148584049,0,1
2022-01-07,-0.00048020894555641223,0.34380117032289514,-0.6446430124117931,48.58247062259935,1,1
2022-01-10,0.009539463540828857,0.353340633863724,-0.5308551285862568,46.338695589853224,0,1
2022-01-11,0.011914923025287688,0.3652555568890117,-0.44971019360845726,43.59407940833501,0,1
2022-01-12,0.0022214071325348983,0.36747696402154656,-0.4658547665756425,43.12728124167134,0,1
2022-01-13,-0.003125040042942716,0.36435192397860383,-0.48838059708404424,43.86405170479248,0,1
2022-01-14,0.008864130586005995,0.3732160545646098,-0.3569849733461147,41.89121247806078,0,1
2022-01-17,-0.0003704779548234131,0.3728455766097864,-0.3478132627006499,42.00559842715065,0,1
2022-01-18,0.00022783930250250446,0.37307341591228893,-0.3132857736266426,41.98665552490023,0,1
2022-01-19,0.001140752067143727,0.37421416797943263,-0.3561515276889478,41.76208230369883,0,1
2022-01-20,-0.0009991027048245392,0.37321506527460807,-0.30591214263291766,42.020029035037155,0,1
2022-01-21,-0.002931884383218021,0.37028318089139006,-0.38155896127024885,42.71869897602335,0,1
2022-01-24,0.006987293684538892,0.37727047457592894,-0.2115339540512518,41.156822684127,0,1
2022-01-25,0.0009692417394735523,0.3782397163154025,-0.2542961968482046,40.969666669155316,0,1
2022-01-26,-0.0017079639942415704,0.37653175232116093,-0.3582047663034863,41.390010134588756,0,1
2022-01-27,-0.0017500513534349025,0.374781700967726,-0.4035924594721774,41.82187772525497,0,1
2022-01-28,0.006361101982014798,0.3811428029497408,-0.31580200127458163,40.39341472641896,0,1
2022-01-31,-0.013982231693426344,0.36716057125631446,-0.413554461082006,43.61497711863278,0,1
2022-02-01,0.0024925835150586494,0.3696531547713731,-0.33751653053984015,43.106169182083796,0,1
2022-02-02,-0.0011225491843681913,0.3685306055870049,-0.2812861431366346,43.38273421047663,0,1
2022-02-03,0.0014914298419372357,0.37002203542894213,-0.47404117518844985,43.08805544286889,0,1
2022-02-04,-0.0033506235469345797,0.3666714118820075,-0.45068135154842975,43.85779126168528,0,1
2022-02-07,0.0030056609214834835,0.369677072803491,-0.4384856232401364,43.22628737128012,0,1
2022-02-08,0.004732933648004957,0.37441000645149597,-0.22744790982038113,42.21010529855947,0,1
2022-02-09,0.0024813587799233667,0.37689136523141936,-0.09688742402828787,41.692885279261844,0,1
2022-02-10,0.012873621516818088,0.38976498674823745,0.07398573256183535,38.86392236337773,0,1
2022-02-11,0.013814903542640259,0.4035798902908777,0.26832498074372346,35.94512288621044,0,1
2022-02-14,-0.004338500647406966,0.3992413896434707,0.30975550683738495,36.86533778801528,0,1
2022-02-15,0.004326734736470675,0.4035681243799414,0.16662518738573553,36.010474318179476,0,1
2022-02-16,-0.002747345238384082,0.4008207791415573,0.06671305113264203,36.60631238994492,0,1
2022-02-17,0.0013453888302418782,0.40216616797179916,0.09318918706443026,36.361123779664396,0,1
2022-02-18,-0.006250622810550994,0.39591554516124816,-0.024007228332806427,37.687865641595785,0,1
2022-02-21,0.003796156005290282,0.3997117011665384,0.007276306212646965,36.936588615537794,0,1
2022-02-22,0.013218650989667943,0.4129303521562064,0.11407194226275301,34.23503144490579,0,1
2022-02-23,0.004223224338382826,0.41715357649458923,0.16225514738100655,33.42445235686724,0,1
2022-02-24,-0.0034088191301643814,0.41374475736442484,0.09355578663456607,34.13770113406706,0,1
2022-02-25,0.0013362172929191768,0.415080974657344,0.11166030161914575,33.90184671523319,0,1
2022-02-28,-0.0009226766710874004,0.4141582979862566,0.14047213574820114,34.11981349485203,0,1
2022-03-01,0.003858608757406416,0.418016906743663,0.15219021729451607,33.3698053545438,0,1
2022-03-02,-0.006189436784369076,0.4118274699592939,0.010692801853142968,34.659024489101746,0,1
2022-03-03,0.011736457118753665,0.4235639270780476,0.13448546489559352,32.315011783654114,0,1
2022-03-04,0.004701506603950107,0.4282654336819977,0.2770294150588442,31.41963080516931,0,1
2022-03-07,0.017540719531551126,0.44580615321354883,0.5382145775794481,27.988881668408432,0,1
2022-03-08,-0.0015086003971499463,0.4442975528163989,0.49561691893716264,28.301520656038317,0,1
2022-03-09,0.0016057679102048493,0.4459033207266037,0.5169980273759984,28.03323199782,0,1
2022-03-10,-0.0033788782707543474,0.4425244424558494,0.377552289242849,28.700459815155604,0,1
2022-03-11,6.0426471438304336e-05,0.44258486892728766,0.42127152923901595,28.72106992981841,0,1
2022-03-14,0.0035559946031162148,0.4461408635304039,0.5346749293481898,28.0783757784601,0,1
2022-03-15,-0.0023873946018682034,0.4437534689285357,0.4784749398860762,28.564785722027697,0,1
2022-03-16,-0.0004325040529535888,0.4433209648755821,0.5277027977529546,28.679492601768928,0,1
2022-03-17,-0.002183858322275983,0.4411371065533061,0.4801658491744811,29.131472361903583,0,1
2022-03-18,0.007725116340483967,0.4488622228937901,0.6012287936218172,27.670812915158017,0,1
2022-03-21,0.014996679268561106,0.4638589021623512,0.7532109188816689,24.825344686129384,0,1
2022-03-22,0.008787462983209387,0.4726463651455606,0.966454532651166,23.237624276976078,0,1
2022-03-23,0.0032045868491292987,0.47585095199468985,0.914504081413532,22.68438669933967,0,1
2022-03-24,0.0017099312074850507,0.4775608832021749,0.904818835977781,22.402928989584616,0,1
2022-03-25,0.00013452867180687616,0.47769541187398173,0.9036397022098612,22.410147512168535,0,1
2022-03-28,-0.0014120363158709357,0.4762833755581108,0.8880793443551134,22.703870631919433,0,1
2022-03-29,-0.002036996447420824,0.47424637911068995,0.8719866503799653,23.11546309012955,0,1
2022-03-30,-0.00011240044665258042,0.4741339786640374,0.8439047845618416,23.168521245646478,0,1
2022-03-31,0.0003188431694285842,0.474452821833466,0.8221328716299173,23.140475809586324,0,1
2022-04-01,-0.005059077513437154,0.46939374432002884,0.7428761484335819,24.13087085891832,0,1
2022-04-04,-0.003982708463885761,0.4654110358561431,0.6985754339574539,24.91771316303906,0,1
2022-04-05,0.0016801290704670433,0.4670911649266101,0.8244833548561468,24.63050188822889,0,1
2022-04-06,-0.0005750724349707936,0.46651609249163933,0.8698362460399669,24.772341439931758,0,1
2022-04-07,0.0010896270107110784,0.4676057195023504,1.0788955133153857,24.59505715333272,0,1
2022-04-08,0.0008505482831022707,0.4684562677854527,1.1004482801780568,24.46279005727876,0,1
2022-04-11,-0.006628277517272553,0.4618279902681801,1.105813939042439,25.782210140139313,0,1
2022-04-12,0.003594820639293195,0.4654228109074733,1.2382168210246471,25.11861843304476,0,1
2022-04-13,0.001549534593086088,0.4669723455005594,1.2258631578404708,24.849898617640108,0,1
2022-04-14,-0.002016484445611468,0.4649558610549479,1.2683443260453153,25.275321536169976,0,1
2022-04-15,0.0036708331778335583,0.46862669423278147,1.2597586160007423,24.587653682023294,0,1
2022-04-18,0.003132073966598821,0.4717587681993803,1.2773989515516537,24.00390398150445,0,1
2022-04-19,-0.002041164424407567,0.46971760377497274,1.2323600855732668,24.438640167176054,0,1
2022-04-20,0.0035307206406383173,0.47324832441561104,1.4077250457064598,23.770652964415465,0,1
2022-04-21,7.18330363843695e-05,0.4733201574519954,1.5314243789469204,23.788378756156504,0,1
2022-04-22,-0.0032764051284305306,0.4700437523235649,1.474927432981333,24.47564833965742,0,1
2022-04-25,-0.0025343718433472307,0.4675093804802177,1.2916036120417045,25.016185203898345,0,1
2022-04-26,0.0002917997181179604,0.4678011801983356,1.247828741687129,24.989393225221225,0,1
2022-04-27,0.000938888273497374,0.46874006847183297,1.2335300385475334,24.831112831000986,0,1
2022-04-28,0.0007734495460220827,0.46951351801785507,1.3054441117829827,24.70548786831028,0,1
2022-04-29,-0.0031276065730564337,0.46638591144479863,1.388439643261212,25.378524238150767,0,1
2022-05-02,0.002119850789184835,0.46850576223398344,1.5185699541737778,24.9745762560554,0,1
2022-05-03,-0.0043478979769756105,0.46415786425700784,1.5248887854713609,25.904939417872452,0,1
2022-05-04,-0.008840187496328719,0.45531767676067914,1.3438102499882667,27.76551789858089,0,1
2022-05-05,0.00558186056810844,0.4608995373287876,1.3708964526061969,26.65816765125921,0,1
2022-05-06,-0.0036026843140856456,0.4572968530147019,1.2607545115430612,27.42429450311943,0,1
2022-05-09,-0.0036584714109440513,0.45363838160375786,1.174342353204964,28.203770937407807,0,1
2022-05-10,-0.0009549698551119646,0.4526834117486459,1.1544069331672262,28.431387698608315,0,1
2022-05-11,0.0024602649388267986,0.4551436766874727,1.1677245474623925,27.956651451156855,0,1
2022-05-12,0.003922925391368719,0.4590666020788414,1.2003872799115307,27.177177206074337,0,1
2022-05-13,0.0007665219253322999,0.4598331240041737,1.2318448048358017,27.050314331472336,0,1
2022-05-16,-0.00267108567974873,0.457162038324425,1.2233892070287595,27.639067835026886,0,1
2022-05-17,-0.0029669942679207617,0.45419504405650424,1.2906752770691365,28.291964050136702,0,1
2022-05-18,0.00038439398234216304,0.45457943803884643,1.2921656907964156,28.243247811042256,0,1
2022-05-19,-0.0016588185376204584,0.452920619501226,1.2351735768931278,28.625625459357718,0,1
2022-05-20,-0.0051711303803823345,0.4477494891208436,1.148947701712706,29.75540287010076,0,1
2022-05-23,-0.0007500764963426136,0.446999412624501,1.2065645756109165,29.94645700046071,0,1
2022-05-24,-0.0024378393578677834,0.4445615732666332,1.1142760916675325,30.498299491503914,0,1
2022-05-25,0.0013098072641368767,0.4458713805307701,1.1616277261443475,30.249833672230015,0,1
2022-05-26,0.0033428215436919076,0.449214202074462,1.1748523484162292,29.56221132781929,0,1
2022-05-27,0.004292284985629093,0.4535064870600911,1.2163347594892884,28.667622442749806,0,1
2022-05-30,-0.0003120690853567055,0.4531944179747344,1.2247419893006357,28.767054435013527,0,1
2022-05-31,-0.005303703452150153,0.4478907145225843,1.147672596153364,29.951540490207847,0,1
2022-06-01,0.002499485425746374,0.4503901999483306,1.2074300563336569,29.441440815963695,0,1
2022-06-02,0.004363327648937552,0.45475352759726817,1.2201141199983538,28.523234571899007,0,1
2022-06-03,0.0007262585153085727,0.4554797861125767,1.2433516565961786,28.396995948959983,0,1
2022-06-06,0.0004537542298726835,0.45593354034244943,1.2458403926913262,28.329576264258097,0,1
2022-06-07,0.0025032824851701618,0.4584368228276196,1.3606250085713878,27.80990773212514,0,1
2022-06-08,0.005490382408660799,0.4639272052362804,1.4444954639716427,26.627073739661277,0,1
2022-06-09,-0.0023633610658837863,0.4615638441703966,1.478874666572445,27.180594735752745,0,1
2022-06-10,-0.013183336407567095,0.4483805077628295,1.1419447162654488,30.133948734358093,0,1
2022-06-13,0.001922317431648357,0.45030282519447784,1.178594265256547,29.757299898094562,0,1
2022-06-14,-0.006632705728525002,0.44367011946595286,1.0776026298339925,31.206124671414965,0,1
2022-06-15,-0.0035719866823471615,0.4400981327836057,1.04538652349232,31.996771415723302,0,1
2022-06-16,0.002638723270618451,0.44273685605422414,1.0416484067362684,31.466983378332827,0,1
2022-06-17,0.004435698639729962,0.4471725546939541,1.0336469176503498,30.550876545569345,0,1
2022-06-20,0.0014473983699409328,0.44861995306389507,1.0766021883679973,30.27332936278947,0,1
2022-06-21,-0.0003292218457164847,0.4482907312181786,1.155049171792673,30.37611805108408,0,1
2022-06-22,0.00022342088654205873,0.4485141521047206,1.1767573823608617,30.359817123419624,0,1
2022-06-23,-0.002256980991349444,0.44625717111337115,1.1194512792737854,30.882672268747076,0,1
2022-06-24,0.0017321006850320108,0.44798927179840314,1.233375254106434,30.536333039749728,0,1
2022-06-27,0.0021335563574954824,0.4501228281558986,1.3290095812280411,30.09999212749593,0,1
2022-06-28,-0.0007769665521202944,0.4493458616037783,1.3454575387254482,30.30332790374252,0,1
2022-06-29,-0.0026334497029294607,0.44671241190084887,1.3067062728679735,30.919295544524566,0,1
2022-06-30,-0.002276236704261093,0.4444361751965878,1.3331365485077502,31.457973605483257,0,1
2022-07-01,0.001240335322205197,0.445676510518793,1.322749016489702,31.21270974136375,0,1
2022-07-04,0.004822184850091815,0.4504986953688848,1.4594230603911476,30.160973862387564,0,1
2022-07-05,0.002511692372163179,0.453010387741048,1.5026518242325535,29.629066407296566,0,1
2022-07-06,-0.00190952245446782,0.4511008652865802,1.4571835075738784,30.09148424842095,0,1
2022-07-07,0.0022876682399619866,0.4533885335265422,1.4806222898294108,29.60542053079391,0,1
2022-07-08,-0.006282589379171198,0.447105944147371,1.4330700573816255,31.066221619549783,0,1
2022-07-11,-0.0002949226752924467,0.4468110214720785,1.4590318737989165,31.164904814896797,0,1
2022-07-12,0.00045312346576759164,0.4472641449378461,1.4543118340493584,31.09388441297007,0,1
2022-07-13,0.0006057925778508823,0.447869937515697,1.5173125367256435,30.9873612507578,0,1
2022-07-14,-0.0017502767311327206,0.4461196607845643,1.4524434599163967,31.421896751228566,0,1
2022-07-15,-0.0015959345261853189,0.44452372625837894,1.4420788568535143,31.82271601774812,0,1
2022-07-18,-0.00640300129520764,0.4381207249631713,1.2914851860656966,33.34181409098984,0,1
2022-07-19,-0.0023249799663661295,0.4357957449968052,1.2004483438862437,33.910078956342275,0,1
2022-07-20,-0.002990853909986687,0.43280489108681847,1.1411367997391269,34.634767267605625,0,1
2022-07-21,-0.00439074338496614,0.4284141477018523,1.089380454724353,35.6867203550761,0,1
2022-07-22,-0.003121186744756468,0.42529296095709584,1.0634783395050122,36.44359521604276,0,1
2022-07-25,0.0025718493603613243,0.42786481031745716,1.214602972254654,35.876682564075026,0,1
2022-07-26,0.0026199584117355644,0.4304847687291927,1.240507414091544,35.29630692759092,0,1
2022-07-27,0.0016509720757716434,0.43213574080496436,1.2391850437158554,34.941028005746006,0,1
2022-07-28,0.005306682489265466,0.43744242329422983,1.271478560771117,33.7220639305463,0,1
2022-07-29,0.002782105868394221,0.44022452916262406,1.263319450058308,33.10034963218752,0,1
2022-08-01,0.0018655781947256394,0.4420901073573497,1.2591176774920179,32.69254703396099,0,1
2022-08-02,-0.0005036335514586417,0.44158647380589106,1.319934508565458,32.84384216821492,0,1
2022-08-03,0.004127181221939912,0.44571365502783095,1.359274337694113,31.892744515391684,0,1
2022-08-04,0.0003550837087792243,0.4460687387366102,1.3385290784724972,31.840155459346597,0,1
2022-08-05,0.0022027425296424295,0.4482714812662526,1.386527819277181,31.34434566786536,0,1
2022-08-08,0.0008580422747930297,0.4491295235410456,1.3019759341145707,31.16989448513923,0,1
2022-08-09,0.004706605876918083,0.4538361294179637,1.3749507004070094,30.063131190318444,0,1
2022-08-10,-0.0011986211359914238,0.45263750828197225,1.2858664481589335,30.384656073016103,0,1
2022-08-11,0.0029668357846449824,0.4556043440666172,1.3070677324547748,29.696253455786977,0,1
2022-08-12,-0.003181346914258029,0.4524229971523592,1.3645498633976503,30.50290530033521,0,1
2022-08-15,-0.0009454787100424259,0.45147751844231676,1.4135091930443182,30.765664618428637,0,1
2022-08-16,-0.007930995600026646,0.4435465228422901,1.2407238971645629,32.74389472290461,0,1
2022-08-17,-0.002929066119556726,0.4406174567227334,1.1909609662716991,33.483441450782514,0,1
2022-08-18,0.0028006695976371372,0.44341812632037053,1.3248951388428913,32.83697963871201,0,1
2022-08-19,0.002726619633147985,0.4461447459535185,1.344817526349999,32.20639986975368,0,1
2022-08-22,0.004639362469822482,0.450784108423341,1.366762181944734,31.107359501229798,0,1
2022-08-23,-0.00027228459972888545,0.4505118238236121,1.32482733970252,31.205643911853286,0,1
2022-08-24,-0.003627785753478166,0.44688403807013394,1.295625016526496,32.125763702070465,0,1
2022-08-25,-0.001482640258730514,0.4454013978114034,1.3110397771431113,32.52117612421711,0,1
2022-08-26,-0.004761897742234856,0.4406395000691686,1.283407622386902,33.72621409246294,0,1
2022-08-29,-0.008146793343785349,0.4324927067253832,1.235081242385488,35.760755561587516,0,1
2022-08-30,-0.003217503646917147,0.42927520307846606,1.19943892499947,36.570319591867076,0,1
2022-08-31,-0.0025127502071777682,0.4267624528712883,1.2044585504382677,37.21095373970271,0,1
2022-09-01,8.012595356632769e-05,0.4268425788248546,1.2462829602245662,37.22348472518282,0,1
2022-09-02,0.003468386660859791,0.4303109654857144,1.3223849171896047,36.407463366764155,0,1
2022-09-05,0.00016990135079417417,0.4304808668365086,1.2886038595986273,36.39786405067803,0,1
2022-09-06,-0.0021910008494860638,0.4282898659870225,1.2740526508051653,36.96954835173234,0,1
2022-09-07,-0.0009033540742547188,0.4273865119127678,1.27290832222759,37.22497795455452,0,1
2022-09-08,-0.0015423390318253414,0.42584417288094245,1.192743912915941,37.64054187288583,0,1
2022-09-09,0.0014544602577607887,0.42729863313870325,1.145270651001039,37.309065645024006,0,1
2022-09-12,-0.0019119207444179519,0.4253867123942853,1.1815763954074143,37.82128412876884,0,1
2022-09-13,-0.003959210314419917,0.4214275020798654,1.1031618947611885,38.852135234954936,0,1
2022-09-14,-2.309276850602244e-05,0.42140440931135936,1.010820820546334,38.88997044781925,0,1
2022-09-15,0.005909585078288547,0.4273139943896479,1.0328751663575322,37.422434903874844,0,1
2022-09-16,-0.0007963165276905571,0.4265176778619573,0.9751427421202592,37.65507418969535,0,1
2022-09-19,-0.01687069875828592,0.4096469791036714,0.719916969328596,41.9612397299163,0,1
2022-09-20,0.011997755742462991,0.4216447348461344,0.894834365492674,39.21656480969788,0,1
2022-09-21,0.002303070351096238,0.42394780519723063,0.9151553910892555,38.73498992324191,0,1
2022-09-22,-0.003263891410519591,0.42068391378671105,0.8695692146776204,39.497943219900044,0,1
2022-09-23,-0.001126185475244649,0.4195577283114664,0.769539847504351,39.78283743789072,0,1
2022-09-26,-0.0005160021998072491,0.4190417261116592,0.8175484959444689,39.93134291830844,0,1
2022-09-27,-0.0014231161592521508,0.417618609952407,0.9051414935710981,40.286480534575546,0,1
2022-09-28,0.0009258000032117293,0.41854440995561876,0.9064378153406202,40.10719084724973,0,1
2022-09-29,-0.0009160840469241071,0.41762832590869464,0.9077415035324878,40.34943813441708,0,1
2022-09-30,-0.0033891311445076186,0.414239194764187,0.8307548885658123,41.163545937251726,0,1
2022-10-03,0.00997700011350422,0.42421619487769124,0.9722946761276832,38.888044048751965,0,1
2022-10-04,-0.0031400046541627145,0.42107619022352855,0.872458070934665,39.62889166702496,0,1
2022-10-05,-0.011682139364851992,0.40939405085867653,0.7479210179958493,42.30564613381454,0,1
2022-10-06,-0.0007931954835139959,0.40860085537516255,0.5803996458320756,42.511348367529905,0,1
2022-10-07,-2.8111779759752795e-05,0.4085727435954028,0.6117080574536703,42.54954804770772,0,1
2022-10-10,0.013290365560515133,0.42186310915591796,0.8183957438355204,39.6379490481896,0,1
2022-10-11,0.0032192103736719668,0.4250823195295899,0.8533322528309792,38.98640810342233,0,1
2022-10-12,0.0011594000029622473,0.4262417195325522,0.8953427674594604,38.771479739940624,0,1
2022-10-13,-0.0005715333817332364,0.425670186150819,0.9144348088854402,38.9258801844938,0,1
2022-10-14,-0.006547136097538478,0.4191230500532805,0.9863181495692158,40.36792747485855,0,1
2022-10-17,-0.00024804439428654075,0.41887500565899394,1.0515179431656907,40.45305669078501,0,1
2022-10-18,-9.691651148070507e-07,0.4188740364938791,1.121037519506932,40.48527466142652,0,1
2022-10-19,0.002656358295641421,0.42153039478952053,1.1482562430710554,39.94181039824032,0,1
2022-10-20,-0.0018621420304593874,0.41966825275906117,1.03445391731211,40.37879261802058,0,1
2022-10-21,-0.00017308942613034235,0.4194951633329308,1.0785945418677299,40.44862684180808,0,1
2022-10-24,0.005243439555557056,0.42473860288848786,1.1466104904857661,39.328165922076295,0,1
2022-10-25,0.001445690269937933,0.4261842931584258,1.229184834231017,39.043020067617974,0,1
2022-10-26,0.0003351826775653736,0.4265194758359912,1.2015019228452042,39.001114231825646,0,1
2022-10-27,0.0007469690276073824,0.4272664448635986,1.2379487595189942,38.867451596292995,0,1
2022-10-28,0.005020333879520542,0.43228677874311916,1.474132753328539,37.779718516885524,0,1
2022-10-31,-0.004630234436314956,0.4276565443068042,1.4802073200696184,38.842959575589255,0,1
2022-11-01,-0.004043385085829429,0.4236131592209748,1.364560787025865,39.775171406960425,0,1
2022-11-02,-0.001289645958559467,0.42232351326241535,1.4246164964519668,40.09461530257488,0,1
2022-11-03,0.00481321751117999,0.4271367307735953,1.4890467656878097,39.04816370330164,0,1
2022-11-04,0.0039541405253639365,0.43109087129895923,1.4975973014005044,38.195027509450945,0,1
2022-11-07,0.004617533736352961,0.4357084050353122,1.5506920416449042,37.19210118988868,0,1
2022-11-08,0.007143300729370796,0.442851705764683,1.625699275165578,35.62372377015788,0,1
2022-11-09,-0.001847104451642542,0.4410046013130405,1.5760804832475637,36.06589740754345,0,1
2022-11-10,0.0034104056117899044,0.4444150069248304,1.5902374829742028,35.33695494723448,0,1
2022-11-11,-0.005179683227716275,0.4392353236971141,1.5853050966283695,36.5274926387961,0,1
2022-11-14,0.011231148020348497,0.45046647171746257,1.7203176498590207,34.05237755834541,0,1
2022-11-15,-0.0019921454258796673,0.4484743262915829,1.6053234136123753,34.51617838106708,0,1
2022-11-16,0.00202083179355142,0.45049515808513435,1.5811950354831767,34.10811737198872,0,1
2022-11-17,0.003270256646163861,0.4537654147312982,1.5587947047855544,33.424652093695826,0,1
2022-11-18,0.00024180362489060374,0.45400721835618885,1.5737277737916304,33.403610024880564,0,1
2022-11-21,-0.0010789321711903038,0.45292828618499853,1.4723793177455602,33.673702448037325,0,1
2022-11-22,-0.005764363878293009,0.44716392230670554,1.3910711400390938,34.98465591395468,0,1
2022-11-23,-0.00736254714811143,0.43980137515859413,1.1945067881260962,36.64426837981231,0,1
2022-11-24,0.005554404535502752,0.4453557796940969,1.2197497460237623,35.45985815894723,0,1
2022-11-25,-0.0017616431313907358,0.4435941365627062,1.2348791538741604,35.87661033741417,0,1
2022-11-28,0.009507854934700471,0.45310199149740665,1.3260788863295272,33.82186819985926,0,1
2022-11-29,-0.0022483455468548515,0.45085364595055183,1.3289978608438828,34.338096253010036,0,1
2022-11-30,-0.00411636824430439,0.44673727770624744,1.2853358963804256,35.26055771647817,0,1
2022-12-01,0.00018258637235865746,0.4469198640786061,1.1943914211096855,35.25302281659151,0,1
2022-12-02,0.006095039632230192,0.4530149037108363,1.3025861477850718,33.95734802442768,0,1
2022-12-05,-0.0017500828896244232,0.4512648208212119,1.2627116923514539,34.368919218124006,0,1
2022-12-06,0.009509404850021077,0.46077422567123294,1.4598959707545844,32.32829356265469,0,1
2022-12-07,-0.0028503414541401163,0.45792388421709285,1.354925737710174,32.97011745953575,0,1
2022-12-08,0.0011312581552779962,0.45905514237237083,1.3176525409781974,32.7592224789108,0,1
2022-12-09,-0.007325081867456212,0.4517300605049146,1.219696944996509,34.372645587147154,0,1
2022-12-12,-0.016824826275733753,0.43490523422918087,1.1260885882166642,38.006061451513986,0,1
2022-12-13,0.003461515871832651,0.4383667501010135,1.1659559584988868,37.343343378506695,0,1
2022-12-14,-0.006085127341821973,0.4322816227591915,1.0767014087331928,38.60028440465806,0,1
2022-12-15,-0.00195428433480567,0.43032733842438586,1.0430419467378969,39.02456385331208,0,1
2022-12-16,-0.0029548055567417196,0.42737253286764415,1.0700824506574695,39.65257434439179,0,1
2022-12-19,-0.002414402626815499,0.4249581302408286,1.0069196165131233,40.173395882807604,0,1
2022-12-20,0.0008200118451669803,0.4257781420859956,1.012286895745116,40.03865768345494,0,1
2022-12-21,0.0031326744180934633,0.4289108165040891,1.0585629971787405,39.43005840504816,0,1
2022-12-22,-0.0019731650239823728,0.4269376514801067,1.0741164238844942,39.86693841777565,0,1
2022-12-23,-0.004296004657205291,0.4226416468229014,1.0047931927422937,40.78470172964365,0,1
2022-12-26,0.0021634825201578244,0.4248051293430592,1.052452722688894,40.37008925092655,0,1
2022-12-27,0.0008170455982997391,0.42562217494135896,1.0694443828465754,40.23264963186898,0,1
2022-12-28,0.0011914340271697034,0.42681360896852866,0.9673334943652206,40.01617483938425,0,1
2022-12-29,-0.0002949907230729142,0.4265186182454557,0.8162113153925766,40.11004117436137,0,1
2022-12-30,-0.004004274155230221,0.4225143440902255,0.7323585596582952,40.98655891480029,0,1
2023-01-02,-0.001544270541710031,0.42097007354851546,0.7539327872727558,41.34479530926156,0,1
2023-01-03,-0.0008105741922370721,0.4201594993562784,0.629242053285038,41.548923898952005,0,1
2023-01-04,0.007901176993657652,0.42806067634993605,0.7362295110385229,39.893748476377134,0,1
2023-01-05,0.006990124899353551,0.43505080124928963,0.823062357224795,38.44869732371985,0,1
2023-01-06,0.0023274434540013975,0.437378244703291,0.8385609560037041,37.99220614930073,0,1
2023-01-09,-0.0024565364393650327,0.43492170826392595,0.8187967775018333,38.54208006672734,0,1
2023-01-10,-0.004773411442798426,0.43014829682112754,0.7933088816981012,39.58463261333306,0,1
2023-01-11,-0.00013248990405415718,0.43001580691707336,0.7017771704354276,39.64468686855891,0,1
2023-01-12,0.005642748687371023,0.4356585556044444,0.7620143089086161,38.4753434357272,0,1
2023-01-13,-0.001986175528643386,0.433672380075801,0.7582450539180972,38.9291411296485,0,1
2023-01-16,-0.0017041159200197114,0.43196826415578127,0.7588666019201142,39.324760821857936,0,1
2023-01-17,-0.011908969482660431,0.42005929467312086,0.5115662609522313,41.91056885740675,0,1
2023-01-18,0.0005635205791175008,0.4206228152522384,0.715274483884809,41.82539389616721,0,1
2023-01-19,0.005804713200280745,0.42642752845251913,0.7578240363133233,40.64341645645144,0,1
2023-01-20,-0.005337136878723353,0.4210903915737958,0.6997589540988366,41.78859967858867,0,1
2023-01-23,0.009342313390303988,0.4304327049640998,0.7985327534429404,39.874740469666264,0,1
2023-01-24,0.0029664065889941607,0.43339911155309396,0.8824667524354504,39.298546203529455,0,1
2023-01-25,-0.007967424457492135,0.4254316870956018,0.7335242409024585,40.970063012494684,0,1
2023-01-26,0.00622767342989471,0.4316593605254965,0.7521673296361102,39.73280954163158,0,1
2023-01-27,-0.00451329578914027,0.42714606473635625,0.6592906506236227,40.68146299249016,0,1
2023-01-30,-0.0032391288901460263,0.4239069358462102,0.45379742002568807,41.37193931437436,0,1
2023-01-31,-0.0005102114647697414,0.42339672438144044,0.2678697335565404,41.508006041965125,0,1
2023-02-01,-0.005171083801038727,0.41822564058040174,0.2564270563637409,42.60069933272019,0,1
2023-02-02,0.0045320852352279456,0.4227577258156297,0.2591585298803875,41.7037616979054,0,1
2023-02-03,-0.002084731274665322,0.4206729945409644,0.26818806408241574,42.16341748779209,0,1
2023-02-06,0.008545978353174999,0.4292189728941394,0.3631540192616574,40.43408208159944,0,1
2023-02-07,-0.009279224437643197,0.41993974845649623,0.32112273260651386,42.35587892855078,0,1
2023-02-08,0.001363886439562837,0.42130363489605904,0.2889242197431942,42.114134942262815,0,1
2023-02-09,0.009462048721188466,0.4307656836172475,0.24048538387085494,40.236793205481796,0,1
2023-02-10,0.0058794600314084735,0.436645143648656,0.2624244733635462,39.1000090959271,0,1
2023-02-13,-0.002500918787294513,0.43414422486136145,0.2747852160587235,39.62814059789369,0,1
2023-02-14,0.005250844958870687,0.43939506982023213,0.3267730821334613,38.61396895361253,0,1
2023-02-15,-0.0011093632443813924,0.43828570657585075,0.3242519191065664,38.866888386559424,0,1
2023-02-16,-0.006882673132180332,0.4314030334436704,0.17934706128965075,40.27701004514026,0,1
2023-02-17,-0.0021793202546113517,0.42922371318905905,0.23379009171836154,40.74314680990755,0,1
2023-02-20,-0.0018430546257172304,0.42738065856334184,0.05192185980385169,41.14402155871038,0,1
2023-02-21,-0.002127517872834626,0.42525314069050724,-0.04104521114260227,41.60395673931329,0,1
2023-02-22,0.0015966795372851258,0.4268498202277924,-0.26597630906345376,41.31329475225752,0,1
2023-02-23,0.0013537517305995748,0.428203571958392,-0.2258156489488979,41.07030724761864,0,1
2023-02-24,0.005574146059354855,0.43377771801774684,-0.16965253161438248,39.963943168629875,0,1
2023-02-27,-0.0023329681410729987,0.43144474987667386,-0.1551081847091721,40.47159243478375,0,1
2023-02-28,0.002821055485450983,0.43426580536212483,-0.11636815676600244,39.92587853406846,0,1
2023-03-01,-0.0021572510386264655,0.4321085543234984,-0.19644918564631597,40.40137066495263,0,1
2023-03-02,0.009117627327419862,0.44122618165091826,-0.035113434973113596,38.550290447507095,0,1
2023-03-03,-0.009819502959606844,0.43140667869131144,-0.16402572362247558,40.581330662940935,0,1
2023-03-06,-0.00481281002448449,0.42659386866682697,-0.19987599774997003,41.57668448139198,0,1
2023-03-07,-0.002899564500864211,0.42369430416596277,-0.3476396720655975,42.189318114843935,0,1
2023-03-08,-0.00627674817444879,0.417417555991514,-0.6535387896357688,43.483029531486835,1,1
2023-03-09,9.934679854642966e-05,0.41751690279006043,-0.7820762677950005,43.49513638318062,1,1
2023-03-10,0.0014836329354527612,0.4190005357255132,-0.8072077919828793,43.22820498267335,1,1
2023-03-13,0.004243837564796701,0.4232443732903099,-0.7699726935652302,42.400606223426834,1,1
2023-03-14,0.005173478452548861,0.42841785174285874,-0.6965283357567746,41.38312988686988,1,1
2023-03-15,0.00876292917626174,0.4371807809191205,-0.5484306913762828,39.63853642282849,0,1
2023-03-16,0.003712139257790836,0.44089292017691134,-0.46727828674542105,38.927094182777196,0,1
2023-03-17,0.001715467101404179,0.44260838727831553,-0.4415227307375794,38.61465100636445,0,1
2023-03-20,-0.004128405412134731,0.4384799818661808,-0.503030958980489,39.479839738461976,0,1
2023-03-21,-0.011489411456064687,0.4269905704101161,-0.5869883894877087,41.83468260950688,0,1
2023-03-22,0.001323477088703362,0.42831404749881946,-0.5141477248274015,41.605631214209524,0,1
2023-03-23,-0.0016528108626095864,0.42666123663620986,-0.5604008789066547,41.96542219332559,0,1
2023-03-24,-0.003365209404335883,0.423296027231874,-0.5984965238680103,42.66825972334427,0,1
2023-03-27,-0.003455835695727227,0.41984019153614677,-0.6608632616157318,43.39134919225721,1,1
2023-03-28,-0.00012588973354128643,0.4197143018026055,-0.6744426554864061,43.4486090642931,1,1
2023-03-29,-0.003407198878097541,0.41630710292450795,-0.6317575143464684,44.16798221958968,1,1
2023-03-30,0.0013743201168213402,0.41768142304132927,-0.6633323360394705,43.9218940552834,1,1
2023-03-31,-0.0001897526671579636,0.4174916703741713,-0.6877000506648654,43.99250533035945,1,1
2023-04-03,0.0002711589174976605,0.41776282929166897,-0.6561029940222501,43.969032659671136,1,1
2023-04-04,0.008432748592218677,0.4261955778838876,-0.5865468078307988,42.26565092216569,0,1
2023-04-05,0.0010097650911164392,0.42720534297500407,-0.6164456902820027,42.09221852309163,0,1
2023-04-06,9.415988077721453e-05,0.4272995028557813,-0.5870933789347986,42.10496420329833,0,1
2023-04-07,0.004000103245693958,0.4312996061014752,-0.5803916224197563,41.31388016974939,0,1
2023-04-10,0.00684480685644859,0.43814441295792383,-0.4844196262833584,39.93483114954995,0,1
2023-04-11,0.005654060944916232,0.44379847390284005,-0.36063482449681744,38.80783278990701,0,1
2023-04-12,4.814743562939227e-05,0.44384662133846947,-0.32533012309050413,38.82999182464746,0,1
2023-04-13,-0.00298684456418265,0.44085977677428684,-0.3701209817303592,39.47660053761823,0,1
2023-04-14,-0.0028738868782595024,0.4379858898960273,-0.4222417782071219,40.10209079249417,0,1
2023-04-17,0.0020048719941019736,0.4399907618901293,-0.40519299048880214,39.718528732419195,0,1
2023-04-18,-0.0016124720728316454,0.43837828981729765,-0.38464585141034174,40.08637171494516,0,1
2023-04-19,0.00011516183125738677,0.438493451648555,-0.41236971124206573,40.09427272769847,0,1
2023-04-20,-0.0016358058675987714,0.43685764578095626,-0.37565950892043576,40.47070739586143,0,1
2023-04-21,0.00021538401731151604,0.4370730297982678,-0.25288943203020214,40.4571353463139,0,1
2023-04-24,-0.0019229941491816548,0.4351500356490861,-0.3579048949608672,40.89845635017861,0,1
2023-04-25,0.006011206686142824,0.4411612423352289,-0.22374237645867873,39.644811216868064,0,1
2023-04-26,-8.046351131756361e-05,0.44108077882391133,-0.1743459274364081,39.693965503307695,0,1
2023-04-27,0.004092762343698324,0.44517354116760965,-0.1041019342637828,38.84884352040696,0,1
2023-04-28,-0.0036999955653067127,0.44147354560230295,-0.1893660707488012,39.67486142611273,0,1
2023-05-01,-0.0033195615909298003,0.4381539840113732,-0.28984212996398984,40.42075597288643,0,1
2023-05-02,-0.002663505551906385,0.4354904784594668,-0.3371904820323041,41.027182925560595,0,1
2023-05-03,0.012521368768929043,0.4480118472283959,-0.12494205146843752,38.34835334959109,0,1
2023-05-04,-0.0016955555394960824,0.4463162916888998,-0.10763972508218245,38.73475150065253,0,1
2023-05-05,-0.001194574562369394,0.4451217171265304,-0.12919752154088096,39.01770270148402,0,1
2023-05-08,-0.0013858034772597947,0.4437359136492706,-0.12547748557996566,39.342404331909385,0,1
2023-05-09,-0.0017374068124523026,0.4419985068368183,-0.0787404406887328,39.74330948877454,0,1
2023-05-10,-0.001340548387185802,0.4406579584496325,-0.08681516163136639,40.06137423527461,0,1
2023-05-11,-0.004425265966978851,0.4362326924826537,-0.11387900396178767,41.04269649253251,0,1
2023-05-12,0.0034194994875397823,0.43965219197019345,-0.08495347593699529,40.340734233591775,0,1
2023-05-15,0.0021551974010099893,0.44180738937120345,-0.10123859841986982,39.90891512471715,0,1
2023-05-16,-0.003115829913062219,0.43869155945814126,-0.2026724382210988,40.6145372527863,0,1
2023-05-17,-0.003006599961887934,0.4356849594962533,-0.23934193323754396,41.2985936450812,0,1
2023-05-18,0.0006400819580264748,0.43632504145427975,-0.15849539070140722,41.191326497682226,0,1
2023-05-19,-0.0006366268766606749,0.4356884145776191,-0.20158932063685026,41.3626470545255,0,1
2023-05-22,0.0017924468194509063,0.43748086139707,-0.2372014095136515,41.00019225973747,0,1
2023-05-23,-0.002101719779339365,0.4353791416177306,-0.2759470765862058,41.49698664363575,0,1
2023-05-24,-0.006521680718455359,0.42885746089927523,-0.3702791811460708,42.97777167095929,0,1
2023-05-25,-0.0030140456617760414,0.4258434152374992,-0.44566846257137865,43.675157739728164,0,1
2023-05-26,-0.0015372520891204897,0.4243061631483787,-0.5432766859820854,44.04762009747363,0,1
2023-05-29,-0.0011788998858218173,0.4231272632625569,-0.5272253644509602,44.34205449712362,0,1
2023-05-30,-0.0023226736621814945,0.4208045896003754,-0.38428487150015744,44.89388213772078,0,1
2023-05-31,-0.004503573247481612,0.4163010163528938,-0.47314363295894335,45.93804996871487,0,1
2023-06-01,0.00542108188056349,0.4217220982334573,-0.3057655037312437,44.7518656275879,0,1
2023-06-02,0.007144803076752749,0.42886690131021005,-0.15586685245009924,43.18278102403654,0,1
2023-06-05,-0.004071465428868455,0.4247954358813416,-0.24877912078681652,44.11908969399259,0,1
2023-06-06,-0.0045292166445586885,0.4202662192367829,-0.37311548658757404,45.158122462033084,0,1
2023-06-07,-0.003535032437812224,0.4167311867989707,-0.44181553907746324,45.97604523651531,0,1
2023-06-08,0.008189686801915305,0.424920873600886,-0.3216688788398111,44.18330021528558,0,1
2023-06-09,0.00029800998578615086,0.42521888358667215,-0.32064061397937754,44.14978042601773,0,1
2023-06-12,0.000899574527164395,0.42611845811383653,-0.2772914420659728,43.98284251372546,0,1
2023-06-13,-0.007297770183476958,0.4188206879303596,-0.3997909369679611,45.637780498606084,0,1
2023-06-14,-0.0012423383148445163,0.4175783496155151,-0.44622246621055583,45.943513000119225,0,1
2023-06-15,-0.00787865315690702,0.4096996964586081,-0.5405830832392994,47.72071521791639,0,1
2023-06-16,0.008802371975054136,0.4185020684336622,-0.38204752631401373,45.82543056179366,0,1
2023-06-19,0.0028705584522542705,0.4213726268859165,-0.31222787531037344,45.238500927759695,0,1
2023-06-20,-0.005191079463040854,0.4161815474228756,-0.3984168609686527,46.39377762099721,0,1
2023-06-21,0.005691388788837003,0.4218729362117126,-0.38634665454695877,45.19610730310161,0,1
2023-06-22,-0.015366104658493366,0.40650683155321926,-0.6151824338342448,48.53839048604915,0,1
2023-06-23,0.0004736617235511421,0.4069804932767704,-0.5837869938969258,48.47373843750645,0,1
2023-06-26,0.0024007160735408815,0.40938120935031125,-0.582262150909683,48.013016518081116,0,1
2023-06-27,0.00218678199509997,0.4115679913454112,-0.47152688414648863,47.59423854510018,0,1
2023-06-28,-0.0004739904482254833,0.41109400089718573,-0.4738991709449272,47.72440721916337,0,1
2023-06-29,-0.007226875259492853,0.4038671256376929,-0.5733005314735407,49.26162741544057,0,1
2023-06-30,0.002769927852459813,0.4066370534901527,-0.5443296264828577,48.72086532544832,0,1
2023-07-03,0.023253795130289814,0.4298908486204425,-0.20476605447531637,43.92574401943395,0,1
2023-07-04,-0.004040927394519831,0.4258499212259227,-0.23536387630695257,44.70619036601732,0,1
2023-07-05,-0.0028345045526526856,0.42301541667327003,-0.19087985985094133,45.26452124928989,0,1
2023-07-06,-0.0059164923930171715,0.41709892428025286,-0.23571703383314452,46.3997175310945,0,1
2023-07-07,0.003401259851591779,0.42050018413184465,-0.1550875109605326,45.79831801178146,0,1
2023-07-10,0.0007905616824796513,0.4212907458143243,-0.08991323098337763,45.682593850277804,0,1
2023-07-11,-0.00655424887822553,0.41473649693609876,-0.1328974942137495,46.94634387473975,0,1
2023-07-12,-0.0010856425226923021,0.4136508544134065,-0.17902464566193166,47.18177472228958,0,1
2023-07-13,-0.0005764144481181575,0.4130744399652883,-0.21940361786160414,47.32238882168147,0,1
2023-07-14,-0.001183723987860456,0.4118907159774279,-0.25516165886228037,47.578705520055,0,1
2023-07-17,0.00200806157970236,0.4138987775571302,-0.29732030221555844,47.22810853989486,0,1
2023-07-18,0.004516918198643463,0.4184156957557737,-0.2751277741950125,46.395235986844575,0,1
2023-07-19,0.0032005005905559715,0.4216161963463297,-0.2581436756990402,45.813537161841396,0,1
2023-07-20,-0.01791892997380857,0.4036972663725211,-0.46612948950720445,49.29393599558878,0,1
2023-07-21,-0.0024734179453573452,0.4012238484271638,-0.5478752320780181,49.77469735315684,0,1
2023-07-24,-0.0026885976363889112,0.3985352507907749,-0.5850912950030264,50.296751512083944,0,1
2023-07-25,-0.00018379754411546783,0.39835145324665944,-0.6147347229631333,50.36240827163081,0,1
2023-07-26,-0.002424474962685238,0.3959269782839742,-0.6549683078103019,50.84083070279656,1,1
2023-07-27,-0.0043911155276100105,0.3915358627563642,-0.767378447570252,51.68511016258693,1,1
2023-07-28,0.004684065062112999,0.3962199278184772,-0.6936952063441192,50.84896130274238,1,1
2023-07-31,0.006362378407717592,0.4025823062261948,-0.650316836673559,49.700077459332974,1,1
2023-08-01,-0.0014237154143182421,0.40115859081187655,-0.6291081110331787,49.99573956131134,1,1
2023-08-02,0.00478047650144965,0.4059390673133262,-0.5578263295555537,49.137700045169474,0,1
2023-08-03,-0.006933337595664215,0.39900572971766196,-0.5461988591631408,50.46212990202404,0,1
2023-08-04,0.00936569795217908,0.408371427669841,-0.3929880284417237,48.75499275935858,0,1
2023-08-07,0.0013102528600777365,0.40968168052991877,-0.411351138772607,48.54647754957087,0,1
2023-08-08,-0.014607740308730108,0.39507394022118864,-0.613648691709904,51.27467234631654,0,1
2023-08-09,0.002014237533380055,0.39708817775456867,-0.6460573368151428,50.94761255306203,1,1
2023-08-10,0.000435470985131756,0.3975236487397004,-0.6375226254886264,50.90160104727518,1,1
2023-08-11,0.0003317146875976354,0.39785536342729805,-0.5903736074034769,50.87383676695777,0,1
2023-08-14,0.004268189672718255,0.4021235531000163,-0.5204421467964351,50.13229798911989,0,1
2023-08-15,0.0030352569025973715,0.40515881000261367,-0.4270172475915181,49.61293732969378,0,1
2023-08-16,-0.0030744099051999555,0.4020844000974137,-0.3674524976675615,50.20567453813713,0,1
2023-08-17,-0.0013011957965342383,0.40078320430087944,-0.3445025235855975,50.475943042015096,0,1
2023-08-18,0.006090580672951897,0.4068737849738313,-0.2399098019105045,49.38662784433799,0,1
2023-08-21,0.0041152999873732415,0.41098908496120456,-0.19099192185355907,48.66209494815892,0,1
2023-08-22,0.004538529020752505,0.4155276139819571,-0.17798726830132716,47.85770043256543,0,1
2023-08-23,0.0011035666896604093,0.4166311806716175,-0.16673055893513855,47.68598197231203,0,1
2023-08-24,-0.005362822921854462,0.411268357749763,-0.2045656873630607,48.71350846592028,0,1
2023-08-25,-0.0026977244770001545,0.40857063327276283,-0.22602927071710527,49.246330286899,0,1
2023-08-28,0.001148910202463389,0.4097195434752262,-0.1937097181169766,49.06412917669092,0,1
2023-08-29,-0.004558409864137351,0.40516113361108885,-0.2656040323769093,49.950733763477665,0,1
2023-08-30,0.0021119763259861944,0.40727310993707505,-0.21730298011865845,49.58618212980126,0,1
2023-08-31,0.004431524836948993,0.411704634774024,-0.11660104522556841,48.78203760421135,0,1
2023-09-01,-0.012365236593631274,0.39933939818039277,-0.26178005453423414,51.15119925707686,0,1
2023-09-04,0.0055571965279983095,0.40489659470839107,-0.26603763581943224,50.158768304673636,0,1
2023-09-05,-0.0005833911851623186,0.40431320352322875,-0.26351550423114917,50.29829209854749,0,1
2023-09-06,-0.003574728739508588,0.40073847478372016,-0.10779421533158517,50.992868600887256,0,1
2023-09-07,0.006819668673361457,0.40755814345708163,-0.17168486538473163,49.75677658274827,0,1
2023-09-08,0.005164973592732645,0.4127231170498143,-0.1365849453753968,48.831707689836996,0,1
2023-09-11,0.005310360874117794,0.4180334779239321,-0.03220826028955105,47.87922324051325,0,1
2023-09-12,-0.010007156329728187,0.4080263215942039,-0.13912346573739612,49.766798181249094,0,1
2023-09-13,-0.001994347189691753,0.4060319744045121,-0.15691858562148547,50.1635250988215,0,1
2023-09-14,0.0038703991650135554,0.4099023735695257,-0.09297973490623232,49.484181515025035,0,1
2023-09-15,-0.0018920416827889765,0.4080103318867367,-0.12691118965245443,49.86492574687203,0,1
2023-09-18,0.0007439615382446125,0.4087542934249813,-0.10691271855444752,49.75911336863081,0,1
2023-09-19,-0.0020576384974812447,0.40669665492750007,-0.09091843269050073,50.174473532708056,0,1
2023-09-20,-6.932095916165949e-05,0.4066273339683384,-0.21358343881621109,50.21946142087228,0,1
2023-09-21,-0.0031424423582616145,0.4034848916100768,-0.2136128042861056,50.84322442582707,0,1
2023-09-22,-0.009542404891424472,0.3939424867186523,-0.18825730340379782,52.67890916010359,0,1
2023-09-25,-0.00025595851453734343,0.3936865282041149,-0.18171849559933204,52.75868469245965,0,1
2023-09-26,-0.0023578627142278744,0.39132866548988704,-0.21002253957949418,53.23325525382393,0,1
2023-09-27,-0.010684072124820263,0.3806445933650668,-0.5045698102924696,55.27994753174199,0,1
2023-09-28,-0.004357002130914856,0.37628759123415195,-0.5970482968163774,56.119487738769415,0,1
2023-09-29,-0.0006266624454093179,0.37566092878874263,-0.6189791400383778,56.2678759343276,0,1
2023-10-02,-0.0028574717748651828,0.37280345701387746,-0.6466191654044182,56.83358517879232,1,1
2023-10-03,0.0014696808971493911,0.37427313791102684,-0.5501137556761043,56.58996253907724,0,1
2023-10-04,0.0031761528829647914,0.37744929079399164,-0.5076862199208005,56.02311253501873,0,1
2023-10-05,0.006310595796233089,0.38375988659022475,-0.42899323175726006,54.86086062958951,0,1
2023-10-06,0.006071656146677951,0.3898315427369027,-0.38638353777717277,53.74662990321523,0,1
2023-10-09,0.006146440015800018,0.3959779827527027,-0.28799465403283786,52.62036701642701,0,1
2023-10-10,-0.005656825371903015,0.39032115738079964,-0.353853670651238,53.71629728857512,0,1
2023-10-11,-0.0038861447140573512,0.3864350126667423,-0.4650949099145848,54.478649389614745,0,1
2023-10-12,-0.005339079430250408,0.3810959332364919,-0.5465049365625241,55.516758521683435,0,1
2023-10-13,0.00541943352223281,0.38651536675872467,-0.4837804900391989,54.527597609946085,0,1
2023-10-16,-0.002693915244935185,0.3838214515137895,-0.525178563982824,55.067089765847335,0,1
2023-10-17,0.005699868936519677,0.3895213204503092,-0.5166803983902094,54.020743045992404,0,1
2023-10-18,-0.0010378932761081865,0.388483427174201,-0.4739431134180812,54.248927494494794,0,1
2023-10-19,0.00028104287331021495,0.3887644700475112,-0.4220868602714176,54.22752019967769,0,1
2023-10-20,-0.006137604126394616,0.38262686592111655,-0.4795905971125643,55.43281363796963,0,1
2023-10-23,-0.00437826630342211,0.37824859961769447,-0.5909483248762926,56.29998205680822,0,1
2023-10-24,0.004055239084134846,0.3823038387018293,-0.5896896977924588,55.55710249068809,0,1
2023-10-25,-0.005921787174976786,0.37638205152685256,-0.7165959556130587,56.72327224610885,1,1
2023-10-26,0.0009886818055454506,0.377370733332398,-0.7940184274955709,56.566236409627486,1,1
2023-10-27,0.008684137813115859,0.38605487114551384,-0.6625752223002016,54.928486140430316,1,1
2023-10-30,0.005287358607986142,0.39134222975349997,-0.6391478013488089,53.95413996150917,1,1
2023-10-31,0.0005523647600965045,0.3918945945135965,-0.5711223579801272,53.88102399565714,0,1
2023-11-01,0.0043101695119106675,0.39620476402550714,-0.6599386174718683,53.088029575516146,1,1
2023-11-02,0.0012867110273839153,0.39749147505289106,-0.6201039774463595,52.873298230135624,0,1
2023-11-03,0.004588428269406204,0.40207990332229726,-0.5880925842598227,52.02064314083724,0,1
2023-11-06,-0.0063676126554408595,0.3957122906668564,-0.7038249777212496,53.281884836744275,1,1
2023-11-07,-0.003805656999632089,0.39190663366722434,-0.7522051988144172,54.04640854055212,1,1
2023-11-08,-0.003967360318186677,0.38793927334903766,-0.7864353327840056,54.84409749079819,1,1
2023-11-09,-0.0009143281516819325,0.38702494519735575,-0.7293477290557322,55.05298803135216,1,1
2023-11-10,-0.0006115218241902543,0.3864134233731655,-0.6499054057767041,55.203962878284614,1,1
2023-11-13,-0.001524025863797468,0.384889397509368,-0.7378094417533356,55.53414951710388,1,1
2023-11-14,-0.004073509904139169,0.38081588760522883,-0.765314955037362,56.36734880789221,1,1
2023-11-15,-0.0005296993332125563,0.38028618827201627,-0.8940489085678806,56.50375579038436,1,1
2023-11-16,0.00395244428925481,0.38423863256127105,-0.8170525853468122,55.752319840377154,1,1
2023-11-17,0.0031561960113212005,0.3873948285725923,-0.7280358200177222,55.15732228442995,1,1
2023-11-20,-0.002607523879584668,0.3847873046930076,-0.7619551757121545,55.709154475489264,1,1
2023-11-21,0.011418733495766095,0.3962060381887737,-0.6917062143106747,53.45518082690728,1,1
2023-11-22,-0.003266545758663872,0.39293949243010984,-0.7098069724316328,54.125823997834374,1,1
2023-11-23,-0.0008228388230656389,0.3921166536070442,-0.8414863440438659,54.3192541972318,1,1
2023-11-24,0.0007316424375283961,0.39284829604457255,-0.7979255237076709,54.20692333763142,1,1
2023-11-27,0.00141668280058219,0.39426497884515477,-0.7943735749186983,53.95786113202057,1,1
2023-11-28,0.00013110228986253308,0.3943960811350173,-0.7056136270411069,53.96372083347491,1,1
2023-11-29,0.0044038511257254095,0.3987999322607427,-0.45321759841862,53.11225781584038,0,1
2023-11-30,-0.001380841567590501,0.3974190906931522,-0.5144706729660226,53.421632400603045,0,1
2023-12-01,0.010111797141615194,0.4075308878347674,-0.3092802851619175,51.41166254826933,0,1
2023-12-04,0.006498860156211224,0.4140297479909786,-0.20302170730714275,50.154546888870165,0,1
2023-12-05,-0.0025926806098808715,0.4114370673810977,-0.1985408939096805,50.698900900841316,0,1
2023-12-06,-0.002621718893448086,0.4088153484876496,-0.20110797522798993,51.251201592209284,0,1
2023-12-07,-0.0012215632006633151,0.4075937852869863,-0.22653254647033622,51.5266571021296,0,1
2023-12-08,-0.001433778210106176,0.40616000707688016,-0.2836064723070747,51.84596147166976,0,1
2023-12-11,-0.004888924980697479,0.4012710820961827,-0.3194713019786373,52.86279808205259,0,1
2023-12-12,-0.004085294960355835,0.39718578713582686,-0.3168909073559701,53.7178934413445,0,1
2023-12-13,0.002297768581210252,0.3994835557170371,-0.315203935999917,53.28609909223636,0,1
2023-12-14,0.0059561553961730036,0.4054397111132101,-0.2505393791196757,52.11040482536704,0,1
2023-12-15,0.0025739322201741585,0.40801364333338425,-0.2332800480937399,51.62187810387087,0,1
2023-12-18,-0.0014719938387499647,0.4065416494946343,-0.24784870859775424,51.95282840680936,0,1
2023-12-19,-0.000126942863692245,0.40641470663094204,-0.19998187242762197,52.01075381477656,0,1
2023-12-20,0.0011550075529822566,0.4075697141839243,-0.166462187598773,51.8055958802434,0,1
2023-12-21,-0.00614624550362561,0.40142346868029866,-0.23209145761316857,53.1065604190006,0,1
2023-12-22,-0.0014410411415152764,0.3999824275387834,-0.34948643103195365,53.43505009365107,0,1
2023-12-25,-0.00038688414341313477,0.39959554339537023,-0.4430461490755445,53.54707728374979,0,1
2023-12-26,0.007466541690933238,0.4070620850863035,-0.3773092326541225,52.02591818707717,0,1
2023-12-27,-0.002714342319276224,0.4043477427670273,-0.38048039061516276,52.61803227437698,0,1
2023-12-28,0.004687803819508948,0.40903554658653624,-0.2627164699151634,51.678877371457894,0,1
2023-12-29,-0.012223076627454114,0.39681246995908215,-0.40854909443717274,54.24394701954926,0,1
2024-01-01,-0.0017379631404713831,0.3950745068186108,-0.5005400429919017,54.62541815433343,0,1
2024-01-02,-0.004250224804177097,0.3908242820144337,-0.5279269479490972,55.516385238454255,0,1
2024-01-03,-0.0005666498428264205,0.3902576321716073,-0.5139982326001089,55.663085543721735,0,1
2024-01-04,-0.0022297733757103764,0.3880278587958969,-0.3988008996355478,56.148985178753605,0,1
2024-01-05,-0.005706090391096524,0.38232176840480037,-0.47573644367269596,57.347853267503275,0,1
2024-01-08,0.009222762126161962,0.39154453053096233,-0.4315415047917647,55.4977708042242,0,1
2024-01-09,-0.004882587328781787,0.38666194320218056,-0.4260656256446473,56.511934508596596,0,1
2024-01-10,0.007195085866061412,0.393857029068242,-0.4538953921039583,55.09632561803279,0,1
2024-01-11,0.004313519145590254,0.39817054821383224,-0.436835398505182,54.265884250797775,0,1
2024-01-12,0.014070305494346003,0.41224085370817826,-0.16184969420563008,51.480510342332344,0,1
2024-01-15,-0.002704485998087607,0.40953636771009067,-0.2721171275096732,52.03368841109918,0,1
2024-01-16,0.0013173221190336927,0.41085368982912435,-0.2006689515995106,51.810774036467585,0,1
2024-01-17,0.00033841233727568737,0.4111921021664,-0.1567238180507468,51.77694036201728,0,1
2024-01-18,0.007891737193997526,0.41908383936039756,-0.05290992118630652,50.26464490788749,0,1
2024-01-19,0.0008586979870951407,0.4199425373474927,0.02110390567537631,50.12993942178887,0,1
2024-01-22,0.0004639427305661737,0.42040648007805886,-0.028945753853568987,50.07136780928763,0,1
2024-01-23,-0.0006873150124985751,0.4197191650655603,-0.01174585133807317,50.2383403159412,0,1
2024-01-24,-0.0006303796603228645,0.4190887854052374,-0.12544397728362547,50.39483671816317,0,1
2024-01-25,0.00401014664686004,0.4230989320520975,0.039331368127430114,49.630407549021164,0,1
2024-01-26,-0.004777293888923252,0.41832163816317425,-0.037065239297150276,50.61321395025306,0,1
2024-01-29,0.0017320909535183829,0.42005372911669264,-0.13404949728954202,50.3003049374911,0,1
2024-01-30,-0.0070536938957873425,0.4130000352209053,-0.2955845950115703,51.744106055385444,0,1
2024-01-31,0.002104137363889981,0.41510417258479526,-0.2380368312956288,51.35735535668425,0,1
2024-02-01,-0.001235198595104348,0.4138689739896909,-0.3198050336348158,51.63636311617257,0,1
2024-02-02,0.0011009690856742065,0.4149699430753651,-0.29210337328573116,51.44701830941266,0,1
2024-02-05,-0.007630796924290884,0.40733914615107425,-0.3012227408299689,53.02167676915072,0,1
2024-02-06,-0.008867449237354351,0.3984716969137199,-0.3827763551715056,54.83229973959372,0,1
2024-02-07,-0.009390504692956929,0.389081192220763,-0.4736952811306375,56.72486096641185,0,1
2024-02-08,-0.007888584521908826,0.38119260769885416,-0.5426374135140731,58.298206566253235,0,1
2024-02-09,-0.004781453828260904,0.37641115387059326,-0.6203462026114319,59.25716063328164,0,1
2024-02-12,-0.0036626945444766844,0.37274845932611655,-0.6815553513978274,59.9998039203431,1,1
2024-02-13,-0.006402018193403054,0.3663464411327135,-0.8284900893323763,61.27747552569038,1,1
2024-02-14,-0.0031359794693408337,0.3632104616633726,-0.8381058125030423,61.91773883772812,1,1
2024-02-15,-0.0026042182198250333,0.3606062434435476,-0.9050320900751055,62.456699421565375,1,1
2024-02-16,-0.0022861536579893166,0.35832008978555824,-0.9065818437679294,62.93565504397613,1,1
2024-02-19,0.0028341848120691368,0.3611542745976274,-0.9896955935493065,62.411012820577874,1,1
2024-02-20,-0.006344709816183377,0.354809564781444,-0.9506768725976552,63.694130917008174,1,1
2024-02-21,0.0016748149757790875,0.3564843797572231,-0.8712698282385891,63.39695148285684,1,1
2024-02-22,-0.006122759533401157,0.35036162022382195,-0.9094140495648415,64.6386130205457,1,1
2024-02-23,0.0018920126791409828,0.3522536329029629,-0.8100653277227433,64.29781440799827,1,1
2024-02-26,-8.200808808217795e-05,0.35217162481488073,-0.8123258779356983,64.34606324787701,1,1
2024-02-27,-0.003272589502713463,0.34889903531216726,-0.8710513182526808,65.02987887297145,1,1
2024-02-28,0.005903538189481197,0.35480257350164845,-0.8492654069816507,63.88216866163635,1,1
2024-02-29,0.0015142953725956546,0.35631686887424413,-0.8965023929903049,63.61225078562617,1,1
2024-03-01,-0.004799231150390648,0.35151763772385347,-1.0702965731605603,64.60618643885414,1,1
2024-03-04,0.013291617674131347,0.3648092553979848,-0.9383089711158471,61.97296734345812,1,1
2024-03-05,-0.00026655049087739207,0.36454270490710744,-0.963051548514439,62.05664473213623,1,1
2024-03-06,0.006202945907655212,0.37074565081476263,-0.8338621780166995,60.87932785830098,1,1
2024-03-07,-0.010687955784650368,0.36005769503011226,-0.8250808610836518,62.98954819263362,1,1
2024-03-08,-0.011200959127848404,0.34885673590226385,-0.9709180185853833,65.15915588001967,1,1
2024-03-11,-0.003489733921674256,0.3453670019805896,-0.9927509639567845,65.84390242466355,1,1
2024-03-12,-0.0025208129885678967,0.34284618899202174,-0.9827638886035486,66.34897899551784,1,1
2024-03-13,0.005922898681670089,0.3487690876736918,-0.866336417097195,65.26448157664328,1,1
2024-03-14,0.0022281678352342607,0.3509972555089261,-0.8372521556035963,64.87705957887154,1,1
2024-03-15,-0.0027984933811593276,0.34819876212776674,-0.8300480511165521,65.43836928849322,1,1
2024-03-18,-0.015433085269289232,0.3327656768584775,-1.0179329142568174,68.4014986602682,1,1
2024-03-19,-0.003879449388959758,0.3288862274695178,-1.0612127234174455,69.14014614290646,1,1
2024-03-20,-0.0019793996559208343,0.326906827813597,-1.0879923727805854,69.53374242308826,1,1
2024-03-21,0.005796008112256619,0.3327028359258536,-1.122747045078746,68.50163969115506,1,1
2024-03-22,-0.004546778417628077,0.3281560575082255,-1.1881557977182613,69.36777617320608,1,1
2024-03-25,0.006153361318378745,0.33430941882660425,-1.1120789408285408,68.26894563016566,1,1
2024-03-26,-0.006208991811408418,0.3281004270151958,-1.2328839085525396,69.44019553650196,1,1
2024-03-27,0.0025342540469056505,0.3306346810621015,-1.2884355304057202,69.00800716161994,1,1
2024-03-28,-0.0012830823299325638,0.3293515987321689,-1.3751753369414585,69.27610379917604,1,1
2024-03-29,0.0003638837565876293,0.32971548248875654,-1.3713402696883836,69.24079226327754,1,1
2024-04-01,0.001491803865085725,0.3312072863538423,-1.317785797087796,68.99521699686996,1,1
2024-04-02,-0.0022879538813406234,0.32891933247250166,-1.3109823594350882,69.45522741415296,1,1
2024-04-03,-0.004405245350775527,0.32451408712172614,-1.3870629935099024,70.31520681173066,1,1
2024-04-04,-0.01719801347226841,0.30731607364945773,-1.5436262646254564,73.58545295928046,1,1
2024-04-05,0.0021641884139528165,0.30948026206341056,-1.5187786337879263,73.23050060201436,1,1
2024-04-08,0.006293834888637145,0.3157740969520477,-1.4210236066795556,72.1316227940572,1,1
2024-04-09,-0.006898358232694204,0.30887573871935353,-1.500330629263163,73.40116020400585,1,1
2024-04-10,-0.000246379705801427,0.3086293590135521,-1.4809057345020586,73.47723431889617,1,1
2024-04-11,-0.0012436979656902398,0.30738566104786186,-1.5703566675337308,73.73296436507285,1,1
2024-04-12,0.005613090569456523,0.3129987516173184,-1.4996604189524112,72.74971685946859,1,1
2024-04-15,-0.007060374814827574,0.3059383768024908,-1.6278766309064405,74.05853206623655,1,1
2024-04-16,-0.006772913508388496,0.2991654632941023,-1.6605442337832448,75.3109532284244,1,1
2024-04-17,0.002260782143380579,0.3014262454374829,-1.59539971670377,74.93673206588433,1,1
2024-04-18,-0.005545110625188388,0.29588113481229456,-1.6267555534975127,75.96993130052866,1,1
2024-04-19,0.013332343376673486,0.30921347818896805,-1.6149108637188734,73.59477005838843,1,1
2024-04-22,0.00010010164057478658,0.30931357982954283,-1.5941155706828805,73.6091837998685,1,1
2024-04-23,-0.003626754285006319,0.3056868255445365,-1.621421620640315,74.28238166318485,1,1
2024-04-24,-0.015578412052247154,0.2901084134922894,-1.7599742190885315,77.07792361248285,1,1
2024-04-25,-0.0019973471620339145,0.28811106633025546,-1.7628765161932067,77.45147291541953,1,1
2024-04-26,0.0009392877624946644,0.28905035409275015,-1.7365489019270366,77.32204581604549,1,1
2024-04-29,0.000898091068054287,0.2899484451608044,-1.6769477792676684,77.19882856056913,1,1
2024-04-30,-0.005453333652708627,0.2844951115080958,-1.7777946351035931,78.17872198415469,1,1
2024-05-01,0.002094996910505788,0.2865901084186016,-1.7785229425415288,77.84637183183078,1,1
2024-05-02,-0.0018915718562392031,0.2846985365623624,-1.7650313858488238,78.20901182941785,1,1
2024-05-03,0.011568500818058474,0.2962670373804209,-1.5832998491374017,76.20852151619717,1,1
2024-05-06,0.0011962283119984355,0.2974632656924193,-1.5768176914460457,76.03404251640148,1,1
2024-05-07,0.003951887472560649,0.30141515316497997,-1.52273333829548,75.38011067164481,1,1
2024-05-08,-0.0037556562532411195,0.2976594969117388,-1.5851568454469174,76.06599185318163,1,1
2024-05-09,-0.003951394261220139,0.29370810265051867,-1.6051850834075427,76.78822456746514,1,1
2024-05-10,0.004820281722569586,0.29852838437308826,-1.4773456451883618,75.97569100930505,1,1
2024-05-13,0.0019753866713103974,0.3005037710443987,-1.420798896245089,75.66102906305491,1,1
2024-05-14,-0.0031038553179220814,0.2973999157264766,-1.4380304967670041,76.24052379911556,1,1
2024-05-15,-0.0047529837628526765,0.29264693196362396,-1.476866874955046,77.1142984944277,1,1
2024-05-16,-0.0044731600881755765,0.2881737718754484,-1.5000195518668646,77.93984495183454,1,1
2024-05-17,0.0007667369183618313,0.2889405087938102,-1.4417288992642736,77.83554508929741,1,1
2024-05-20,0.007713221415296508,0.29665373020910674,-1.4128516405697067,76.48851728522865,1,1
2024-05-21,-0.0025335232028326432,0.2941202070062741,-1.5275158871849996,76.97116418261376,1,1
2024-05-22,0.008497789902049873,0.30261799690832397,-1.3789764290798003,75.48470623029719,1,1
2024-05-23,-0.003865234804972049,0.29875276210335194,-1.371913298799821,76.20227117765424,1,1
2024-05-24,-0.0007204605372694085,0.2980323015660825,-1.3409307455127633,76.36245531669134,1,1
2024-05-27,0.0005494997224221461,0.29858180128850464,-1.4340470336344235,76.29614779732665,1,1
2024-05-28,-0.0026438736324965665,0.29593792765600807,-1.467069552900472,76.80391367965488,1,1
2024-05-29,-0.002238925877271295,0.29369900177873676,-1.5025936437563507,77.24061258726142,1,1
2024-05-30,0.0035720917389521012,0.2972710935176889,-1.3818816396933975,76.62383683848627,1,1
2024-05-31,-0.00033121332424083634,0.296939880193448,-1.3715726433537754,76.71620409540735,1,1
2024-06-03,0.001979638693439562,0.2989195188868876,-1.263506968728656,76.38537542575624,1,1
2024-06-04,0.0043571420717285776,0.3032766609586162,-1.3195810855030405,75.61477369060403,1,1
2024-06-05,0.0008554782314618254,0.30413213919007803,-1.3434836318788173,75.48887583127707,1,1
2024-06-06,0.00040344810033436304,0.3045355872904124,-1.2812017145845909,75.44599467857492,1,1
2024-06-07,0.00043214322000027924,0.3049677305104127,-1.344832711590709,75.39732490847945,1,1
2024-06-10,-0.0159070478610357,0.289060682649377,-1.3495905809133322,78.41619159127164,1,1
2024-06-11,0.009138532303104059,0.2981992149524811,-1.2425726138549098,76.80537259838046,1,1
2024-06-12,0.0022582106695554025,0.3004574256220365,-1.2442642944881706,76.4353284573199,1,1
2024-06-13,0.001970708283983326,0.3024281339060198,-1.246820851385455,76.11476983809561,1,1
2024-06-14,0.0021522485632487964,0.3045803824692686,-1.2162904456461792,75.7597817423725,1,1
2024-06-17,0.0010451763172140507,0.3056255587864827,-1.1250936786280978,75.60293264459862,1,1
2024-06-18,-0.0030673009403260443,0.30255825784615664,-1.1921741832295192,76.19228358333032,1,1
2024-06-19,0.0007755498193688995,0.30333380766552553,-1.5061116391400966,76.08281083243918,1,1
2024-06-20,0.0026752417736408806,0.3060090494391664,-1.4264480179032544,75.62401104931904,1,1
2024-06-21,-0.0023518505749653496,0.30365719886420106,-1.420908923260391,76.0893922566028,1,1
2024-06-24,-0.002490105909040506,0.30116709295516053,-1.3826301170503243,76.58240490643627,1,1
2024-06-25,-0.0048862318675368345,0.2962808610876237,-1.4810043869287248,77.52314111771702,1,1
2024-06-26,-0.005314173741751678,0.290966687345872,-1.551424799210283,78.544455007839,1,1
2024-06-27,0.00605766086050755,0.2970243482063796,-1.4006777563159998,77.44861164520469,1,1
2024-06-28,0.0016954181356156244,0.2987197663419952,-1.3671728458099872,77.16544951783769,1,1
2024-07-01,0.0004398380884777332,0.29915960443047296,-1.3550087565096818,77.11526838650012,1,1
2024-07-02,0.002206436448389417,0.3013660408788624,-1.3140801644058848,76.73259963594724,1,1
2024-07-03,-0.002860024357323383,0.29850601652153896,-1.371980165316724,77.30469671853373,1,1
2024-07-04,0.0008878107725628168,0.2993938272941018,-1.417434195964376,77.16836531174346,1,1
2024-07-05,-0.002614991546561533,0.29677883574754027,-1.4876442083982147,77.69900167021987,1,1
2024-07-08,-8.237029727389994e-05,0.29669646545026634,-1.3036043379313118,77.74678549256184,1,1
2024-07-09,-0.010203885313444584,0.2864925801368218,-1.3884199374963224,79.74424159541833,1,1
2024-07-10,-0.0029577956205060945,0.2835347845163157,-1.3915477696528304,80.33683145962256,1,1
2024-07-11,-0.001307278165313016,0.2822275063510027,-1.405075972836113,80.61758609012843,1,1
2024-07-12,-0.003754808292734304,0.2784726980582684,-1.4204463652833008,81.36793086021046,1,1
2024-07-15,-0.00510679205672057,0.27336590600154786,-1.4284614633805723,82.37965176278706,1,1
2024-07-16,-0.006601968845189812,0.26676393715635804,-1.5636837917571431,83.67850686417242,1,1
2024-07-17,-0.0006126508200953028,0.2661512863362627,-1.6536701008535266,83.82767081824638,1,1
2024-07-18,0.0019355954859385197,0.26808688182220125,-1.6123230999059999,83.48742946124932,1,1
2024-07-19,-0.004157289326418396,0.26392959249578285,-1.7225537430355373,84.3229467872722,1,1
2024-07-22,-0.00414404736579509,0.25978554512998775,-1.6921825426194261,85.15753980816686,1,1
2024-07-23,0.0022706628447857744,0.2620562079747735,-1.7904435710875592,84.74888488083188,1,1
2024-07-24,0.00012283093426909995,0.26217903890904265,-1.8053911304105503,84.75694539767333,1,1
2024-07-25,0.0008492648817410351,0.2630283037907837,-1.6404045611104088,84.62241232172326,1,1
2024-07-26,0.0043254922579438375,0.2673537960487275,-1.6095750739008705,83.80140877144456,1,1
2024-07-29,0.0017567461368058587,0.2691105421855334,-1.5926615475019066,83.48643403453555,1,1
2024-07-30,7.63705299305366e-05,0.2691869127154639,-1.595873253617792,83.50328213719797,1,1
2024-07-31,0.0005359126042455214,0.2697228253197094,-1.644924753394325,83.42828554219865,1,1
2024-08-01,0.00390771998058535,0.2736305453002948,-1.633206967078541,82.67557148023724,1,1
2024-08-02,-0.0006557332809495927,0.2729748120193452,-1.6039803717096603,82.83955237396967,1,1
2024-08-05,-0.0021923221925486862,0.27078248982679654,-1.6147774546616367,83.31529540542662,1,1
2024-08-06,-0.0012945765428939138,0.26948791328390265,-1.7122338052055037,83.61054846878183,1,1
2024-08-07,0.0012997089530312287,0.27078762223693387,-1.749819567862922,83.3768461542706,1,1
2024-08-08,-0.005851123681336203,0.26493649855559764,-1.8792489890912782,84.61149107528674,1,1
2024-08-09,0.0009125865787455821,0.26584908513434324,-1.8817221419134182,84.45640687481716,1,1
2024-08-12,0.00048492857347646155,0.26633401370781973,-1.811802610706092,84.38844314788246,1,1
2024-08-13,0.0002302493313270416,0.26656426303914676,-1.7757403658233006,84.37271192274225,1,1
2024-08-14,-0.004540255736520349,0.2620240073026264,-1.8450426039964816,85.35154945309098,1,1
2024-08-15,-0.0007894305230652058,0.26123457677956125,-1.800179646022825,85.5482850595636,1,1
2024-08-16,0.005049301576737364,0.26628387835629863,-1.7600906563405132,84.52074613017543,1,1
2024-08-19,-0.0005782998434790712,0.26570557851281956,-1.8261950310602342,84.674020718105,1,1
2024-08-20,-0.0020066575245535714,0.263698920988266,-1.7151485533199304,85.12921317403969,1,1
2024-08-21,0.0012083490605957238,0.2649072700488617,-1.7749956671519687,84.90518416975215,1,1
2024-08-22,0.000774881818036439,0.26568215186689814,-1.757524540337104,84.77211466338375,1,1
2024-08-23,0.0011381100114743782,0.26682026187837254,-1.6986485199333194,84.56029804908039,1,1
2024-08-26,0.00041681845870857525,0.2672370803370811,-1.787544967469403,84.50252283469314,1,1
2024-08-27,0.001882230785104754,0.26911931112218584,-1.8333597065594534,84.12676209837595,1,1
2024-08-28,-0.0010188407758200057,0.26810047034636586,-1.9195733529096484,84.38055935764325,1,1
2024-08-29,0.003567101161935142,0.271667571508301,-1.756177257707152,83.63178308408864,1,1
2024-08-30,0.0007387652555594623,0.27240633676386045,-1.7210491101140328,83.50172380417413,1,1
2024-09-02,-0.0007111241425961838,0.2716952126212643,-1.7829310717101527,83.69061747203978,1,1
2024-09-03,-0.003410343358355716,0.26828486926290857,-1.8015622315775444,84.47924887187449,1,1
2024-09-04,0.005059137667816305,0.27334400693072486,-1.7416222181484753,83.38606672489489,1,1
2024-09-05,0.004295222440636131,0.277639229371361,-1.6570532353765115,82.46424153992577,1,1
2024-09-06,-0.002176906496841703,0.27546232287451927,-1.6837589599065426,82.97992414205154,1,1
2024-09-09,-0.0004600152627708804,0.2750023076117484,-1.650263171901176,83.11459395698402,1,1
2024-09-10,-0.002892267360942892,0.2721100402508055,-1.5747618213586623,83.79576349639505,1,1
2024-09-11,0.003791553387061551,0.27590159363786704,-1.520140955982662,82.97392855630719,1,1
2024-09-12,-0.0034175060539828744,0.27248408758388415,-1.533162557325542,83.77674818976656,1,1
2024-09-13,0.003928397854821238,0.2764124854387054,-1.354355673862155,82.92064412563796,1,1
2024-09-16,-0.00323862600482143,0.27317385943388395,-1.3406814252067087,83.68571624607267,1,1
2024-09-17,-0.005358055169349595,0.26781580426453433,-1.3993211031595074,84.93375616703028,1,1
2024-09-18,0.0020107064831055978,0.2698265107476399,-1.3361606769382366,84.51067749369302,1,1
2024-09-19,0.0018143886406129317,0.27164089938825287,-1.331529573890712,84.13014907300655,1,1
2024-09-20,-0.0017335979028267616,0.2699073014854261,-1.396542002751093,84.55821852534761,1,1
2024-09-23,0.0037716316447276377,0.27367893313015373,-1.4328746186178383,83.72435256318076,1,1
2024-09-24,-0.001804589778304593,0.2718743433518491,-1.5407223498306766,84.17124856552381,1,1
2024-09-25,0.0014108740822271208,0.27328521743407624,-1.60811620466545,83.87733549054215,1,1
2024-09-26,-0.004838513383831783,0.26844670405024446,-1.5984612188787812,85.03285871225276,1,1
2024-09-27,-0.0005298879793579101,0.2679168160708865,-1.5559976246692278,85.18772422857464,1,1
2024-09-30,-0.00621380709857668,0.26170300897230986,-1.566229620464244,86.66864415481398,1,1
2024-10-01,0.011416688147128422,0.2731196971194383,-1.4741076146540966,84.05520533050681,1,1
2024-10-02,-0.0020576582110139016,0.2710620389084244,-1.46614029492488,84.54838802091808,1,1
2024-10-03,0.0020429143247357355,0.27310495323316014,-1.5177542537708824,84.12044381735424,1,1
2024-10-04,-0.003340158448738992,0.26976479478442117,-1.5467273519028897,84.90790390347054,1,1
2024-10-07,0.0013556731285424316,0.2711204679129636,-1.5323667251499749,84.63253885107622,1,1
2024-10-08,0.007691331862364358,0.278811799775328,-1.348396133249655,82.91153801315266,1,1
2024-10-09,0.0016273579121280728,0.2804391576874561,-1.271649724484047,82.57697796430158,1,1
2024-10-10,0.0027500074788254928,0.28318916516628156,-1.2896992557657616,81.98643371795465,1,1
2024-10-11,-0.0026838558617364307,0.28050530930454515,-1.2502536772634925,82.62816912931608,1,1
2024-10-14,-0.0016433678070676204,0.2788619414974775,-1.2846097244663868,83.03487777515541,1,1
2024-10-15,0.002376325496505965,0.28123826699398347,-1.37565108802808,82.52237330186104,1,1
2024-10-16,0.0009555220573244847,0.28219378905130793,-1.4363089689608854,82.33454320383534,1,1
2024-10-17,-0.0007912248597724893,0.2814025641915354,-1.4540966026927848,82.5495946342648,1,1
2024-10-18,-0.00010921555250013111,0.28129334863903527,-1.5152141313273557,82.60701123398113,1,1
2024-10-21,0.008105760315359364,0.28939910895439463,-1.4166934690010473,80.7424188934106,1,1
2024-10-22,0.00010199845948683319,0.28950110741388146,-1.478668904998723,80.75091050551563,1,1
2024-10-23,0.004650633944134108,0.2941517413580156,-1.335050301224876,79.7044228847252,1,1
2024-10-24,0.003272560207877218,0.2974243015658928,-1.2418186282071242,78.97822506500466,1,1
2024-10-25,0.0017901386907008474,0.2992144402565936,-1.16698746674711,78.59446752879438,1,1
2024-10-28,-0.006490410342262855,0.2927240299143308,-1.2363528947042526,80.14111215434038,1,1
2024-10-29,-0.00123057550732842,0.29149345440700236,-1.2443968887755252,80.45818397391412,1,1
2024-10-30,-0.0023719772713375253,0.28912147713566483,-1.25522638603156,81.04258362455117,1,1
2024-10-31,-0.007210148804083404,0.28191132833158145,-1.2926825197217033,82.76044661047989,1,1
2024-11-01,-0.0029561298187470563,0.2789551985128344,-1.3236578959116065,83.47645035780566,1,1
2024-11-04,-0.004292290602959076,0.27466290790987535,-1.431857271576753,84.5046665573562,1,1
2024-11-05,0.0016988177710348014,0.27636172568091016,-1.451936877763522,84.14237635240508,1,1
2024-11-06,-0.00105641295419855,0.2753053127267116,-1.4321834007084173,84.4207793451389,1,1
2024-11-07,0.0026566892497408307,0.27796200197645243,-1.5644721793240677,83.82978256954783,1,1
2024-11-08,0.0031830561917902834,0.2811450581682427,-1.47844626100535,83.11271344899791,1,1
2024-11-11,-0.0011846922022681677,0.2799603659659745,-1.4831791501227487,83.42422527955758,1,1
2024-11-12,0.0001565041835057228,0.2801168701494802,-1.4909184128925952,83.41911365474364,1,1
2024-11-13,0.006247381657934927,0.28636425180741515,-1.4219098249531192,81.96074963182743,1,1
2024-11-14,-0.0033106934312059433,0.2830535583762092,-1.4662539404502246,82.777075173516,1,1
2024-11-15,-0.006927685526232247,0.27612587284997697,-1.612951243361901,84.45391980225284,1,1
2024-11-18,0.0014005161105276611,0.27752638896050463,-1.576009085521385,84.15661533020129,1,1
2024-11-19,-0.002852499488476403,0.27467388947202825,-1.7628169648404748,84.8628146683456,1,1
2024-11-20,0.0060222044784259705,0.28069609395045425,-1.770150203376468,83.46699204860111,1,1
2024-11-21,0.005630473882424836,0.2863265678328791,-1.6561093084392233,82.1719394211038,1,1
2024-11-22,0.001425454088155027,0.2877520219210341,-1.6026608543693817,81.86943839960429,1,1
2024-11-25,0.0064832319336145215,0.2942352538546486,-1.4944289615803215,80.37221279567387,1,1
2024-11-26,0.0009317249177377083,0.2951669787723863,-1.4631272856985102,80.18612126016421,1,1
2024-11-27,0.0031614608518438572,0.29832843962423017,-1.3578404753948103,79.47400553350076,1,1
2024-11-28,-0.0027100414996742827,0.29561839812455587,-1.3406606075326046,80.1455285880215,1,1
2024-11-29,0.01371638616309705,0.30933478428765293,-1.1705654069526583,76.92971124705825,1,1
2024-12-02,-0.011468399055698221,0.2978663852319547,-1.3872196166736792,79.53957565182122,1,1
2024-12-03,0.003348164609706615,0.3012145498416613,-1.3766353602470078,78.84226190719421,1,1
2024-12-04,0.0026373210002309947,0.3038518708418923,-1.3227651709024164,78.2982389935972,1,1
2024-12-05,0.008131441869981194,0.3119833127118735,-1.2091301613672656,76.54735937757457,1,1
2024-12-06,-0.0027005570775412283,0.3092827556343323,-1.2581876042817592,77.16421652985075,1,1
2024-12-09,-0.0011080709317723857,0.3081746847025599,-1.1969061295993646,77.43710779224544,1,1
2024-12-10,-0.003457282272653738,0.30471740242990614,-1.2219438181867563,78.22479005916776,1,1
2024-12-11,-0.006001345120205356,0.2987160573097008,-1.2906196203286018,79.57178254303297,1,1
2024-12-12,0.024642647489563633,0.32335870479926443,-1.0246170106284889,74.22669470772531,1,1
2024-12-13,0.00482970779937175,0.3281884125986362,-0.9308243851080675,73.34165173305435,1,1
2024-12-16,-0.00235767534843865,0.3258307372501975,-1.0185237652416028,73.82173952038045,1,1
2024-12-17,0.0006115125134984664,0.32644224976369596,-0.870674195299767,73.73699303538459,1,1
2024-12-18,0.0007278337380036349,0.32717008350169957,-0.8402386478493268,73.62924346408381,1,1
2024-12-19,-0.0018826990635540195,0.32528738443814553,-0.8117681122877399,74.02482195169948,1,1
2024-12-20,0.006198723545188561,0.3314861079833341,-0.7256660851902708,72.85378068836503,1,1
2024-12-23,0.00986049103754318,0.3413465990208773,-0.5721559670167234,70.97695980906389,0,1
2024-12-24,-0.003526635859807777,0.3378199631610695,-0.5462369770151542,71.68153341070952,0,1
2024-12-25,-0.0062649918540715575,0.33155497130699796,-0.7392557256320327,72.91211429952054,1,1
2024-12-26,0.012448709450617525,0.3440036807576155,-0.5202504186479111,70.56847783492609,0,1
2024-12-27,0.005567571795088795,0.3495712525527043,-0.5409581179266127,69.5652509255672,0,1
2024-12-30,-0.006407517813806328,0.343163734738898,-0.6710056053290173,70.78818572968733,1,1
2024-12-31,0.0065614710820295205,0.34972520582092753,-0.7717537736587016,69.60357422965298,1,1
2025-01-01,-0.005064416860132542,0.344660788960795,-0.7998430264612253,70.57204320980348,1,1
2025-01-02,0.0010860405150548806,0.3457468294758499,-0.8027356597307607,70.40309095629688,1,1
2025-01-03,0.0011341744897738633,0.34688100396562377,-0.7928290645928172,70.22406572306271,1,1
2025-01-06,-0.0007320229109585961,0.3461489810546652,-0.9037173047157232,70.39303515076455,1,1
2025-01-07,0.0008708349291972004,0.3470198159838624,-0.9035649756859344,70.26118667935975,1,1
2025-01-08,0.0030723312411084034,0.3500921472249708,-0.8705299788940625,69.71184295282416,1,1
2025-01-09,0.0029513753185846925,0.3530435225435555,-0.8248354354800858,69.1832512734379,1,1
2025-01-10,-0.0027210091995701607,0.35032251334398534,-0.8503156480796139,69.73415184746948,1,1
2025-01-13,-0.0012727904900669427,0.3490497228539184,-0.9168650939159874,70.0099049034066,1,1
2025-01-14,-0.00660954380202265,0.3424401790518957,-0.9381308337641457,71.3145581346415,1,1
2025-01-15,-0.011792318224447988,0.33064786082744774,-1.0947447675515538,73.60909912151028,1,1
2025-01-16,-0.002573862742499446,0.3280739980849483,-1.0430255082934923,74.12365907351712,1,1
2025-01-17,-0.0019113004677368635,0.32616269761721145,-1.0926335556977256,74.51559031082942,1,1
2025-01-20,-0.00463912195115589,0.32152357566605555,-1.1329511558415295,75.42560497860376,1,1
2025-01-21,0.003518722173451264,0.32504229783950683,-1.1022175841841553,74.79077890471785,1,1
2025-01-22,0.0014930347793124994,0.32653533261881934,-0.9941163831785955,74.5389354190811,1,1
2025-01-23,-0.0012976804219814852,0.32523765219683787,-0.9059588824507564,74.8189700912817,1,1
2025-01-24,0.007197925794134021,0.3324355779909719,-0.7022443960843437,73.46776559446424,1,1
2025-01-27,0.0007258068291041324,0.333161384820076,-0.5981280378276721,73.36102354033386,0,1
2025-01-28,-0.003258746620422152,0.3299026381996539,-0.579690766350554,74.01954063934342,0,1
2025-01-29,-0.003950630591408096,0.3259520076082458,-0.583185186005766,74.81373914879487,0,1
2025-01-30,0.0052762795227119606,0.33122828713095775,-0.43796641481798926,73.82534483303563,0,1
2025-01-31,0.007453265653473543,0.3386815527844313,-0.3047647842181717,72.4162744621998,0,1
2025-02-03,0.00041137923780816695,0.33909293202223945,-0.2674219877186018,72.36923134214604,0,1
2025-02-04,-0.0029130498248493876,0.33617988219739003,-0.2751476732147959,72.96424664858816,0,1
2025-02-05,0.007261174489281174,0.3434410566866712,-0.21936362838516366,71.58734885328651,0,1
2025-02-06,0.0017322167754520064,0.3451732734621232,-0.11967184480444919,71.28513632343416,0,1
2025-02-07,-0.005843819776288437,0.3393294536858347,-0.21254472380540926,72.45047507177117,0,1
2025-02-10,0.0025450947644159337,0.34187454845025067,-0.10539644644627623,71.98970201575315,0,1
2025-02-11,-0.002262667396899712,0.33961188105335094,-0.15697679350533061,72.46172735267507,0,1
2025-02-12,-0.0009081621273149905,0.33870371892603596,-0.16722597761731223,72.67116854088819,0,1
2025-02-13,0.004472901239090968,0.3431766201651269,-0.07099900966643417,71.82438401617642,0,1
2025-02-14,-0.0003187008788652448,0.34285791928626164,-0.14860242348159433,71.91909064958566,0,1
2025-02-17,-0.009920017697960741,0.3329379015883009,-0.2887514683786274,73.91390631518698,0,1
2025-02-18,-0.003326180116151151,0.32961172147214973,-0.2707998089950375,74.5935202972179,0,1
2025-02-19,0.0012038892366698346,0.33081561070881954,-0.42605904286939084,74.39034768177109,0,1
2025-02-20,-0.004590809956999224,0.3262248007518203,-0.4795133294938194,75.32408505924683,0,1
2025-02-21,-6.280827657802754e-06,0.3262185199241625,-0.5589923655802914,75.35732928735968,0,1
2025-02-24,-0.0009014762884670003,0.3253170436356955,-0.4399755483576473,75.56762392675705,0,1
2025-02-25,0.00012318535267821003,0.3254402289883737,-0.2995252859551866,75.57513411112778,0,1
2025-02-26,-0.0029424255593549407,0.3224978034290188,-0.2926064274390933,76.1957192253005,0,1
2025-02-27,-0.0062888540300668275,0.31620894939895194,-0.3399158895133578,77.49044179637613,0,1
2025-02-28,0.00571601021337583,0.32192495961232775,-0.342624384025664,76.37865479256244,0,1
2025-03-03,-0.003465004170486794,0.31845995544184097,-0.4150963714510703,77.10280076549714,0,1
2025-03-04,0.005814008447869626,0.3242739638897106,-0.30453125663083896,75.96996796362622,0,1
2025-03-05,-0.0020971474456612533,0.32217681644404933,-0.13738863000917523,76.4212841729705,0,1
2025-03-06,0.001867028633798565,0.3240438450778479,-0.0628884541592336,76.07821716670223,0,1
2025-03-07,-0.007698231853700461,0.31634561322414745,-0.13652770466372385,77.66444984616251,0,1
2025-03-10,0.0031407515381484314,0.31948636476229586,-0.1711963010171144,77.06745463097353,0,1
2025-03-11,0.002400319041580154,0.32188668380387603,-0.08130689582987828,76.61707006987994,0,1
2025-03-12,-0.0021370538088337923,0.31974962999504225,-0.18936642113069357,77.0804696352868,0,1
2025-03-13,0.00017630815957875952,0.319925938154621,-0.10666127896425787,77.07672137417148,0,1
2025-03-14,-0.0006833043296172941,0.31924263382500373,-0.14872277828878333,77.248114951021,0,1
2025-03-17,0.008088010172237835,0.32733064399724154,-0.02624017522876567,75.62091506984976,0,1
2025-03-18,-0.003128012984833314,0.3242026310124082,-0.07152159615079759,76.2882541006158,0,1
2025-03-19,-0.003239551984710141,0.32096307902769805,-0.13281527971112492,76.98051293778312,0,1
2025-03-20,0.003124772086942339,0.3240878511146404,-0.0626142117022275,76.37359256412816,0,1
2025-03-21,-0.0043149281179689905,0.3197729229966714,-0.061447780226648915,77.29089925105896,0,1
2025-03-24,-0.00041870848553750934,0.31935421451113394,0.16005088137459775,77.40892213450294,0,1
2025-03-25,0.0011004994182378697,0.3204547139293718,0.1459523495420644,77.21356017358657,0,1
2025-03-26,0.0018687993685637492,0.32232351329793557,0.08737972396649123,76.85734174510783,0,1
2025-03-27,0.000473600025479411,0.322797113323415,0.18653140617971997,76.79048105759827,0,1
2025-03-28,-0.002124681209092382,0.3206724321143226,0.1612969208597167,77.26858810500258,0,1
2025-03-31,-0.0024827202128204873,0.31818971190150214,0.14464093807381864,77.82428356531491,0,1
2025-04-01,0.002080388073429308,0.32027009997493144,0.09758206661961788,77.41563092802738,0,1
2025-04-02,0.0002697477039711586,0.3205398476789026,0.19684853742222852,77.39023669087855,0,1
2025-04-03,0.0001231337945945413,0.32066298147349714,0.2910587252877588,77.39589122618092,0,1
2025-04-04,-3.25571209321778e-05,0.32063042435256495,0.26012182154341584,77.4349090802221,0,1
2025-04-07,0.0039152939257710295,0.324545718278336,0.3888782341373774,76.61918308938552,0,1
2025-04-08,-0.001050720470043035,0.323494997808293,0.1969329502985287,76.8790616508175,0,1
2025-04-09,-0.0006300762406272179,0.3228649215676658,0.18685596083822312,77.04846539294253,0,1
2025-04-10,-8.978587060478487e-05,0.322775135697061,0.23593098117468367,77.10016459277124,0,1
2025-04-11,0.0027066374959271457,0.32548177319298816,0.4999134070069142,76.53517293108035,0,1
2025-04-14,-0.0028954219565318568,0.3225863512364563,0.4869956290652286,77.20819673961176,0,1
2025-04-15,-0.0006246278328893492,0.32196172340356694,0.4649072869948167,77.37896193014582,0,1
2025-04-16,6.8173039977790974e-06,0.3219685407075647,0.45234315479532616,77.40944813920538,0,1
2025-04-17,0.0001417299465102949,0.322110270654075,0.5330493634771716,77.40961094358715,0,1
2025-04-18,0.0022571346780487075,0.3243674053321237,0.5353117185376082,76.93151181334044,0,1
2025-04-21,-0.0010389847660008335,0.3233284205661229,0.5475446271839911,77.19933372110546,0,1
2025-04-22,-0.004412555281634834,0.31891586528448806,0.3246501938299959,78.23831280020099,0,1
2025-04-23,-0.004411708531815152,0.3145041567526729,0.24379227029126324,79.2770177769381,0,1
2025-04-24,0.01106728914232334,0.32557144589499626,0.3419086841535151,76.78380727442274,0,1
2025-04-25,-0.0024592171476963643,0.3231122287472999,0.36055885186686437,77.36037207736597,0,1
2025-04-28,-0.0003279425586788843,0.322784286188621,0.4125628925536323,77.46529426516445,0,1
2025-04-29,0.008889436060724893,0.3316737222493459,0.46772798547211525,75.50948659857535,0,1
2025-04-30,0.006542238144327139,0.338215960393673,0.5301908361134214,74.10273279949342,0,1
2025-05-01,-0.0036555321684655787,0.33456042822520743,0.5222340065783612,74.93376810640852,0,1
2025-05-02,-0.007782994157977296,0.32677743406723014,0.4778226322193543,76.67052736287705,0,1
2025-05-05,-0.0038098416425312288,0.3229675924246989,0.48738016495040726,77.52803823804071,0,1
2025-05-06,0.0008707424950623368,0.3238383349197613,0.48883025208758246,77.37103226044579,0,1
2025-05-07,-0.004360971501404588,0.3194773634183567,0.3208907068288167,78.35497954280885,0,1
2025-05-08,-0.015091624998903992,0.3043857384194527,0.14124961061275626,81.68305219221865,0,1
2025-05-09,-0.0007602438374935952,0.30362549458195914,0.013957183431456001,81.87242589942196,0,1
2025-05-12,-0.005115841261416054,0.2985096533205431,-0.003364237590444711,82.9693551436772,0,1
2025-05-13,0.0017885688053953701,0.30029822212593843,0.03134874175782896,82.6293399080785,0,1
2025-05-14,0.004516695738328712,0.3048149178642671,0.08607013254082628,81.71718753325318,0,1
2025-05-15,-0.012406577412901807,0.2924083404513653,-0.04806919786175049,84.34426280136701,0,1
2025-05-16,0.007124233197443725,0.29953257364880903,0.07911273996727955,82.93288270530138,0,1
2025-05-19,-0.011326717527303697,0.28820585612150534,-0.12165577481558186,85.24557012048396,0,1
2025-05-20,-0.004817360852128998,0.2833884952693764,-0.18148950009035436,86.22498281302875,0,1
2025-05-21,-0.0009365886948269641,0.2824519065745494,-0.2206126948123488,86.44129414932749,0,1
2025-05-22,0.0004878035348434939,0.2829397101093929,-0.2729226852842964,86.37677627116494,0,1
2025-05-23,0.0035645947002829704,0.28650430480967587,-0.23630289455150505,85.69937184256244,0,1
2025-05-26,0.008025756956733202,0.29453006176640906,-0.133347546551326,84.1295457681224,0,1
2025-05-27,0.002545738441862833,0.2970758002082719,-0.1051186950168601,83.65796763718704,0,1
2025-05-28,0.009035811374622494,0.3061116115828944,0.23066731879084096,81.89483883085418,0,1
2025-05-29,-0.002606525653074273,0.3035050859298201,0.07228083183512954,82.43819888602209,0,1
2025-05-30,-0.0024961677855402614,0.3010089181442799,0.007512008081089162,82.9619991058884,0,1
2025-06-02,-0.008299879052495364,0.29270903909178453,-0.13159937206104108,84.63640389779266,0,1
2025-06-03,-0.004563928638526976,0.2881451104532575,-0.2222228331749549,85.5628544603428,0,1
2025-06-04,0.003542765068394226,0.29168787552165176,-0.18825045070005178,84.89975179579183,0,1
2025-06-05,0.00043146811400962006,0.2921193436356614,-0.14110843158497247,84.84685197549402,0,1
2025-06-06,0.006046329844491196,0.2981656734801526,-0.06963002161427925,83.68215523353007,0,1
2025-06-09,-0.0037177848235781285,0.29444788865657445,-0.15567481044245998,84.44817922616164,0,1
2025-06-10,-0.0019749051223332875,0.29247298353424117,-0.15062092416231354,84.87113753155775,0,1
2025-06-11,0.0036571663955707,0.29613014992981185,-0.06778738810911113,84.17563171652378,0,1
2025-06-12,0.0023591429229417047,0.29848929285275355,0.02977035037330892,83.73706605606543,0,1
2025-06-13,-0.0016372097720014794,0.29685208308075206,0.07952272487956828,84.09711723270216,0,1
2025-06-16,-0.012034296307672176,0.2848177867730799,-0.16333587574678235,86.55284954717897,0,1
2025-06-17,-0.0001290553239694397,0.28468873144911044,-0.1878003852527868,86.61015226006495,0,1
2025-06-18,-0.007330209736697994,0.27735852171241243,-0.2904387783163638,88.08712290167313,0,1
2025-06-19,-0.005179199477423464,0.272179322234989,-0.38812772298126663,89.13375788179019,0,1
2025-06-20,-0.003382713247060937,0.268796608987928,-0.3949688162055276,89.82834195879326,0,1
2025-06-23,-0.0013954479945814868,0.26740116099334654,-0.4253008265264305,90.13456361960212,0,1
2025-06-24,-0.0054729057311316155,0.2619282552622149,-0.46238056708512104,91.24778373163977,0,1
2025-06-25,0.004687786937843566,0.26661604220005847,-0.3982800964734415,90.35458541000922,0,1
2025-06-26,-0.0013085016954814885,0.265307540504577,-0.28300733326217303,90.64506158212268,0,1
2025-06-27,0.0022470356368202824,0.26755457614139727,-0.21353274707558123,90.23081817825907,0,1
2025-06-30,-0.003395340122311733,0.26415923601908553,-0.24122880510107952,90.94025176212133,0,1
2025-07-01,0.0010869131877228246,0.26524614920680833,-0.17678131170089206,90.75472747049805,0,1
2025-07-02,-0.0012203889443425638,0.26402576026246577,-0.12510823072618216,91.0323312809433,0,1
2025-07-03,0.004654611706940128,0.2686803719694059,0.02571988487248567,90.12253669908132,0,1
2025-07-04,0.007683887698081673,0.27636425966748757,0.13635156145572322,88.59879514211933,0,1
2025-07-07,-0.002331920631385578,0.27403233903610197,0.07936282798998907,89.09914169555316,0,1
2025-07-08,0.006717820895001888,0.28075015993110386,0.22399359517647208,87.77587007303487,0,1
2025-07-09,0.0011586585121713031,0.28190881844327514,0.29504376657539333,87.57524205564214,0,1
2025-07-10,-0.007015926767027613,0.27489289167624753,0.17050818304872306,89.02363489909293,0,1
2025-07-11,0.0027117212779329773,0.2776046129541805,0.20476883684738317,88.51133473874394,0,1
2025-07-14,0.009425574983028585,0.2870301879372091,0.3162076987942202,86.643705491804,0,1
2025-07-15,-0.006479784627917184,0.2805504033092919,0.1734818317303989,87.96252030617345,0,1
2025-07-16,0.0029646105824908246,0.2835150138917827,0.18926926805248417,87.4079994045178,0,1
2025-07-17,0.0011533516284589415,0.2846683655202416,0.20339937878950962,87.21096051490794,0,1
2025-07-18,0.0019359655264474193,0.28660433104668903,0.22173086195071948,86.85639020749099,0,1
2025-07-21,0.0013408588038465248,0.2879451898505356,0.1882300179664485,86.61933509962024,0,1
2025-07-22,-0.00026277364300728435,0.28768241620752827,0.1934040216339653,86.70435713560319,0,1
2025-07-23,7.479203206386302e-06,0.28768989541073464,0.22242902317205884,86.73484876054917,0,1
2025-07-24,-0.000867765119093769,0.2868221302916409,0.2280633927721823,86.94395503231206,0,1
2025-07-25,-0.0012395900828664123,0.2855825402087745,0.19465137781971315,87.23036401341145,0,1
2025-07-28,0.0015297689886658319,0.28711230919744035,0.2925954379909366,86.94672031539778,0,1
2025-07-29,0.0040406242200504705,0.2911529334174908,0.33343555790787593,86.14064128761704,0,1
2025-07-30,-0.0005415092453733489,0.2906114241721175,0.31990269102302715,86.28516040128682,0,1
2025-07-31,-0.003105304593467252,0.28750611957865024,0.27570643885102325,86.96605156724172,0,1
2025-08-01,-0.009263642461580247,0.27824247711707,0.21231244724533535,88.9402524493595,0,1
2025-08-04,0.0010601680782002885,0.2793026451952703,0.23652009040333677,88.75344582591843,0,1
2025-08-05,-0.00867945823684708,0.27062318695842325,0.056556848326146575,90.58674848384011,0,1
2025-08-06,-0.003541403766119942,0.2670817831923033,0.017918241719716902,91.34442865160007,0,1
2025-08-07,0.0025528885480672813,0.2696346717403706,0.07726827625397525,90.8518960708816,0,1
2025-08-08,0.006900397967648732,0.27653506970801933,0.1507807321431714,89.46014179841947,0,1
2025-08-11,0.008431402383157944,0.28496647209117726,0.2486153372679461,87.76266610885214,0,1
2025-08-12,-0.0061481078977812,0.27881836419339606,0.15420207159317842,89.04162301365841,0,1
2025-08-13,-0.004841121039603822,0.27397724315379224,0.08645722113814153,90.05238529994496,0,1
2025-08-14,-0.003239216019668859,0.27073802713412337,0.02075139622752338,90.73944081025738,0,1
2025-08-15,0.0007322591257501008,0.27147028625987346,0.0432018141026963,90.62288195145601,0,1
2025-08-18,-0.001498980392584569,0.2699713058672889,-0.02176520313996371,90.96074193239039,0,1
2025-08-19,-0.006906903992124979,0.26306440187516394,-0.11940927805659043,92.40942448424009,0,1
2025-08-20,0.010201249140902759,0.2732656510160667,0.019905223690755914,90.36105427739638,0,1
2025-08-21,0.004197875999676402,0.2774635270157431,0.11628607734051406,89.5528821394536,0,1
2025-08-22,0.0030963326877439827,0.2805598597034871,0.09153567553583455,88.96412837568602,0,1
2025-08-25,-0.002642919012461377,0.27791694069102574,0.0035260627785160532,89.52787905540782,0,1
2025-08-26,0.004548945020523452,0.2824658857115492,0.08881053764080962,88.64087095473589,0,1
2025-08-27,0.0031975586021309203,0.2856634443136801,0.1350854515064417,88.02630432945031,0,1
2025-08-28,-0.014679569502471504,0.2709838748112086,-0.01403746548749654,91.03662835098696,0,1
2025-08-29,-0.008865137693267624,0.262118737117941,-0.17096018335680674,92.79110130423189,0,1
2025-09-01,0.0024405686446658005,0.2645593057626068,-0.09833711547889042,92.35418429367948,0,1
2025-09-02,-0.0036741092414390667,0.2608851965211677,-0.19271436960581698,93.09531401222304,0,1
2025-09-03,0.00018983334756358364,0.26107502986873127,-0.15027929566402326,93.09057943832624,0,1
2025-09-04,0.003818199434701151,0.2648932293034324,-0.0363393358231961,92.37926958676677,0,1
2025-09-05,0.0021169840486897715,0.26701021335212216,-0.03501668517932953,91.99808557021645,0,1
2025-09-08,-0.009309657480065788,0.25770055587205637,-0.17223183611184156,93.85587107074316,0,1
2025-09-09,0.007048137421994465,0.2647486932940508,-0.0635051747886721,92.5237845437975,0,1
2025-09-10,0.0032933164567739395,0.26804200975082476,-0.06941136957743721,91.92153329731916,0,1
2025-09-11,-0.005277555652042625,0.26276445409878213,-0.11196954603890692,92.97345504814906,0,1
2025-09-12,-0.0017095973370861127,0.26105485676169604,-0.15031564186941526,93.33577572939872,0,1
2025-09-15,0.0027054426981197185,0.2637602994598158,-0.05766555891262843,92.84237097386412,0,1
2025-09-16,-0.000924806184311628,0.26283549327550415,-0.0625223260184987,93.0547347712167,0,1
2025-09-17,-0.0001568679469047267,0.2626786253285994,0.012039443899153237,93.11750759314954,0,1
2025-09-18,-0.0002643032547886723,0.26241432207381077,-0.13344293033453256,93.20164968834287,0,1
2025-09-19,0.0024550143819711346,0.2648693364557819,-0.07717972003841003,92.74661856949832,0,1
2025-09-22,-0.0018145517269390254,0.2630547847288429,-0.12526635195088512,93.14019675330185,0,1
2025-09-23,0.0011101744785069782,0.2641649592073499,-0.06984930210035313,92.94987907435615,0,1
2025-09-24,-0.008103179466442928,0.25606177974090694,-0.18691932811097745,94.61358761029456,0,1
2025-09-25,0.001546809537787697,0.2576085892786946,-0.26436627577359934,94.33705487591592,0,1
2025-09-26,-0.0018409749109485874,0.25576761436774603,-0.3076075912406982,94.73820636164284,0,1
2025-09-29,-0.0020733230948188535,0.2536942912729272,-0.367868411745895,95.18802471294921,0,1
2025-09-30,0.0044104547236273614,0.2581047459965546,-0.2790887157813153,94.3270104263008,0,1
2025-10-01,0.001866928008968171,0.25997167400552273,-0.23532908747958664,93.9805659337092,0,1
2025-10-02,-0.0007649163693163264,0.25920675763620643,-0.274580447968479,94.1684035698373,0,1
2025-10-03,0.001489540153067823,0.2606962977892743,-0.2678958540440317,93.89524953356303,0,1
2025-10-06,0.004322407367792122,0.2650187051570664,-0.20387336834088143,93.0370754070837,0,1
2025-10-07,0.003356548964939126,0.2683752541220055,-0.16060207101347662,92.37699060977634,0,1
2025-10-08,-0.0004275491323449472,0.2679477049896606,-0.2680761275128497,92.4974220686832,0,1
2025-10-09,-0.0042278053572162,0.2637198996324444,-0.32175711490124187,93.40881682810247,0,1
2025-10-10,0.00300976328198875,0.2667296629144332,-0.3425804407232215,92.81397726314091,0,1
2025-10-13,0.0003795412316890561,0.2671092041461222,-0.3790548299654559,92.7666617144736,0,1
2025-10-14,-0.001728688983818558,0.26538051516230365,-0.42309043315770206,93.16204959795186,0,1
2025-10-15,-0.0025550664370573126,0.2628254487252463,-0.37489489658661446,93.73384334381211,0,1
2025-10-16,0.0019251615810946348,0.26475061030634095,-0.33524901738363627,93.35747668046089,0,1
2025-10-17,0.0003994829968972998,0.26515009330323824,-0.30062189619106433,93.30433692906887,0,1
2025-10-20,0.0037749601506843027,0.26892505345392254,-0.16332374528928262,92.52709417282541,0,1
2025-10-21,0.003156895792858665,0.2720819492467812,-0.08643072217540378,91.88100281755732,0,1
2025-10-22,0.0011011479342730851,0.27318309718105427,-0.018633646705602802,91.67574848971088,0,1
2025-10-23,0.0031594725774627967,0.27634256975851706,-0.0002410739407984381,91.02326861276563,0,1
2025-10-24,-0.017264760939949154,0.2590778088185679,-0.19959673218482976,94.80709920572347,0,1
2025-10-27,-0.0008132688757536591,0.25826453994281423,-0.2424032756317125,95.00389827664291,0,1
2025-10-28,-0.0015125991822720042,0.25675194076054225,-0.3003866844650581,95.34412709273592,0,1
2025-10-29,0.006647660742266132,0.2633996015028084,-0.20325802043818275,94.01445883846986,0,1
2025-10-30,-0.0025951660828607056,0.2608044354199477,-0.23691783229877264,94.57546179409368,0,1
2025-10-31,0.009856698267250235,0.2706611336871979,-0.19179582249571295,92.58993867374507,0,1
2025-11-03,-0.005819390430853883,0.264841743256344,-0.2220632430710636,93.79263371531641,0,1
2025-11-04,-0.00037092405812921337,0.2644708191982148,-0.1426142708181337,93.89910339805964,0,1
2025-11-05,-0.00040088626724076065,0.264069932930974,-0.16468111459249815,94.01205136978521,0,1
2025-11-06,-0.00025756484495861794,0.26381236808601544,-0.1330020196536042,94.0963620679701,0,1
2025-11-07,-0.0003278113467923655,0.26348455673922305,-0.21134450681970557,94.1953216671747,0,1
2025-11-10,-0.0013851226814596289,0.2620994340577634,-0.298186955949443,94.51185204946466,0,1
2025-11-11,0.0024782795721472444,0.26457771362991067,-0.2851357814916639,94.03208392488774,0,1
2025-11-12,0.006371878104065751,0.2709495917339764,-0.28653736882723574,92.74265464048578,0,1
2025-11-13,0.0008842276866697711,0.2718338194206462,-0.28712390313867175,92.59206821982862,0,1
2025-11-14,-0.004501253085113422,0.2673325663355328,-0.38116815663534387,93.55880318161798,0,1
2025-11-17,0.006943925398393289,0.2742764917339261,-0.26160282354489955,92.14779680004656,0,1
2025-11-18,0.005935684055317839,0.28021217578924396,-0.36119237287484063,90.95390898460069,0,1
2025-11-19,0.0027406687553540236,0.28295284454459796,-0.18671826891441537,90.42151527651993,0,1
2025-11-20,-0.005211324136188218,0.2777415204084097,-0.2935467750455836,91.53094967017368,0,1
2025-11-21,0.004260075531047543,0.2820015959394573,-0.27300801935078056,90.68301388594566,0,1
2025-11-24,0.005876323434698377,0.28787791937415563,-0.30193970987402996,89.49965572965665,0,1
2025-11-25,0.0008271509284215593,0.2887050703025772,-0.2578733590970485,89.36105675375008,0,1
2025-11-26,-0.0032255511106931293,0.2854795191918841,-0.2842123785549041,90.0621092515218,0,1
2025-11-27,0.003854997104948709,0.28933451629683277,-0.19257984773726797,89.29196687986106,0,1
2025-11-28,0.0022582455658683056,0.29159276186270106,-0.08938887744685274,88.85311297412146,0,1
2025-12-01,0.003720208343396376,0.2953129702060974,-0.36972857180711693,88.1059370353496,0,1
2025-12-02,0.0003999174894588962,0.2957128876955563,-0.4290310381858325,88.05399524989183,0,1
2025-12-03,0.0050909810786774635,0.30080386877423376,-0.32999293878376934,87.0111546476847,0,1
2025-12-04,0.001802274806833793,0.3026061435810676,-0.31420728544541915,86.66299170235588,0,1
2025-12-05,0.004780181757374291,0.30738632533844185,-0.26026921015235327,85.68167784429137,0,1
2025-12-08,0.008524953288003224,0.3159112786264451,-0.1226052676029873,83.90680985684111,0,1
2025-12-09,-0.004518945716454851,0.31139233290999024,-0.26318694958352806,84.88439676705109,0,1
2025-12-10,0.0006136375377827064,0.31200597044777295,-0.3875960209357421,84.78792577061431,0,1
2025-12-11,0.0014132870260927285,0.3134192574738657,-0.32260289611210613,84.5223427175734,0,1
2025-12-12,-0.0032536335968470155,0.3101656238770187,-0.28348707086351393,85.24307586161093,0,1
2025-12-15,-0.0009270395565063681,0.3092385843205123,-0.46725663993673494,85.47191442225056,0,1
2025-12-16,0.010962725216757964,0.3202013095372703,-0.39155401391344347,83.16335730160793,0,1
2025-12-17,-0.002242014164390891,0.31795929537287937,-0.337074281479856,83.6621861737388,0,1
2025-12-18,0.0009315514906527854,0.31889084686353214,-0.41397782168462505,83.49935586062212,0,1
2025-12-19,0.0029230658815503027,0.3218139127450824,-0.3071656850367939,82.91658237890992,0,1
2025-12-22,0.004123892550872134,0.32593780529595456,-0.26593071019324965,82.07813442022244,0,1
2025-12-23,0.0012490848403923901,0.32718689013634694,-0.2643811168217794,81.84612341739678,0,1
2025-12-24,0.0009822310957002289,0.32816912123204717,-0.2413534317368514,81.66939935131815,0,1
2025-12-25,-0.001746440954624721,0.32642268027742244,-0.2764394542960213,82.07459910399112,0,1
2025-12-26,-0.0007922409792217695,0.3256304392982007,-0.32858821452311426,82.27674246845201,0,1
2025-12-29,0.0006219847845763812,0.32625242408277705,-0.3601643335142056,82.17442896101578,0,1
2025-12-30,-0.002225292320276511,0.32402713176250053,-0.3535752089227206,82.68974160745685,0,1
2025-12-31,0.010687551762598637,0.33471468352509914,-0.19078776491641536,80.39027423449349,0,1
