date,excess,cum_excess,roll_t,cusum,weak_today,cusum_latched
2015-01-05,0.004476245902164984,0.004476245902164984,-0.0,0.0,0,0
2015-01-06,0.0007106831149068813,0.005186929017071865,-0.0,0.0,0,0
2015-01-07,2.0514141219039514e-05,0.005207443158290904,-0.0,0.02832333281413876,0,0
2015-01-08,0.001402940118065461,0.006610383276356365,-0.0,0.0,0,0
2015-01-09,0.0016717159314401835,0.008282099207796548,-0.0,0.0,0,0
2015-01-12,-0.00995346826419569,-0.0016713690563991412,-0.0,1.8500099938196226,0,0
2015-01-13,-0.0014849146881510547,-0.003156283744550196,-0.0,2.149718119376705,0,0
2015-01-14,-0.00023536193371349054,-0.0033916456782636865,-0.0,2.224386191010072,0,0
2015-01-15,-0.0015741419946920195,-0.004965787672955706,-0.0,2.54335506083454,0,0
2015-01-16,0.0030401436336944926,-0.0019256440392612134,-0.0,2.0182145247936463,0,0
2015-01-19,0.001026410982767228,-0.0008992330564939854,-0.0,1.8613698675354629,0,0
2015-01-20,-0.002687740524369297,-0.0035869735808632826,-0.0,2.3906700504463934,0,0
2015-01-21,-0.002970496689545737,-0.006557470270409019,-0.0,2.9746776626327516,0,0
2015-01-22,0.002390091856604106,-0.004167378413804913,-0.0,2.560759162502791,0,0
2015-01-23,0.0008379353094485224,-0.003329443104356391,-0.0,2.435707583206257,0,0
2015-01-26,0.001173570679116589,-0.002155872425239802,-0.0,2.246502647866954,0,0
2015-01-27,-0.002537488163708141,-0.004693360588947943,-0.0,2.759454012496864,0,0
2015-01-28,0.0021424733574278076,-0.0025508872315201355,-0.0,2.3835855026930837,0,0
2015-01-29,-0.005286789452401002,-0.007837676683921137,-0.0,3.426931517631594,0,0
2015-01-30,-0.0069287009853998115,-0.014766377669320948,-0.0,4.784193592020075,0,0
2015-02-02,0.007418220153349244,-0.007348157515971705,-0.0,3.4034425189760142,0,0
2015-02-03,0.0005870057135424616,-0.006761151802429243,-0.0,3.324293594720165,0,0
2015-02-04,0.002372311699955392,-0.00438884010247385,-0.0,2.9045008455299897,0,0
2015-02-05,0.0011837858588859681,-0.0032050542435878822,-0.0,2.7100228587474366,0,0
2015-02-06,-0.002022348318401853,-0.005227402561989735,-0.0,3.131082312398389,0,0
2015-02-09,0.0013072050172431428,-0.003920197544746592,-0.0,2.910382685543213,0,0
2015-02-10,0.001725676127804145,-0.0021945214169424468,-0.0,2.6069760852292374,0,0
2015-02-11,-0.0031777289132057535,-0.005372250330148201,-0.0,3.2598057406332304,0,0
2015-02-12,0.005371283383315164,-9.669468330371356e-07,-0.0,2.2387248867093934,0,0
2015-02-13,-0.0011365473006652784,-0.0011375142474983155,-0.0,2.4934254214111973,0,0
2015-02-16,0.007523957623917102,0.006386443376418787,-0.0,1.0431022490322188,0,0
2015-02-17,-0.010273078576634816,-0.003886635200216029,-0.0,3.085286842490363,0,0
2015-02-18,0.007338356509884206,0.003451721309668177,-0.0,1.7058074945867918,0,0
2015-02-19,0.0021645371889157106,0.0056162584985838876,-0.0,1.3238335650961193,0,0
2015-02-20,0.0060330424136291055,0.011649300912212994,-0.0,0.19645002222970942,0,0
2015-02-23,-0.001851383933533173,0.009797916978679821,-0.0,0.5835455487491639,0,0
2015-02-24,0.009113170706732374,0.018911087685412196,-0.0,0.0,0,0
2015-02-25,0.0019259229061980312,0.020837010591610226,-0.0,0.0,0,0
2015-02-26,-0.010170446625638685,0.010666563965971541,-0.0,1.9791436750851559,0,0
2015-02-27,0.0027259675443493695,0.01339253151032091,-0.0,1.4974359701065578,0,0
2015-03-02,0.004426735343987894,0.017819266854308805,-0.0,0.6916642281551015,0,0
2015-03-03,-0.0035287872442060905,0.014290479610102713,-0.0,1.3926597774782823,0,0
2015-03-04,0.005361094438133116,0.01965157404823583,-0.0,0.40507439709991644,0,0
2015-03-05,0.0024372262575914692,0.0220888003058273,-0.0,0.0,0,0
2015-03-06,0.0020237144164091656,0.024112514722236467,-0.0,0.0,0,0
2015-03-09,-0.001961367115124347,0.02215114760711212,-0.0,0.40848202514707854,0,0
2015-03-10,0.002582564748110804,0.024733712355222925,-0.0,0.0,0,0
2015-03-11,0.0079605833757959,0.03269429573101883,-0.0,0.0,0,0
2015-03-12,0.005352907950600838,0.038047203681619665,-0.0,0.0,0,0
2015-03-13,-0.006662382389127848,0.031384821292491816,-0.0,1.3122190730985968,0,0
2015-03-16,-0.0045253086472769,0.026859512645214915,-0.0,2.2106154980592367,0,0
2015-03-17,0.01205940465094281,0.03891891729615772,-0.0,0.0,0,0
2015-03-18,-0.0003293435720704901,0.03858957372408723,-0.0,0.09363441261869883,0,0
2015-03-19,-0.0075422305954325345,0.031047343128654696,-0.0,1.5450537815356662,0,0
2015-03-20,0.007517103340116453,0.03856444646877115,-0.0,0.17055443984509444,0,0
2015-03-23,-0.006151123610047941,0.03241332285872321,-0.0,1.347074678982995,0,0
2015-03-24,0.009002226288271875,0.041415549146995086,-0.0,0.0,0,0
2015-03-25,0.0032219129268166737,0.04463746207381176,-0.0,0.0,0,0
2015-03-26,-0.00952614556216347,0.03511131651164829,-0.0,1.78994542148499,0,0
2015-03-27,8.598271272815933e-05,0.03519729922437645,-0.0,1.8062746787642383,0,0
2015-03-30,-0.0234522632211613,0.01174503600321515,-0.0,6.139850043400825,0,0
2015-03-31,-0.007096774203572651,0.0046482617996425,-0.0,7.359604455022377,0,0
2015-04-01,0.0024420971969916086,0.007090358996634108,-0.0,6.983855004894431,0,0
2015-04-02,-0.0009117314509344456,0.0061786275456996624,-0.0,7.1688308446838125,0,0
2015-04-03,-0.005072171835637053,0.0011064557100626095,-0.0,8.056641961785424,0,0
2015-04-06,-0.00668528640828935,-0.00557883069822674,-0.0,9.218363266173707,0,0
2015-04-07,-0.0015990403335600016,-0.007177871031786742,-0.0,9.520158392665559,0,0
2015-04-08,-0.007715857693328053,-0.014893728725114797,-0.0,10.860954893528989,0,0
2015-04-09,-0.001116693054257702,-0.016010421779372497,-0.0,11.081610188377688,0,0
2015-04-10,0.0018215950379733784,-0.014188826741399119,-0.0,10.804173600601269,0,0
2015-04-13,0.00015648641746451083,-0.014032340323934609,-0.0,10.809460354903523,0,0
2015-04-14,0.009224345811451972,-0.004807994512482637,-0.0,9.25715200939542,0,0
2015-04-15,-0.004027592371351866,-0.008835586883834503,-0.0,9.974993855088462,0,0
2015-04-16,0.014527045237004571,0.005691458353170068,-0.0,7.525727846748941,0,0
2015-04-17,0.007226468965036917,0.012917927318206984,-0.0,6.3584348276934115,0,0
2015-04-20,0.003325030051501209,0.016242957369708193,-0.0,5.840007109616076,0,0
2015-04-21,-0.004019201426096152,0.012223755943612042,-0.0,6.540048278516064,0,0
2015-04-22,0.005593512874648356,0.017817268818260398,-0.0,5.639388357725643,0,0
2015-04-23,0.01336060848771976,0.031177877305980158,-0.0,3.4419667331491945,0,0
2015-04-24,-0.011385337805934136,0.019792539500046023,-0.0,5.3319094939228595,0,0
2015-04-27,0.013269353980298146,0.03306189348034417,-0.0,3.2284012947368512,0,0
2015-04-28,0.0017305616250663524,0.03479245510541052,-0.0,2.9874266802658282,0,0
2015-04-29,0.004766163868418002,0.03955861897382852,-0.0,2.263579192841096,0,0
2015-04-30,0.00018726602385778137,0.039745884997686304,-0.0,2.2658168711220554,0,0
2015-05-01,0.006055136794354054,0.04580102179204036,-0.0,1.3296092300504931,0,0
2015-05-04,7.307597915320288e-05,0.04587409777119356,-0.0,1.3499293949280424,0,0
2015-05-05,0.005061604265730575,0.05093570203692414,-0.0,0.5676072006004579,0,0
2015-05-06,0.008411995496756657,0.05934769753368079,-0.0,0.0,0,0
2015-05-07,-0.0012333368452536071,0.05811436068842719,-0.0,0.22986772750585743,0,0
2015-05-08,-0.001291641682716925,0.05682271900571026,-0.0,0.47024201201234267,0,0
2015-05-11,-0.0013682373053515772,0.05545448170035868,-0.0,0.7241952005063913,0,0
2015-05-12,0.0019302596936150826,0.057384741393973766,-0.0,0.441370154791861,0,0
2015-05-13,-0.00904313695120454,0.04834160444276923,-0.0,1.956047641597171,0,0
2015-05-14,-0.001109922177723108,0.04723168226504612,-0.0,2.1687946833030654,0,0
2015-05-15,0.00929592628127042,0.05652760854631654,-0.0,0.6785911242834497,0,0
2015-05-18,-0.005602805005502342,0.0509248035408142,-0.0,1.6212004149848391,0,0
2015-05-19,0.005423744604423672,0.05634854814523787,-0.0,0.7708455134298126,0,0
2015-05-20,-0.008248028131524395,0.048100520013713476,-0.0,2.14639824157956,0,0
2015-05-21,-0.0052990788809040195,0.042801441132809454,-0.0,3.0376250360509296,0,0
2015-05-22,0.003995252481589455,0.04679669361439891,-0.0,2.4208492390017824,0,0
2015-05-25,-0.0003220259801015172,0.04647466763429739,-0.0,2.505326714383927,0,0
2015-05-26,0.00442856329107233,0.05090323092536972,-0.0,1.811614071948476,0,0
2015-05-27,-0.004055086770682314,0.0468481441546874,-0.0,2.5099562165192624,0,0
2015-05-28,-0.009156741164431886,0.037691402990255515,-0.0,4.051431154876168,0,0
2015-05-29,0.0003334184373256898,0.03802482142758121,-0.0,4.028876352567479,0,0
2015-06-01,0.00261336688533478,0.04063818831291599,-0.0,3.630737262309464,0,0
2015-06-02,0.002275555253740378,0.042913743566656365,-0.0,3.2864350098731165,0,0
2015-06-03,0.005033668337788875,0.047947411904445236,-0.0,2.4818858649470004,0,0
2015-06-04,-0.009082124244838528,0.03886528765960671,-0.0,4.02588554309987,0,0
2015-06-05,0.009215870482127912,0.04808115814173462,-0.0,2.5348464710169307,0,0
2015-06-08,0.00803008771984416,0.056111245861578785,-0.0,1.249719058332439,0,0
2015-06-09,0.0003027916887960414,0.05641403755037483,-0.0,1.232271097304388,0,0
2015-06-10,0.0007429570301954341,0.05715699458057026,-0.0,1.1422264578580044,0,0
2015-06-11,0.0020854369999372562,0.059242431580507515,-0.0,0.8296827903738968,0,0
2015-06-12,0.0027172724547485194,0.06195970403525603,-0.0,0.4104585902633298,0,0
2015-06-15,0.00026652633212112965,0.062226230367377164,-0.0,0.39800431025257943,0,0
2015-06-16,0.007585358790450774,0.06981158915782794,-0.0,0.0,0,0
2015-06-17,0.004014738449154167,0.0738263276069821,-0.0,0.0,0,0
2015-06-18,-0.0015615953841993367,0.07226473222278276,-0.0,0.2939298428959146,0,0
2015-06-19,-0.006828589112932948,0.06543614310984981,-0.0,1.4774490768362225,0,0
2015-06-22,0.0023191997089448972,0.06775534281879471,-0.0,1.119100037291754,0,0
2015-06-23,-0.00716542655358396,0.06058991626521075,-0.0,2.36307884975684,0,0
2015-06-24,-0.0024534288438576883,0.058136487421353064,-0.0,2.8089513038509692,0,0
2015-06-25,0.005371677396162639,0.0635081648175157,-0.0,1.9304810754950752,0,0
2015-06-26,-0.015164587243466237,0.04834357757404946,-0.0,4.535360071908524,0,0
2015-06-29,-0.004319342099423357,0.044024235474626104,-0.0,5.277637432713738,0,0
2015-06-30,0.0025783393162021307,0.04660257479082824,-0.0,4.8844554869451295,0,0
2015-07-01,-0.005561654327261235,0.041040920463567,-0.0,5.837976856748414,0,0
2015-07-02,0.0011788879712202856,0.04221980843478729,-0.0,5.67448637847926,0,0
2015-07-03,-0.005344678228687503,0.03687513020609978,-0.0,6.5977614959330895,0,0
2015-07-06,0.0029470930787773913,0.039822223284877174,-0.0,6.137739004341598,0,0
2015-07-07,-0.01387946745369805,0.025942755831179123,-0.0,8.49714617569801,0,0
2015-07-08,-0.009016215844815122,0.016926539986364002,-0.0,10.004102208836034,0,0
2015-07-09,-0.006491939056828183,0.010434600929535819,-0.0,11.091018775837277,0,0
2015-07-10,0.007734710824966176,0.018169311754501996,-0.0,9.866990128164112,0,0
2015-07-13,0.0075001154171468725,0.02566942717164887,-0.0,8.685077694449367,0,0
2015-07-14,0.002025425808041415,0.027694852979690286,-0.0,8.39015222104317,0,0
2015-07-15,-0.0025756095659810125,0.025119243413709275,-0.0,8.840053156726974,0,0
2015-07-16,0.0010912853113671636,0.026210528725076437,-0.0,8.694156436660313,0,0
2015-07-17,-0.0018202847688465979,0.024390243956229837,-0.0,9.024580357440888,0,0
2015-07-20,0.01423654448557479,0.03862678844180463,-0.0,6.710365540794341,0,0
2015-07-21,-0.002803351388396039,0.03582343705340859,-0.0,7.192867596802058,0,0
2015-07-22,-0.003489979768682149,0.03233345728472644,-0.0,7.788294395372363,0,0
2015-07-23,0.0014162342966762779,0.033749691581402716,-0.0,7.590767140798068,0,0
2015-07-24,-0.0007624693134289772,0.03298722226797374,-0.0,7.747031584929353,0,0
2015-07-27,0.0011318221255080425,0.034119044393481776,-0.0,7.593542434676592,0,0
2015-07-28,-0.0037772036692247605,0.030341840724257017,-0.0,8.248072792166601,0,0
2015-07-29,-0.0034921298344886016,0.026849710889768418,-0.0,8.85765525410182,0,0
2015-07-30,-0.00308515425891353,0.02376455663085489,-0.0,9.40189102266012,0,0
2015-07-31,0.0029106678978753995,0.026675224528730286,-0.0,8.948583316782376,0,0
2015-08-03,-0.01491435183987169,0.011760872688858596,-0.0,11.478361599432416,0,0
2015-08-04,-0.0025170044508364027,0.009243868238022193,-0.0,11.919766677489093,0,0
2015-08-05,-0.010403702875628381,-0.0011598346376061885,-0.0,13.652107031227512,0,0
2015-08-06,-0.009313240032568695,-0.010473074670174883,-0.0,15.189960694198826,0,0
2015-08-07,-0.006233031598687869,-0.016706106268862753,-0.0,16.22252253660544,0,0
2015-08-10,0.0018387402633613362,-0.014867366005501417,-0.0,15.95937125843788,0,0
2015-08-11,0.0051482058576169725,-0.009719160147884445,-0.0,15.160606981861104,0,0
2015-08-12,0.005091429897393556,-0.004627730250490889,-0.0,14.369538945788435,0,0
2015-08-13,-0.0011494068026038158,-0.005777137053094706,-0.0,14.587705676034949,0,0
2015-08-14,-0.00937229791002617,-0.015149434963120876,-0.0,16.146134890980306,0,0
2015-08-17,0.00732081765218749,-0.007828617310933386,-0.0,14.994842328298482,0,0
2015-08-18,-0.0015216670614018586,-0.009350284372335245,-0.0,15.272243147039488,0,0
2015-08-19,-0.002326255241086524,-0.011676539613421768,-0.0,15.681437108818086,0,0
2015-08-20,-0.0001616467102737815,-0.01183818632369555,-0.0,15.739786193524804,0,0
2015-08-21,0.008427314508901917,-0.003410871814793633,-0.0,14.390639508424698,0,0
2015-08-24,0.0033958550256071,-1.5016789186533038e-05,-0.0,13.86897911057874,0,0
2015-08-25,0.0012854579740223977,0.0012704411848358647,-0.0,13.69056401360051,0,0
2015-08-26,-0.001995052126949083,-0.0007246109421132183,-0.0,14.050962673404783,0,0
2015-08-27,0.00032269119403892247,-0.0004019197480742958,-0.0,14.029582042277301,0,0
2015-08-28,0.0060780997847900906,0.005676180036715795,-0.0,13.050149660629154,0,0
2015-08-31,0.0025862823870920412,0.008262462423807836,-0.0,12.65183887576417,0,0
2015-09-01,0.004257917628502809,0.012520380052310645,-0.0,11.972053455549574,0,0
2015-09-02,0.0050443491218574,0.017564729174168046,-0.0,11.158401137985424,0,0
2015-09-03,0.008701289974698231,0.026266019148866275,-0.0,9.729287539563835,0,0
2015-09-04,-0.00010728037028155419,0.026158738778584722,-0.0,9.77919503037979,0,0
2015-09-07,0.006122612091821133,0.03228135087040585,-0.0,8.783814256855779,0,0
2015-09-08,-0.010751962363061963,0.02152938850734389,-0.0,10.619455201659251,0,0
2015-09-09,-0.0008327402889062286,0.020696648218437662,-0.0,10.789382645290205,0,0
2015-09-10,-0.0031679323347236846,0.017528715883713977,-0.0,11.349045057465846,0,0
2015-09-11,0.0010723599296127008,0.01860107581332668,-0.0,11.201696388567356,0,0
2015-09-14,-0.0016035392516988432,0.016997536561627835,-0.0,11.503409325846162,0,0
2015-09-15,-0.0016083481161461588,0.015389188445481676,-0.0,11.807383234655294,0,0
2015-09-16,0.003684434751870384,0.01907362319735206,-0.0,11.213030492377467,0,0
2015-09-17,-0.0008271763052884323,0.018246446892063627,-0.0,11.386154824958178,0,0
2015-09-18,-0.0006065018775079201,0.017639945014555708,-0.0,11.522219759440176,0,0
2015-09-21,0.004403905527630071,0.02204385054218578,-0.0,10.79433492665376,0,0
2015-09-22,-0.0019023445714221891,0.02014150597076359,-0.0,11.155393264673394,0,0
2015-09-23,0.0022204608924748692,0.02236196686323846,-0.0,10.801346540547803,0,0
2015-09-24,0.00645228984929844,0.0288142567125369,-0.0,9.706018537753447,0,0
2015-09-25,-0.004779588044692372,0.02403466866784453,-0.0,10.57181617064497,0,0
2015-09-28,-0.0029095228659756682,0.02112514580186886,-0.0,11.112275923227704,0,0
2015-09-29,-0.0036856722399113604,0.017439473561957502,-0.0,11.791131177978246,0,0
2015-09-30,-0.004334293686086671,0.01310517987587083,-0.0,12.58637487999445,0,0
2015-10-01,-0.002664660757526767,0.010440519118344063,-0.0,13.088738616322772,0,0
2015-10-02,-0.007702078602506513,0.0027384405158375497,-0.0,14.4864073606621,0,0
2015-10-05,0.005423664345197682,0.008162104861035233,-0.0,13.56148598538255,0,0
2015-10-06,-0.004406077858824374,0.0037560270022108586,-0.0,14.37126329551141,0,0
2015-10-07,0.0003615833129503986,0.004117610315161257,-0.0,14.339299922185175,0,0
2015-10-08,0.0007757403123869091,0.0048933506275481665,-0.0,14.233270653662624,0,0
2015-10-09,0.007821691319435583,0.012715041946983748,-0.0,12.865547463909662,0,0
2015-10-12,-0.0021692640105217442,0.010545777936462004,-0.0,13.283636703748947,0,0
2015-10-13,-0.0033998625727859983,0.007145915363676006,-0.0,13.923723649085927,0,0
2015-10-14,0.006623786734707529,0.013769702098383536,-0.0,12.76673327442487,0,0
2015-10-15,0.0004019644211365786,0.014171666519520114,-0.0,12.726758897403036,0,0
2015-10-16,0.008687385432413023,0.022859051951933135,-0.0,11.194070107675321,0,0
2015-10-19,0.006004031991266449,0.028863083943199586,-0.0,10.153567901992979,0,0
2015-10-20,0.0029960179866265067,0.03185910192982609,-0.0,9.650854144168905,0,0
2015-10-21,-0.011098698807282559,0.020760403122543535,-0.0,11.671909424962292,0,0
2015-10-22,0.0015051228527786203,0.022265525975322154,-0.0,11.438645256471867,0,0
2015-10-23,-0.0002225034257657024,0.02204302254955645,-0.0,11.510081095841311,0,0
2015-10-26,-0.004682972928652879,0.017360049620903574,-0.0,12.376691788716023,0,0
2015-10-27,0.007091850728292418,0.02445190034919599,-0.0,11.14257994817001,0,0
2015-10-28,-0.002392376120842308,0.022059524228353684,-0.0,11.60023282299564,0,0
2015-10-29,0.008270900477582497,0.03033042470593618,-0.0,10.153741658278763,0,0
2015-10-30,-0.0002591982701251721,0.03007122643581101,-0.0,10.231772587256447,0,0
2015-11-02,-0.0019311211948970456,0.02814010524091396,-0.0,10.608642275077809,0,0
2015-11-03,0.006052416411918369,0.03419252165283233,-0.0,9.55429741283421,0,0
2015-11-04,0.0006970400770006401,0.03488956172983297,-0.0,9.461323486051851,0,0
2015-11-05,-0.001173256562480401,0.03371630516735257,-0.0,9.70490357587917,0,0
2015-11-06,-0.0060621663265787076,0.027654138840773862,-0.0,10.836137294771367,0,0
2015-11-09,0.0013914217325920984,0.02904556057336596,-0.0,10.616147735707068,0,0
2015-11-10,0.002586375780631707,0.031631936353997664,-0.0,10.177201649706953,0,0
2015-11-11,-0.004229945794184587,0.02740199055981308,-0.0,10.98291078139864,0,0
2015-11-12,0.006827733525412497,0.03422972408522558,-0.0,9.76316958172338,0,0
2015-11-13,0.0036792961712380817,0.037909020256463664,-0.0,9.122826906425212,0,0
2015-11-16,0.0073961349498002215,0.04530515520626389,-0.0,7.798998501457925,0,0
2015-11-17,0.006130757575687412,0.0514359127819513,-0.0,6.71250726410572,0,0
2015-11-18,0.0013748650399424511,0.05281077782189375,-0.0,6.494045828137292,0,0
2015-11-19,-0.0037753188271215732,0.04903545899477218,-0.0,7.217568717180297,0,0
2015-11-20,0.0024270952383749615,0.05146255423314714,-0.0,6.803676021370212,0,0
2015-11-23,-0.003476747892962363,0.047985806340184775,-0.0,7.477386974106627,0,0
2015-11-24,0.0005865073035449776,0.048572313643729756,-0.0,7.400777264057492,0,0
2015-11-25,-0.0013056354048429741,0.047266678238886785,-0.0,7.675969271040941,0,0
2015-11-26,0.0033175126433023236,0.05058419088218911,-0.0,7.086704858944903,0,0
2015-11-27,-0.004444446315243832,0.04613974456694528,-0.0,7.953980227232342,0,0
2015-11-30,-0.000394896538349331,0.04574484802859595,-0.0,8.060333445163497,0,0
2015-12-01,0.0016853148499284224,0.04743016287852437,-0.0,7.773234239540687,0,0
2015-12-02,0.0025559448552338283,0.049986107733758195,-0.0,7.3187684807107924,0,0
2015-12-03,0.001330966297450017,0.051317074031208214,-0.0,7.096335952445313,0,0
2015-12-04,0.0013855117038372678,0.05270258573504548,-0.0,6.862041713743814,0,0
2015-12-07,0.005988136202059873,0.05869072193710535,-0.0,5.736905353037346,0,0
2015-12-08,-0.0012189670237689942,0.05747175491333636,-0.0,6.00401014460453,0,0
2015-12-09,0.008502046806716628,0.06597380172005299,-0.0,4.387306001351282,0,0
2015-12-10,-8.133849958320621e-05,0.06589246322046978,-0.0,4.434934967766856,0,0
2015-12-11,0.003911197986309404,0.06980366120677918,-0.0,3.711511816740946,0,0
2015-12-14,-0.0006944677093737593,0.06910919349740542,-0.0,3.877986666108839,0,0
2015-12-15,-0.002988432163723182,0.06612076133368223,-0.0,4.4919189912625015,0,0
2015-12-16,0.009841124383540014,0.07596188571722225,-0.0,2.600292808238564,0,0
2015-12-17,-0.004825276718752293,0.07113660899846995,-0.0,3.561198837825757,0,0
2015-12-18,0.0005995611386385838,0.07173617013710853,-0.0,3.477697663395282,0,0
2015-12-21,0.01171019454088803,0.08344636467799657,-0.0,1.240748021799162,0,0
2015-12-22,0.0005731964954550137,0.08401956117345158,-0.0,1.1642499833698587,0,0
2015-12-23,-0.012846850300276295,0.07117271087317528,0.741825170736064,3.6421147624770565,0,0
2015-12-24,0.002133515990376457,0.07330622686355173,0.7574965661092847,3.2790793017097823,0,0
2015-12-25,-0.003929033458992201,0.06937719340455953,0.7128057262018985,4.042145493221576,0,0
2015-12-28,0.007466730954616827,0.07684392435917635,0.7777413299539683,2.6811253221308293,0,0
2015-12-29,0.010043473652011786,0.08688739801118814,0.8655189578506706,0.8494153493091003,0,0
2015-12-30,0.0005192542012729703,0.0874066522124611,0.9871836853598585,0.7864092987426913,0,0
2015-12-31,0.012021956871367673,0.09942860908382878,1.1277619009860882,0.0,0,0
2016-01-01,0.004753109648013636,0.10418171873184241,1.1812913740561872,0.0,0,0
2016-01-04,0.0035451890831697374,0.10772690781501215,1.2370892881183992,0.0,0,0
2016-01-05,-0.004779483830676527,0.10294742398433562,1.1498398015159632,0.8968275982443817,0,0
2016-01-06,0.006009126234395479,0.1089565502187311,1.2022464785885425,0.0,0,0
2016-01-07,-0.006519486947038956,0.10243706327169215,1.1576421522384162,1.2121242933008523,0,0
2016-01-08,0.004257218892574452,0.1066942821642666,1.236337365361554,0.4752514338193681,0,0
2016-01-11,0.0037883400820790626,0.11048262224634567,1.2510520247917254,0.0,0,0
2016-01-12,0.002710462604199254,0.11319308485054493,1.271112121854866,0.0,0,0
2016-01-13,0.006927756824233277,0.1201208416747782,1.330627891528174,0.0,0,0
2016-01-14,0.0016192782255068352,0.12174011990028503,1.3765078528311903,0.0,0,0
2016-01-15,0.0005488065937349744,0.12228892649402001,1.3593748035678037,0.0,0,0
2016-01-18,-0.005963872674885217,0.1163250538191348,1.351338364898561,1.1279785392122228,0,0
2016-01-19,-0.0016988558904071033,0.11462619792872769,1.412479089892003,1.4718231896131668,0,0
2016-01-20,-0.0036032353887176793,0.11102296254001001,1.2945759658485037,2.168684319920727,0,0
2016-01-21,0.005981967691551572,0.11700493023156158,1.3511358728992242,1.0933751986438767,0,0
2016-01-22,0.0033787320667657043,0.12038366229832728,1.3617337535392235,0.5007601501184862,0,0
2016-01-25,-0.0025060316350763523,0.11787763066325092,1.3207973075640735,0.9976891724094155,0,0
2016-01-26,0.0040170852818482514,0.12189471594509918,1.3861739543475198,0.2810697506218477,0,0
2016-01-27,-0.0018343440541032634,0.12006037189099592,1.3515331180046706,0.6557956774783245,0,0
2016-01-28,-0.003927841042816609,0.1161325308481793,1.2885345114393238,1.425404740191924,0,0
2016-01-29,0.0022523320643749816,0.11838486291255429,1.3484848006362657,1.0333420390794958,0,0
2016-02-01,-0.0021775746878991433,0.11620728822465515,1.2675045828918585,1.4772926797953585,0,0
2016-02-02,-0.0046330633188277,0.11157422490582744,1.2276634973622416,2.3899684051718224,0,0
2016-02-03,0.000522701374848182,0.11209692628067562,1.154854109920596,2.322492680744827,0,0
2016-02-04,0.00869965999129853,0.12079658627197415,1.3659781065694225,0.6892129085792862,0,0
2016-02-05,-0.00125138637837493,0.11954519989359921,1.2752502433090664,0.9583598248788701,0,0
2016-02-08,0.001416839570069361,0.12096203946366857,1.2671892523127053,0.7204108011477148,0,0
2016-02-09,-0.007886657297212532,0.11307538216645603,1.1117359283643586,2.2631737263023934,0,0
2016-02-10,0.0012751889750957182,0.11435057114155175,1.1463065120057057,2.0526894272714302,0,0
2016-02-11,-0.0069385183753469335,0.10741205276620482,0.971638436509911,3.411337143802709,0,0
2016-02-12,0.0014579968969450625,0.10887004966314988,0.9665742959362146,3.1657874367753065,0,0
2016-02-15,0.001254264753402054,0.11012431441655193,1.0993517784560831,2.957746436169504,0,0
2016-02-16,-0.009928497038796984,0.10019581737775494,0.9536393750781357,4.90031107971767,0,0
2016-02-17,-0.004510272700496233,0.0956855446772587,0.8551156759665116,5.787323013410454,0,0
2016-02-18,0.007603119706483036,0.10328866438374174,0.9751336472521042,4.375793601737708,0,0
2016-02-19,0.00446886254630277,0.1077575269300445,0.965829890564934,3.5645707845924717,0,0
2016-02-22,0.00023614424551714284,0.10799367117556165,0.9419483611328673,3.551947693451126,0,0
2016-02-23,0.005737741766079052,0.1137314129416407,0.9811263240369856,2.4932286561688537,0,0
2016-02-24,-0.0057216459396575575,0.10800976700198314,0.9381898545911717,3.6117234145918635,0,0
2016-02-25,0.0023096423411209438,0.11031940934310408,0.9352717785663718,3.2056075719197215,0,0
2016-02-26,0.00064421263299783,0.1109636219761019,0.8583070507257156,3.1148425105160893,0,0
2016-02-29,0.0029981021739184776,0.11396172415002039,0.8333977993793024,2.572212664879655,0,0
2016-03-01,0.006828739102499563,0.12079046325251995,0.981895748246671,1.2903099629190535,0,0
2016-03-02,-0.0005220279776241084,0.12026843527489584,1.0272944523751533,1.4223457505287482,0,0
2016-03-03,-0.0017015773531522498,0.11856685792174358,0.8830899316527688,1.7822664525070187,0,0
2016-03-04,-0.013769870309929518,0.10479698761181407,0.7253266544028089,4.481577901630244,0,0
2016-03-07,0.0019407459911950308,0.1067377336030091,0.8321405309046789,4.150197679506149,0,0
2016-03-08,-0.0010009650172853942,0.10573676858572371,0.7407649593036361,4.3705710111116485,0,0
2016-03-09,0.005711328800672322,0.11144809738639604,0.8722240251534894,3.3218046997027804,0,0
2016-03-10,-0.0016483748829622708,0.10979972250343377,0.7580196499773628,3.6654412413944852,0,0
2016-03-11,-0.0040407094278918755,0.10575901307554189,0.6771129762952558,4.465343722020111,0,0
2016-03-14,0.003377474213964457,0.10913648728950635,0.8244365361397858,3.8539824393710918,0,0
2016-03-15,-0.0003519304392562608,0.1087845568502501,0.8195404325671463,3.9532571994968233,0,0
2016-03-16,0.008550929590656389,0.11733548644090648,1.214184170326311,2.3414765481481674,0,0
2016-03-17,-0.004416331799183849,0.11291915464172263,1.247742958963525,3.2142814507810593,0,0
2016-03-18,0.0046612734987153855,0.11758042814043801,1.2721489690550762,2.3573648139451833,0,0
2016-03-21,0.0041100533425914515,0.12169048148302947,1.3289505933095163,1.6046221939549024,0,0
2016-03-22,-2.435962439950373e-05,0.12166612185862996,1.3898291961748275,1.6412928073237993,0,0
2016-03-23,-0.0003513782760659241,0.12131474358256404,1.4678094921005886,1.7409303481212939,0,0
2016-03-24,0.001143055467118961,0.122457799049683,1.4999336239920953,1.551671855922671,0,0
2016-03-25,0.0006319162478181584,0.12308971529750116,1.6038374354840177,1.4606838405279468,0,0
2016-03-28,0.006407096874920367,0.12949681217242154,1.687720251277846,0.23849092970451302,0,0
2016-03-29,0.0035023471515341956,0.13299915932395573,1.706412231302838,0.0,0,0
2016-03-30,0.002241067437351404,0.13524022676130712,1.7302836832135153,0.0,0,0
2016-03-31,-0.0038187757742410133,0.13142145098706612,1.5850404890928758,0.7828765170693452,0,0
2016-04-01,-0.0015112598188808048,0.1299101911681853,1.6161442894978222,1.1127845992296455,0,0
2016-04-04,-0.002166934221408768,0.12774325694677655,1.4402820856121343,1.5741920234557325,0,0
2016-04-05,0.0051093066403557685,0.13285256358713232,1.4176776120966084,0.5889685191383078,0,0
2016-04-06,-0.002966400740478528,0.1298861628466538,1.3429748753792108,1.2114527058899471,0,0
2016-04-07,0.0004967346608427439,0.13038289750749654,1.398301918287274,1.1442127797761243,0,0
2016-04-08,-0.001828255170960752,0.1285546423365358,1.3124223308755265,1.5436082135285567,0,0
2016-04-11,-0.00010803037689529477,0.1284466119596405,1.166591422035882,1.597434694795155,0,0
2016-04-12,0.0005703339251831854,0.12901694588482368,1.323286867961346,1.513595277566263,0,0
2016-04-13,-0.004222976049281359,0.12479396983554232,1.1233212812014732,2.408295096490914,0,0
2016-04-14,-0.0017828669818482372,0.12301110285369408,1.0800789354621825,2.8050534289023883,0,0
2016-04-15,-0.0015732265005524199,0.12143787635314167,1.0036659266849888,3.1605368996376466,0,0
2016-04-18,-0.003079377651162772,0.1183584987019789,0.9627903266604888,3.8289841899305985,0,0
2016-04-19,-0.0048442913799536585,0.11351420732202525,0.8297295628230573,4.8656379609475735,0,0
2016-04-20,0.0001689588907456698,0.11368316621277091,0.830906241597737,4.862609124799999,0,0
2016-04-21,-0.00509543398075018,0.10858773223202073,0.7061595555720783,5.957403841469277,0,0
2016-04-22,0.009358538847171152,0.11794627107919188,0.7168729123171126,4.038896227195007,0,0
2016-04-25,0.0056082456973303,0.12355451677652218,0.7989836268442276,2.9204121135491237,0,0
2016-04-26,0.005518940857340844,0.12907345763386302,0.8804929275280856,1.8223467229259305,0,0
2016-04-27,-0.0042515578321854,0.12482189980167763,0.8442383106306525,2.7235355246093693,0,0
2016-04-28,0.004259821588740939,0.12908172139041857,0.8717439207327649,1.883450180979851,0,0
2016-04-29,0.0021835331202229324,0.1312652545106415,1.0145574152773835,1.4678182515900695,0,0
2016-05-02,-0.00234489419209301,0.12892036031854848,0.9990684432147153,1.9827717765718684,0,0
2016-05-03,0.0007626300803607869,0.12968299039890926,0.9001463592392113,1.8570167361026115,0,0
2016-05-04,-0.01011014944216167,0.1195728409567476,0.8400331683597744,3.992310656606988,0,0
2016-05-05,0.0029739554515089495,0.12254679640825655,0.8112262877133939,3.4174450851170666,0,0
2016-05-06,0.002738500842186029,0.12528529725044257,0.9506395766276147,2.888588680301312,0,0
2016-05-09,0.001544941048720855,0.12683023829916343,1.0373019892088267,2.6029293759606786,0,0
2016-05-10,-0.012379474342711347,0.11445076395645208,0.8259535160760603,5.19363401963807,0,0
2016-05-11,-0.0002840218758594547,0.11416674208059263,0.8264201641204559,5.282562098393738,0,0
2016-05-12,0.002134629813728723,0.11630137189432135,0.7992396380896354,4.884314885472072,0,0
2016-05-13,0.0013564871982942738,0.11765785909261563,0.8665102364608402,4.6416216744646634,0,0
2016-05-16,0.0017052887216625764,0.1193631478142782,1.0060443018969045,4.326444265703235,0,0
2016-05-17,0.004353179982285035,0.12371632779656323,1.0542677830628842,3.467661387056845,0,0
2016-05-18,0.004383794971949912,0.12810012276851315,1.075140832915082,2.6015480709988297,0,0
2016-05-19,-0.002143085861674038,0.12595703690683913,1.0206385359863301,3.0731067761494453,0,0
2016-05-20,-0.0021245935139162435,0.12383244339292289,0.9338113422526371,3.542905865323874,0,0
2016-05-23,0.005953220860231617,0.12978566425315452,1.1236900943621717,2.3424705342193466,0,0
2016-05-24,0.007824066789703935,0.13760973104285845,1.1084136700444478,0.7595355487707451,0,0
2016-05-25,-0.0040860825511340754,0.13352364849172438,0.9613425542071892,1.627259381109661,0,0
2016-05-26,-0.0018367146970952567,0.13168693379462912,0.9344433711530199,2.0355788567803175,0,0
2016-05-27,-0.0011786500574228493,0.13050828373720627,0.910450164365241,2.310271891525823,0,0
2016-05-30,-0.005282689075439625,0.12522559466176664,0.8172578916038513,3.4359126214205267,0,0
2016-05-31,0.004191894986614662,0.1294174896483813,0.8349200879171461,2.6010837625605308,0,0
2016-06-01,0.004928361015455856,0.13434585066383714,0.8911437277018981,1.61250368026262,0,0
2016-06-02,0.004333296367909018,0.13867914703174616,0.8533697162236921,0.7473668427298378,0,0
2016-06-03,-0.0031432088465778584,0.1355359381851683,0.7648208209577932,1.430862269227335,0,0
2016-06-06,-0.005262237361025624,0.13027370082414266,0.7174686835696731,2.557187449668074,0,0
2016-06-07,0.00010178882972946873,0.13037548965387213,0.8062746557145948,2.5680530023615464,0,0
2016-06-08,0.0001819539749350962,0.13055744362880722,0.7799952973561245,2.562047729767954,0,0
2016-06-09,-0.002911102586698218,0.127646341042109,0.8357431663975711,3.205773312553728,0,0
2016-06-10,-0.005027409383014804,0.12261893165909421,0.8023802456865737,4.2980204245675955,0,0
2016-06-13,-0.001024043401964677,0.12159488825712954,0.7241816807183763,4.545837932514232,0,0
2016-06-14,0.0035249197150062834,0.12511980797213582,0.9745776739926332,3.830899631349883,0,0
2016-06-15,-0.0018121771454421252,0.12330763082669369,1.0077781262984464,4.247896596264811,0,0
2016-06-16,-0.005325411153504001,0.11798221967318968,0.9053812304175656,5.416837416592311,0,0
2016-06-17,0.0013474906207288021,0.11932971029391849,0.9956812970149558,5.161650662792672,0,0
2016-06-20,-0.004599878607812809,0.11472983168610568,0.9204591659286568,6.179257258216119,0,0
2016-06-21,-0.0004277189824213269,0.11430211270368434,0.9853649754268685,6.302927149061957,0,0
2016-06-22,0.0024964125173670484,0.11679852522105139,0.979802204836149,5.796879420981714,0,0
2016-06-23,-0.0039893151426514,0.11280921007839999,1.1224699471116995,6.6922439972660275,0,0
2016-06-24,-0.0032083235003934974,0.10960088657800648,1.205101630006558,7.419606291569183,0,0
2016-06-27,0.002576974805310021,0.11217786138331651,1.3278101861506917,6.891433158391386,0,0
2016-06-28,0.0018541656209292423,0.11403202700424575,1.25661857367452,6.518786335853666,0,0
2016-06-29,0.00024769274931922504,0.11427971975356498,1.166661349716637,6.496477199292225,0,0
2016-06-30,-0.001429139664487649,0.11285058008907732,1.1211465225342527,6.843703062270638,0,0
2016-07-01,-0.00410183617911165,0.10874874390996567,1.0999839440349453,7.785145480863939,0,0
2016-07-04,0.004820463278475665,0.11356920718844134,1.1470992283619148,6.747329025267137,0,0
2016-07-05,-0.00019970599424665668,0.11336950119419469,1.1688231188032416,6.8236230939754146,0,0
2016-07-06,0.005696773449551996,0.11906627464374668,1.0719673719172478,5.585068013206716,0,0
2016-07-07,-0.0009349274120885335,0.11813134723165815,1.0976653954462314,5.824864406289267,0,0
2016-07-08,-0.001238825216365366,0.11689252201529278,1.1289059533874635,6.133727466027862,0,0
2016-07-11,-0.0022014623460517003,0.11469105966924108,1.0801058678749653,6.660351423534864,0,0
2016-07-12,-0.0016229901722002718,0.1130680694970408,1.068375282216725,7.058599038413598,0,0
2016-07-13,0.005067839744454044,0.11813590924149485,1.118714366906206,5.941287440974313,0,0
2016-07-14,-0.0027825970385116625,0.11535331220298319,1.132680250811984,6.603193925425632,0,0
2016-07-15,-0.0007381588382934774,0.1146151533646897,1.170781516925872,6.802882273968251,0,0
2016-07-18,-0.001434672443721861,0.11318048092096784,1.1937147049518884,7.162624057222092,0,0
2016-07-19,-0.006253331111135967,0.10692714980983188,1.0678776403869437,8.630506211750275,0,0
2016-07-20,0.0031714996884230954,0.11009864949825497,1.3354338909147359,7.938684465122853,0,0
2016-07-21,-0.002090252048847655,0.10800839744940732,1.3415137511646908,8.44906131941068,0,0
2016-07-22,0.0007057797433948604,0.10871417719280219,1.5087775635204084,8.318828167198687,0,0
2016-07-25,0.0008373997448847827,0.10955157693768697,1.6631758723713672,8.157253101384763,0,0
2016-07-26,-0.00033521691961387024,0.1092163600180731,1.752403593752819,8.267187401429648,0,0
2016-07-27,0.00176221468810076,0.11097857470617385,1.7513723915605066,7.887190749553253,0,0
2016-07-28,0.005791515855335322,0.11677009056150918,1.7592363392227002,6.5586404501185465,0,0
2016-07-29,0.0002097487218090969,0.11697983928331827,1.694798722896987,6.541614001374167,0,0
2016-08-01,-0.0030186223197842467,0.11396121696353402,1.6671976181517025,7.28340373965754,0,0
2016-08-02,0.0008221664805428013,0.11478338344407682,1.826444117720993,7.121540451559802,0,0
2016-08-03,-0.00037316474822267224,0.11441021869585415,1.726111787910394,7.2420349130770605,0,0
2016-08-04,0.008735433242191067,0.12314565193804522,1.8591942765074294,5.190783974128775,0,0
2016-08-05,0.0003056135591831474,0.12345126549722837,1.897641198198097,5.151268319551385,0,0
2016-08-08,-0.0026780186861241027,0.12077324681110427,1.8605024671373815,5.813644968294976,0,0
2016-08-09,0.00044395254846050006,0.12121719935956476,1.7593837670715373,5.740790529253882,0,0
2016-08-10,0.00010767881512835343,0.12132487817469312,1.7143846670146432,5.747219806850093,0,0
2016-08-11,0.0007780484297676105,0.12210292660446073,1.7073109222454141,5.593327542735706,0,0
2016-08-12,-0.0018592623148339922,0.12024366428962674,1.709341113499968,6.07205974515231,0,0
2016-08-15,0.0025647973089288263,0.12280846159855556,1.74027597993808,5.484975349262254,0,0
2016-08-16,0.004129271848805556,0.12693773344736112,1.715833753068993,4.5167072426555235,0,0
2016-08-17,0.006199675578064168,0.13313740902542529,1.7619923769918544,3.0469080606615453,0,0
2016-08-18,0.0009816697233396275,0.1341190787487649,1.7181539794103908,2.842813958389547,0,0
2016-08-19,-0.003976723944251087,0.13014235480451383,1.5908870829460395,3.836502157773742,0,0
2016-08-22,-0.00814393866162577,0.12199841614288806,1.3522269700958491,5.838785929517893,0,0
2016-08-23,0.003956576568500751,0.12595499271138882,1.4078761620356726,4.929035352617587,0,0
2016-08-24,-0.005058550447965831,0.120896442263423,1.2505781839767645,6.16588324919533,0,0
2016-08-25,-0.0020859823309498805,0.11881045993247312,1.389248555575189,6.693445234599965,0,0
2016-08-26,-0.002545153197112632,0.1162653067353605,1.363807678007412,7.332726180631581,0,0
2016-08-29,-0.0011164616064992534,0.11514884512886124,1.3945552444908864,7.632093299770726,0,0
2016-08-30,-0.0008363869675175064,0.11431245816134374,1.3671463435260547,7.865467891581102,0,0
2016-08-31,-0.0077857270378540126,0.10652673112348972,1.2707512518440354,9.782354065381137,0,0
2016-09-01,-0.00011737776352643234,0.10640935335996328,1.2923877640046164,9.842372069243233,0,0
2016-09-02,0.0004499605590499777,0.10685931391901325,1.2478559576892745,9.766389814047566,0,0
2016-09-05,-0.004464657419011812,0.10239465650000144,1.1935324120698976,10.876060431753675,0,0
2016-09-06,0.003375756797515082,0.10577041329751652,1.2489725523131807,10.093996806433992,0,0
2016-09-07,-0.0007757181852820136,0.1049946951122345,1.177375197545021,10.313435965512586,0,0
2016-09-08,-0.0012995263174090546,0.10369516879482545,1.1862096396147368,10.66119276808428,0,0
2016-09-09,-0.0017899029174974909,0.10190526587732796,1.1291757197666283,11.130363191376992,0,0
2016-09-12,0.003037289789673129,0.10494255566700109,1.084011552242981,10.417082418693115,0,0
2016-09-13,0.0015484325852273472,0.10649098825222843,1.1770366035199877,10.068163584807865,0,0
2016-09-14,-0.005024668258802192,0.10146631999342623,1.1447289375338563,11.342399390559008,0,0
2016-09-15,0.005337139740836055,0.10680345973426228,1.2721500546836713,10.059027598537275,0,0
2016-09-16,0.003916933949189988,0.11072039368345227,1.3909601295473426,9.129700073144926,0,0
2016-09-19,-0.009351707863681731,0.10136868581977054,1.2845895213118603,11.457907872890985,0,0
2016-09-20,0.0017996006634509927,0.10316828648322153,1.427872923804773,11.058505749301792,0,0
2016-09-21,0.002318563565620712,0.10548685004884224,1.386757081567373,10.532078311882485,0,0
2016-09-22,-0.0021248969272593668,0.10336195312158288,1.4216705114840604,11.077913375728992,0,0
2016-09-23,-0.000794925293884108,0.10256702782769876,1.4049619390025763,11.302962834318922,0,0
2016-09-26,0.0012895889613387676,0.10385661678903753,1.4122002985953555,11.020061354516038,0,0
2016-09-27,-0.002689079795520584,0.10116753699351694,1.2681826699536718,11.712153215002601,0,0
2016-09-28,-0.0016481810972074243,0.09951935589630952,1.2759626928922725,12.150055430795703,0,0
2016-09-29,0.0041756858006757784,0.10369504169698529,1.3845602684143314,11.148761536819421,0,0
2016-09-30,-0.0026842274591668182,0.10101081423781848,1.2549406653636908,11.844743748145648,0,0
2016-10-03,0.001162520911889745,0.10217333514970822,1.2657945132816157,11.58826284547573,0,0
2016-10-04,-0.001973662746350994,0.10019967240335723,1.1199557329855352,12.112653661296749,0,0
2016-10-05,0.003984102731709618,0.10418377513506684,1.0928792388405073,11.146371933868336,0,0
2016-10-06,-0.0004159337948144736,0.10376784134025237,1.0441216284370352,11.282603136618546,0,0
2016-10-07,-7.445999684924337e-05,0.10369338134340313,1.221037549072306,11.333376956745804,0,0
2016-10-10,-0.00031781060553207334,0.10337557073787106,1.1943247348429298,11.445941154398676,0,0
2016-10-11,0.0025214271232292195,0.10589699786110028,1.2341249174578903,10.835169972024346,0,0
2016-10-12,0.00865049757811499,0.11454749543921527,1.4236966769288293,8.654462049328025,0,0
2016-10-13,0.0002134915880296416,0.11476098702724491,1.3293888343759623,8.633044459915403,0,0
2016-10-14,0.0035490665213223755,0.11831005354856729,1.416469832227302,7.771760553057109,0,0
2016-10-17,0.0017113693377734961,0.12002142288634078,1.3286901706495313,7.372520802470227,0,0
2016-10-18,0.0076524328743817534,0.12767385576072254,1.4376180867609696,5.467110362456054,0,0
2016-10-19,-0.0012335145354252924,0.12644034122529724,1.4483254532199192,5.806592550624681,0,0
2016-10-20,0.0023109398811837884,0.128751281106481,1.3975185285265415,5.259544532120762,0,0
2016-10-21,0.004654171816117916,0.13340545292259892,1.453125830008837,4.120870345334226,0,0
2016-10-24,-0.003146102388876411,0.1302593505337225,1.4224719515022388,4.942553462830555,0,0
2016-10-25,0.001335352286795223,0.13159470282051772,1.5383040464702544,4.638661405361009,0,0
2016-10-26,0.0032216129355596835,0.1348163157560774,1.564205641596798,3.85612906670716,0,0
2016-10-27,0.0035629880988608392,0.13837930385493824,1.5777546197464085,2.9855385115119737,0,0
2016-10-28,-0.006887359127751521,0.13149194472718673,1.5331667427653601,4.764159052107662,0,0
2016-10-31,0.004620069688304454,0.13611201441549117,1.5044844446446883,3.6380931183122605,0,0
2016-11-01,-0.012986150351297777,0.1231258640641934,1.2360202781836154,6.918876016945358,0,0
2016-11-02,0.002785845455237486,0.1259117095194309,1.174588342681868,6.289301506616596,0,0
2016-11-03,-0.00276392444417408,0.12314778507525682,1.0477128772189854,6.97981862574219,0,0
2016-11-04,-0.004192414692551681,0.11895537038270515,0.9644485630756078,8.013939875436714,0,0
2016-11-07,-0.001003208090273153,0.117952162292432,1.00644586992959,8.285739897731,0,0
2016-11-08,-0.0004063638693798397,0.11754579842305216,0.9654999062537352,8.415409885595139,0,0
2016-11-09,-0.0029873864707738455,0.11455841195227831,0.9730049782023129,9.169491891918131,0,0
2016-11-10,0.0020900751887328694,0.11664848714101118,0.9946385364083302,8.694920577922701,0,0
2016-11-11,-0.005023867938308682,0.1116246192027025,0.937764891842887,9.94981827811012,0,0
2016-11-14,-0.005097138858509006,0.1065274803441935,0.8135157844944576,11.219035914041163,0,0
2016-11-15,-0.004048562973538376,0.10247891737065512,0.8195793384257524,12.230755516805422,0,0
2016-11-16,-0.0052315827153075365,0.09724733465534759,0.7469081932155747,13.52904580806112,0,0
2016-11-17,-0.0037041566722991704,0.09354317798304841,0.6678379478757372,14.454538288260004,0,0
2016-11-18,-0.0019401226714587739,0.09160305531158963,0.6027991344825505,14.955069397706518,0,0
2016-11-21,-0.0009456930153050276,0.0906573622962846,0.5698316587122646,15.216485427818938,0,0
2016-11-22,0.023290092441663218,0.11394745473794782,0.8414160564286084,9.567777377517363,0,0
2016-11-23,-0.002742289419639867,0.11120516531830794,0.7231394882501536,10.173517046787861,0,0
2016-11-24,0.0014636217417667633,0.1126687870600747,0.76011486792383,9.898126806060153,0,0
2016-11-25,-0.002081857982041021,0.11058692907803368,0.6181127792559475,10.369673230260917,0,0
2016-11-28,-0.0032026309336823247,0.10738429814435135,0.5742440264675751,11.081000437787507,0,0
2016-11-29,0.007744357081700263,0.11512865522605162,0.624706019915572,9.465230794574303,0,0
2016-11-30,-0.00015370229366462422,0.11497495293238699,0.6321985832583188,9.529626035878676,0,0
2016-12-01,-0.004105074084281991,0.11086987884810501,0.6163200946180262,10.431605072570862,0,0
2016-12-02,0.004562079955312606,0.11543195880341761,0.5474832030090386,9.495440359840455,0,0
2016-12-05,0.008324658982453952,0.12375661778587156,0.727007356273452,7.760137554472325,0,0
2016-12-06,-0.004144962607067407,0.11961165517880415,0.66027793014618,8.661577321391992,0,0
2016-12-07,-0.0033418982835017276,0.11626975689530242,0.45799322512131135,9.395554288214699,0,0
2016-12-08,0.00924463048483311,0.12551438738013554,0.5743890819547127,7.480041730779355,0,0
2016-12-09,0.009778908253146453,0.135293295633282,0.8943706431868365,5.484243246797687,0,0
2016-12-12,0.0007987670990770544,0.13609206273235905,0.8760295094682967,5.353498993663589,0,0
2016-12-13,-0.005682828947611228,0.1304092337847478,0.850094470117362,6.549946402638214,0,0
2016-12-14,-0.005639326748610207,0.1247699070361376,0.6687317492545516,7.735125305846932,0,0
2016-12-15,0.0006814329668299498,0.12545134000296757,0.5432639556000453,7.628053437381894,0,0
2016-12-16,-0.005076643332655834,0.12037469667031173,0.463189098880417,8.702095423761895,0,0
2016-12-19,0.0026821035761114935,0.12305680024642322,0.336489136167835,8.183846732655011,0,0
2016-12-20,-0.0036014764811437405,0.11945532376527948,0.2176954518348461,8.957707991099292,0,0
2016-12-21,-0.00013074916834927668,0.1193245745969302,0.16550666108073772,9.016719467713331,0,0
2016-12-22,-0.0009604288138914791,0.11836414578303872,0.22050916672601992,9.248224162926011,0,0
2016-12-23,-0.0038329424678338955,0.11453120331520483,0.07990417375745665,10.080820061667945,0,0
2016-12-26,0.004770266701264693,0.11930147001646953,0.2422426091907143,9.114402727745292,0,0
2016-12-27,0.0006524940129567268,0.11995396402942625,0.190804050072823,9.009841153191374,0,0
2016-12-28,-0.0006339596374095625,0.11932000439201669,0.12734701505016896,9.175296029288617,0,0
2016-12-29,0.008710839015231025,0.1280308434072477,0.21231962346483976,7.363281639018525,0,0
2016-12-30,0.00018117520378997751,0.1282120186110377,0.11634534097577136,7.357455375858308,0,0
2017-01-02,-0.0016861322125717275,0.126525886398466,0.0688131279149655,7.743622649658015,0,0
2017-01-03,-0.0015934017527925014,0.12493248464567348,0.03800190685234227,8.112006420105606,0,0
2017-01-04,0.0027701215436751908,0.12770260618934867,0.1640373038623356,7.556228677676398,0,0
2017-01-05,0.0019897247431107136,0.12969233093245938,0.21720240093731574,7.164445923100951,0,0
2017-01-06,0.0034519989104199443,0.13314432984287933,0.3189847758624037,6.457724218378834,0,0
2017-01-09,0.008940131465253527,0.14208446130813285,0.36001302551867376,4.571526158777104,0,0
2017-01-10,-0.011873383867761312,0.13021107744037153,0.13919536044296754,7.112784606905025,0,0
2017-01-11,0.006314642866605833,0.13652572030697735,0.26327180237852815,5.849123660190797,0,0
2017-01-12,0.007803992622148152,0.1443297129291255,0.3153505676604906,4.2860760925280195,0,0
2017-01-13,0.006299262825819316,0.15062897575494483,0.42821668731576923,3.0418483865290766,0,0
2017-01-16,0.000989199661207315,0.15161817541615213,0.4978658711192362,2.874164579782149,0,0
2017-01-17,-0.0023701128827569506,0.14924806253339518,0.43293762133167807,3.3872966266995874,0,0
2017-01-18,0.0013081946151253174,0.1505562571485205,0.48202124590452217,3.15256802252684,0,0
2017-01-19,0.0012761144445421761,0.15183237159306268,0.5661497194758075,2.9229812956556622,0,0
2017-01-20,0.001394406617686739,0.15322677821074943,0.5783290341342328,2.667603720376909,0,0
2017-01-23,-0.007924922580823049,0.14530185562992637,0.3448614932150028,4.341611219056146,0,0
2017-01-24,-0.005624232374077183,0.13967762325584918,0.28246132670155166,5.527740886614611,0,0
2017-01-25,0.004595870712698001,0.1442734939685472,0.32646764117577054,4.618447600717552,0,0
2017-01-26,0.005896818705575798,0.15017031267412298,0.5210724176077979,3.441909719241057,0,0
2017-01-27,0.0006024078264251871,0.15077272050054816,0.5116757255372173,3.3507813438270326,0,0
2017-01-30,-0.007729046389464038,0.14304367411108412,0.4999871108754025,4.9716896150320435,0,0
2017-01-31,-0.0035251727663419144,0.1395185013447422,0.4295718900171755,5.722123326440209,0,0
2017-02-01,0.0024310358678236413,0.14194953721256584,0.4458885092404686,5.257308863489977,0,0
2017-02-02,0.002813813661994548,0.14476335087456038,0.630289678963116,4.711763628040722,0,0
2017-02-03,0.0038137724608198805,0.14857712333538026,0.748686656135647,3.957956689331513,0,0
2017-02-06,-0.008193882174171038,0.1403832411612092,0.5242923086379969,5.6820112145984085,0,0
2017-02-07,0.0007028162583557281,0.14108605741956493,0.4719325548257773,5.570416464182458,0,0
2017-02-08,0.0073520562507723,0.1484381136703372,0.5697364635765529,4.091684646524745,0,0
2017-02-09,0.0012401152385802037,0.1496782289089174,0.5078939758709481,3.870724326059794,0,0
2017-02-10,0.004579976351901372,0.1542582052608188,0.6544344967270941,2.963406986069012,0,0
2017-02-13,0.0024533636264727045,0.15671156888729149,0.656426697861551,2.491905205848316,0,0
2017-02-14,-0.006897951569405038,0.14981361731788645,0.5469930727673744,3.9457095914183613,0,0
2017-02-15,0.004006052613397279,0.15381966993128374,0.5608098240389482,3.1567992678543906,0,0
2017-02-16,-0.0005548569859158499,0.1532648129453679,0.4589335700830885,3.302723208953162,0,0
2017-02-17,0.005143878024813888,0.1584086909701818,0.537686020443667,2.2726326979376648,0,0
2017-02-20,-0.001961445828450937,0.15644724514173086,0.5339678330860734,2.70934060890578,0,0
2017-02-21,-0.0023490615933306896,0.15409818354840016,0.7083161800894091,3.2283685108609506,0,0
2017-02-22,-0.0022370872149213884,0.15186109633347877,0.648105254243804,3.72622664225351,0,0
2017-02-23,4.3691609772016516e-05,0.1519047879432508,0.6632039247525069,3.7490963729026965,0,0
2017-02-24,-0.0027232744502402708,0.14918151349301054,0.5432975993619082,4.354064754630097,0,0
2017-02-27,-0.0022471400955409973,0.14693437339746954,0.5345373122081908,4.8606920416049135,0,0
2017-02-28,0.0023138446929720463,0.1492482180904416,0.6268536366204454,4.40180549975862,0,0
2017-03-01,-0.002916627511519328,0.14633159057892225,0.5361797385141382,5.055309460463002,0,0
2017-03-02,0.003418508506639831,0.14975009908556208,0.5898952212612414,4.356298535038267,0,0
2017-03-03,0.002189940905782181,0.15194003999134426,0.501765304720466,3.9187494868532404,0,0
2017-03-06,7.202918472278073e-05,0.15201206917606705,0.5680906734649328,3.93524489291328,0,0
2017-03-07,-0.00020271697489145205,0.15180935220117558,0.4984761692969481,4.011168636085175,0,0
2017-03-08,0.011531164607140404,0.163340516808316,0.5993577510622876,1.5307422229727612,0,0
2017-03-09,0.0012480735858769606,0.16458859039419296,0.6175962258147334,1.298753390941914,0,0
2017-03-10,-0.0021429031802673716,0.1624456872139256,0.5915084852322275,1.786480298302775,0,0
2017-03-13,-0.0011040216763188193,0.1613416655376068,0.5591568471190697,2.054350526329982,0,0
2017-03-14,-0.0003526081384865767,0.1609890573991202,0.5449978046565911,2.1621021612400493,0,0
2017-03-15,-0.00041965894375893434,0.16056939845536128,0.4486411523205569,2.2847759098314526,0,0
2017-03-16,0.003363991302374114,0.1639333897577354,0.4466861522669184,1.585841925218559,0,0
2017-03-17,0.001787679205627893,0.16572106896336328,0.4402180536291705,1.2283730341104733,0,0
2017-03-20,0.007868664840271553,0.17358973380363482,0.6062400407457098,0.0,0,0
2017-03-21,-0.006256886408080064,0.16733284739555476,0.5358932295352451,1.3866509838174952,0,0
2017-03-22,0.0018331935563696894,0.16916604095192445,0.5933325189814823,1.0236560273870028,0,0
2017-03-23,0.0013417584348555656,0.17050779938678,0.5406508030171465,0.7651406153981705,0,0
2017-03-24,-0.0039423385271974715,0.16656546085958254,0.526257150684919,1.6552900683398386,0,0
2017-03-27,0.0024552371328558256,0.16902069799243838,0.5540605753247919,1.1520498298253856,0,0
2017-03-28,-0.0036704849105094577,0.16535021308192893,0.5270647490670646,1.9875355206660483,0,0
2017-03-29,0.001927485843356572,0.16727769892528552,0.5560453669948359,1.596752788766304,0,0
2017-03-30,-0.004924743279759294,0.1623529556455262,0.4761148944904301,2.7141303380704604,0,0
2017-03-31,0.0032152788534692677,0.16556823449899546,0.5829262598875681,2.038244913410422,0,0
2017-04-03,-0.006777075240558195,0.15879115925843726,0.5092284455059333,3.5666281639363353,0,0
2017-04-04,0.0036697866607825974,0.16246094591921986,0.5832932846492895,2.7940561989906314,0,0
2017-04-05,-0.006364053692070098,0.15609689222714976,0.5348598029045863,4.224184733063868,0,0
2017-04-06,0.0017394880554398246,0.1578363802825896,0.6296003553501498,3.8761239841400865,0,0
2017-04-07,0.003982798448869764,0.16181917873145935,0.6827826235890041,3.0336029296014657,0,0
2017-04-10,0.002087547419335825,0.16390672615079516,0.7866146986900032,2.6066146938654664,0,0
2017-04-11,0.0036653645172644743,0.16757209066805964,0.7108370062276057,1.829027150135048,0,0
2017-04-12,0.002975547178014436,0.17054763784607407,0.6746222002203925,1.2025003961204224,0,0
2017-04-13,0.0004682619660980429,0.1710158998121721,0.6038892408490403,1.1305370711620597,0,0
2017-04-14,-0.0007558042704910559,0.17026009554168106,0.6554941689574719,1.331326080602807,0,0
2017-04-17,-0.0021185742850251855,0.16814152125665588,0.5641556543076375,1.839099233559631,0,0
2017-04-18,0.0039156050363100495,0.17205712629296593,0.5885581146438963,0.9878558691001283,0,0
2017-04-19,0.00476710840337755,0.17682423469634348,0.6901155232158974,0.0,0,0
2017-04-20,0.00041539142293902276,0.1772396261192825,0.6851328445856661,0.0,0,0
2017-04-21,-0.00012733774053610676,0.1771122883787464,0.8382561227213486,0.06090815324423436,0,0
2017-04-24,0.003191878192655772,0.18030416657140216,0.8413198484098278,0.0,0,0
2017-04-25,-0.004341120200347298,0.17596304637105487,0.7370703359783759,1.0255971463916995,0,0
2017-04-26,0.0036545859736348053,0.17961763234468966,0.7669344734769522,0.22108976827240112,0,0
2017-04-27,0.00012052765349131178,0.17973815999818096,0.9648835993658857,0.22546311333157273,0,0
2017-04-28,-0.0007608435660697815,0.17897731643211118,0.9577587867027879,0.4329365434254451,0,0
2017-05-01,0.004463598354213444,0.18344091478632463,0.9906466833020988,0.0,0,0
2017-05-02,0.004457091902422698,0.18789800668874732,1.0345582250764607,0.0,0,0
2017-05-03,0.0018670174927075515,0.18976502418145486,1.0368854814335426,0.0,0,0
2017-05-04,0.005192785554438446,0.1949578097358933,1.0483939381260048,0.0,0,0
2017-05-05,0.0027311269942512043,0.1976889367301445,1.0252767665071933,0.0,0,0
2017-05-08,-0.0014327396717483563,0.19625619705839614,1.0360725781637192,0.3658422272855282,0,0
2017-05-09,-0.008714718726688284,0.18754147833170787,0.9313973728076824,2.438851139535808,0,0
2017-05-10,-0.001639821885043982,0.1859016564466639,0.8229573751537745,2.848111643195792,0,0
2017-05-11,-0.003797706634648617,0.18210394981201528,0.6554988178057081,3.75814257057465,0,0
2017-05-12,-0.0035933726919324593,0.1785105771200828,0.6630424307443306,4.62202705365234,0,0
2017-05-15,-0.0032841246966232186,0.17522645242345958,0.6411583712875784,5.415668136615108,0,0
2017-05-16,-0.0004886620788853225,0.17473779034457426,0.6514172979138539,5.56127883235863,0,0
2017-05-17,0.0056553771346168225,0.1803931674791911,0.8125353651958236,4.271040016536161,0,0
2017-05-18,0.003901735077258422,0.1842949025564495,0.8084565909299185,3.394704629884104,0,0
2017-05-19,0.003014323176541948,0.18730922573299147,0.7814796218978727,2.724257460366082,0,0
2017-05-22,-0.0005277763091384556,0.18678144942385302,0.711036123479913,2.879618783748382,0,0
2017-05-23,0.0006800954681080259,0.18746154489196104,0.7684698327061633,2.751769131760173,0,0
2017-05-24,0.00024411388296380408,0.18770565877492484,0.8527689779502731,2.726074678932498,0,0
2017-05-25,0.0007068780600431649,0.188412536834968,0.8617334017671322,2.5900272643340903,0,0
2017-05-26,-0.0009688544504536367,0.18744368238451437,0.8445130643312787,2.8536730048774657,0,0
2017-05-29,-0.0022073527317020554,0.1852363296528123,0.8553304146122875,3.4163142755764677,0,0
2017-05-30,0.0018487296520499252,0.18708505930486224,0.960126222864733,3.0020568264094964,0,0
2017-05-31,-0.002684360639186649,0.1844006986656756,0.9346733794137561,3.6850474451595847,0,0
2017-06-01,1.2197701062291368e-05,0.18441289636673788,0.8834468448398626,3.7140887760608448,0,0
2017-06-02,0.0009685323931565221,0.1853814287598944,0.925257027222801,3.509073958273999,0,0
2017-06-05,0.0021386973455392332,0.18752012610543364,1.0397177727831588,3.01483033995995,0,0
2017-06-06,-0.003431550158736287,0.18408857594669736,0.9669116739716966,3.894743037832586,0,0
2017-06-07,-0.0002715477226412832,0.18381702822405607,1.0342370939358878,3.9939576885376225,0,0
2017-06-08,-0.003994253693289157,0.17982277453076692,0.9789090338172994,5.020206463288198,0,0
2017-06-09,-0.0004213196259581416,0.17940145490480877,0.9357943057960226,5.157096421493105,0,0
2017-06-12,-0.0037071253052704096,0.17569432959953837,0.9402554471534792,6.117221390666711,0,0
2017-06-13,-0.008455885834705757,0.16723844376483263,0.8557208383898538,8.267932990893652,0,0
2017-06-14,0.0004884095272195705,0.1677268532920522,0.8252098769945143,8.179947260815602,0,0
2017-06-15,-0.0039028895309760996,0.1638239637610761,0.7385293795963876,9.176312415913161,0,0
2017-06-16,-0.005362796206745513,0.1584611675543306,0.6531046031149947,10.53393568097418,0,0
2017-06-19,0.00031231518250824514,0.15877348273683883,0.6790378744023371,10.48907817802705,0,0
2017-06-20,0.004314995032324223,0.16308847776916305,0.8036297357758783,9.452969370424489,0,0
2017-06-21,0.0017820811336330673,0.16487055890279612,0.7602587158330444,9.044205233187508,0,0
2017-06-22,0.0027177597638372115,0.16758831866663332,0.8029541649600748,8.400881616457085,0,0
2017-06-23,0.009544364791839687,0.177132683458473,0.8546165531756379,6.053779759316093,0,0
2017-06-26,-0.0032511766633103066,0.17388150679516268,0.8195731937779771,6.8753496418559,0,0
2017-06-27,0.0007206306271348082,0.1746021374222975,0.8485528189089897,6.731971228239051,0,0
2017-06-28,0.0021521879592307763,0.17675432538152827,0.9127935632579001,6.237239072690874,0,0
2017-06-29,-0.0037040725234023806,0.1730502528581259,0.8810344527245845,7.179594041023274,0,0
2017-06-30,0.002013768329186443,0.17506402118731235,0.8380044420413356,6.716194151088667,0,0
2017-07-03,-0.001237967609978678,0.17382605357733366,0.8613878458989556,7.054085410093663,0,0
2017-07-04,0.004320703383371692,0.17814675696070537,0.9343244438773377,6.0129165700040055,0,0
2017-07-05,-0.001421534106095059,0.17672522285461031,0.9345221240815204,6.397699778659291,0,0
2017-07-06,0.00990179369997589,0.18662701655458622,1.1658512686319749,3.959987664890517,0,0
2017-07-07,0.0018090776764787492,0.18843609423106497,1.146649602810635,3.5534350016485043,0,0
2017-07-10,-0.0022414892002632237,0.18619460503080174,1.1443440754199312,4.131370693990791,0,0
2017-07-11,0.0065153727790979435,0.19270997780989968,1.2243730173615075,2.5700904947254872,0,0
2017-07-12,0.007695978581323154,0.20040595639122283,1.3168469803411325,0.7365134261563471,0,0
2017-07-13,0.010878050360507145,0.21128400675172998,1.4626249312334672,0.0,0,0
2017-07-14,-0.0023300842866179478,0.20895392246511202,1.4031798731983856,0.5714079623926782,0,0
2017-07-17,-0.000280424534624766,0.20867349793048726,1.3201358699958752,0.6685995333855105,0,0
2017-07-18,0.005131158253529158,0.21380465618401642,1.3875974775467192,0.0,0,0
2017-07-19,-0.0012864707456009886,0.21251818543841544,1.4136990525833237,0.3320081198802961,0,0
2017-07-20,-0.006154008291497458,0.206364177146918,1.3079323070697648,1.8066622452052257,0,0
2017-07-21,-0.0019146317205565664,0.20444954542636143,1.2853097427721223,2.2847450359836667,0,0
2017-07-24,0.0018106109082467081,0.20626015633460815,1.194798150904299,1.892961545955802,0,0
2017-07-25,0.002081349935554583,0.20834150627016274,1.2199399486675297,1.435497074542098,0,0
2017-07-26,-2.535807150907607e-05,0.20831614819865366,1.259229786136107,1.473495998964699,0,0
2017-07-27,0.0025292163672183212,0.21084536456587197,1.2885936305015944,0.9046308944451796,0,0
2017-07-28,-0.00035108642341635235,0.2104942781424556,1.2819399953737343,1.020356643106319,0,0
2017-07-31,-0.0009462505981098729,0.20954802754434573,1.2569560512672862,1.2792970811322422,0,0
2017-08-01,-0.005955882952675797,0.20359214459166994,1.193787071734656,2.7474996727102976,0,0
2017-08-02,0.0007764294317828312,0.20436857402345276,1.168748735563694,2.59341402872342,0,0
2017-08-03,-0.0029471513246899336,0.20142142269876284,1.0677810468136741,3.3357465394077597,0,0
2017-08-04,0.0040078304918446704,0.2054292531906075,1.038613243791071,2.3990269919620175,0,0
2017-08-07,-0.001662844154828979,0.20376640903577853,1.0002799741440351,2.833102819304999,0,0
2017-08-08,-0.009943442081750473,0.19382296695402806,0.9065601978070215,5.2810417157761425,0,0
2017-08-09,0.0014494068192735775,0.19527237377330164,1.0505495743009723,4.970285102341771,0,0
2017-08-10,-0.0004482349324722719,0.19482413884082936,0.9887153161921483,5.108837408251534,0,0
2017-08-11,0.003751203528641377,0.19857534236947075,1.1171093131451924,4.244099190710231,0,0
2017-08-14,-0.0012289092103346722,0.19734643315913608,1.1298290605956502,4.5702174209203745,0,0
2017-08-15,0.004193986631706314,0.2015404197908424,1.2259256408980919,3.5931921438825043,0,0
2017-08-16,-0.004161276870773084,0.1973791429200693,1.1799488669500122,4.626261850220977,0,0
2017-08-17,0.0023883609268475436,0.19976750384691686,1.225861052181945,4.083720352349747,0,0
2017-08-18,0.003457417726586521,0.2032249215735034,1.395322245362512,3.280785206554676,0,0
2017-08-21,-0.004593644496366728,0.19863127707713665,1.3273577060065729,4.424064913764162,0,0
2017-08-22,0.0051968236470950535,0.20382810072423171,1.3923319752787455,3.2005784138380027,0,0
2017-08-23,0.0045040277418416305,0.20833212846607335,1.5221874792414396,2.148047200229448,0,0
2017-08-24,0.001329357626938808,0.20966148609301216,1.4940059966374677,1.8602792697414985,0,0
2017-08-25,-0.009702224724180478,0.1999592613688317,1.351654221343611,4.238286578353495,0,0
2017-08-28,0.00295932094253899,0.20291858231137067,1.4117300214816881,3.5725513868723042,0,0
2017-08-29,0.0033995454938425184,0.2063181278052132,1.4849393520142493,2.8006480308770625,0,0
2017-08-30,-0.0028244599762702214,0.20349366782894296,1.4010826019286775,3.501936606249645,0,0
2017-08-31,-0.024049118433421442,0.1794445493955215,0.9800599064020449,9.2507390198608,0,0
2017-09-01,0.002526709323786031,0.18197125871930755,1.08380223315455,8.768446453469501,0,0
2017-09-04,-0.0009520475004514699,0.18101921121885609,1.0012880501746604,8.995064973264062,0,0
2017-09-05,0.012924476531096235,0.19394368774995233,1.1081783298698344,6.370444749942273,0,0
2017-09-06,-0.0021088889461794765,0.19183479880377285,1.2141309733483965,6.821600060764312,0,0
2017-09-07,-0.010973471969381426,0.18086132683439143,1.0310982774689894,9.04500864486447,0,0
2017-09-08,0.004324273609063458,0.1851856004434549,1.0565943366495996,8.231722380448513,0,0
2017-09-11,0.0064520350128650355,0.19163763545631993,1.1670860811331047,7.000435115793556,0,0
2017-09-12,0.002371963516392303,0.19400959897271222,1.2086663225924965,6.569599596014997,0,0
2017-09-13,-0.00419811261523198,0.18981148635748024,1.134168793117393,7.4245146643803235,0,0
2017-09-14,0.0014741866175051461,0.1912856729749854,1.1899283609255507,7.167019462624137,0,0
2017-09-15,0.005633384264463451,0.19691905723944883,1.2834371027437697,6.086863413122483,0,0
2017-09-18,0.004357198648806617,0.20127625588825546,1.285671708361635,5.259825045516271,0,0
2017-09-19,0.0006172452520967673,0.20189350114035223,1.3302585044692008,5.1699571504078135,0,0
2017-09-20,-0.009846472101537825,0.1920470290388144,1.1745264384566778,7.157278841688721,0,0
2017-09-21,0.0072582673989113645,0.19930529643772577,1.290569650420339,5.770757674409284,0,0
2017-09-22,0.01845814289079011,0.21776343932851588,1.4413420371104262,2.2161614899153976,0,0
2017-09-25,-0.0007745580795542772,0.2169888812489616,1.436704318769029,2.389362502448867,0,0
2017-09-26,0.002970487633393484,0.21995936888235507,1.4746252624519538,1.8768170328947409,0,0
2017-09-27,-0.0048555956925075226,0.21510377318984755,1.413938375758077,2.802580116550539,0,0
2017-09-28,0.009723490295782596,0.22482726348563015,1.4953428331359047,1.0427460930292856,0,0
2017-09-29,-0.0029826279479592604,0.2218446355376709,1.3550329776628218,1.6175454304360528,0,0
2017-10-02,-0.0003912634601376194,0.22145337207753327,1.347328929963682,1.7210484907030268,0,0
2017-10-03,0.000493333453778439,0.2219467055313117,1.3097647048613208,1.662393561951142,0,0
2017-10-04,0.005662469510941894,0.22760917504225361,1.356903524435238,0.6477834739576831,0,0
2017-10-05,0.0024917937209089852,0.2301009687631626,1.2967823825492757,0.2194755907995441,0,0
2017-10-06,-0.0016058327577447933,0.22849513600541782,1.2919279025954444,0.549487337999641,0,0
2017-10-09,0.0034256658112890867,0.2319208018167069,1.3054655711169265,0.0,0,0
2017-10-10,-4.0695933763500484e-05,0.23188010588294342,1.2478483692749571,0.03962712980425352,0,0
2017-10-11,0.004915959225552517,0.23679606510849593,1.3491740907467697,0.0,0,0
2017-10-12,0.0007405151297329333,0.23753658023822888,1.3417200040347843,0.0,0,0
2017-10-13,0.00041835566391546506,0.23795493590214434,1.3070436830480334,0.0,0,0
2017-10-16,-0.007983823029664097,0.22997111287248023,1.155165233434757,1.5536571156622367,0,0
2017-10-17,0.010935855345566075,0.2409069682180463,1.3736380003023632,0.0,0,0
2017-10-18,0.010083768005984633,0.25099073622403095,1.4337289615956175,0.0,0,0
2017-10-19,0.0015211450435615504,0.2525118812675925,1.637960376191884,0.0,0,0
2017-10-20,-0.0036455055787595527,0.24886637568883294,1.5550520823968288,0.7030128506639671,0,0
2017-10-23,-0.006000155184279006,0.24286622050455392,1.5103246443844338,1.8429336507913954,0,0
2017-10-24,0.004825419860003683,0.2476916403645576,1.6245018769429174,0.9851045045414658,0,0
2017-10-25,0.005699409731273456,0.25339105009583107,1.7057637620867487,0.0,0,0
2017-10-26,0.003387517290493784,0.2567785673863249,1.7525482234296614,0.0,0,0
2017-10-27,0.010118400625144974,0.26689696801146984,1.9057296346562236,0.0,0,0
2017-10-30,-0.0006885159940582865,0.26620845201741156,1.871052733894499,0.15769767837348087,0,0
2017-10-31,0.008691323247569079,0.27489977526498066,2.037337068897516,0.0,0,0
2017-11-01,-0.005366822527351041,0.2695329527376296,2.0334700298478374,1.008672847750953,0,0
2017-11-02,0.0031600597459789086,0.2726930124836085,2.1260346229413574,0.46545653502361994,0,0
2017-11-03,-0.000772642924328626,0.2719203695592799,2.187344797850528,0.6386535035972951,0,0
2017-11-06,-0.0034194643930795555,0.26850090516620034,2.1913262107277247,1.2990603848274982,0,0
2017-11-07,0.006152858183934516,0.27465376335013486,2.288637199122014,0.1964039769057151,0,0
2017-11-08,0.0018840859137485308,0.2765378492638834,2.3242874387907877,0.0,0,0
2017-11-09,0.005167098062665315,0.2817049473265487,2.183017613696798,0.0,0,0
2017-11-10,0.00341963381274253,0.28512458113929123,2.2640039181664413,0.0,0,0
2017-11-13,-0.002610629083790762,0.28251395205550045,2.2090530615258936,0.5170064017390578,0,0
2017-11-14,-0.001861863200782025,0.28065208885471843,2.212132239356384,0.896437935253592,0,0
2017-11-15,-0.010557364750364394,0.27009472410435403,2.096881378463924,2.908467785655658,0,0
2017-11-16,0.00010533517009539525,0.27020005927444946,2.0068409310945254,2.9210447605179284,0,0
2017-11-17,0.008209434611489607,0.27840949388593905,2.1050824916209128,1.4298065375298912,0,0
2017-11-20,-0.004815215318636958,0.2735942785673021,2.0946756713229173,2.348572826015679,0,0
2017-11-21,-0.002468510173437106,0.271125768393865,2.005143812261855,2.8357350653096365,0,0
2017-11-22,-0.000631378821694475,0.27049438957217053,1.898981520719976,2.984693962116452,0,0
2017-11-23,-0.0005096860666681388,0.2699847035055024,1.9494919080095916,3.11165118923837,0,0
2017-11-24,0.000824540362869469,0.27080924386837185,2.0061270193029306,2.9891773537606716,0,0
2017-11-27,0.011273367790154093,0.28208261165852594,2.0257961800958206,0.8971060166558966,0,0
2017-11-28,-0.0011782359607946267,0.2809043756977313,1.8969459324729643,1.1467673393077464,0,0
2017-11-29,-0.0048496409717514125,0.2760547347259799,1.8188475257947252,2.079578412491255,0,0
2017-11-30,-0.0021687435010121535,0.27388599122496776,1.869499908525344,2.514860190740093,0,0
2017-12-01,-0.0023680560765454405,0.2715179351484223,1.917006567903668,2.989336628135466,0,0
2017-12-04,-0.0024639622472865017,0.2690539729011358,1.8744417188912479,3.4838741785958875,0,0
2017-12-05,0.005650270867415317,0.2747042437685511,2.015581239096559,2.4504089692617512,0,0
2017-12-06,0.003388216371618543,0.2780924601401697,2.024213007746606,1.8439961608385653,0,0
2017-12-07,0.002211088349051931,0.2803035484892216,2.102860682760248,1.4579580545207647,0,0
2017-12-08,-0.001701779300475647,0.27860176918874596,2.0814547813835453,1.8132560826623951,0,0
2017-12-11,0.005386344775630233,0.2839881139643762,2.1607254231935644,0.8167124360493869,0,0
2017-12-12,-0.0018885834107923362,0.28209953055358383,2.1886437617169476,1.2092373914401706,0,0
2017-12-13,0.0014043505887766864,0.2835038811423605,2.1476784642594375,0.971817517416316,0,0
2017-12-14,0.0017075597353999935,0.2852114408777605,2.1612728409012005,0.6744671143361269,0,0
2017-12-15,0.005150204171053429,0.29036164504881395,2.233407039363883,0.0,0,0
2017-12-18,0.0012870061369773815,0.29164865118579136,2.1482893479065215,0.0,0,0
2017-12-19,-0.00010302084499267056,0.29154563034079867,2.144493823643536,0.0520915251237624,0,0
2017-12-20,-0.0029395543076831373,0.28860607603311556,2.126677941874728,0.6604390804603959,0,0
2017-12-21,-0.0004442948896845886,0.28816178114343094,2.1424610805691815,0.7798941973789462,0,0
2017-12-22,0.0009803013193525813,0.2891420824627835,2.1197736334505217,0.6178519209255909,0,0
2017-12-25,-0.0005590979342456993,0.2885829845285378,2.0863795421220503,0.7611518449468635,0,0
2017-12-26,0.001806320877903324,0.29038930540644114,2.065944156672008,0.4315487278288744,0,0
2017-12-27,0.0028481851977137573,0.2932374906041549,1.9970297018231877,0.0,0,0
2017-12-28,-0.0009392338032629237,0.29229825680089194,2.170807383739376,0.22171586343656813,0,0
2017-12-29,0.00653575252178649,0.29883400932267845,2.1732704031204713,0.0,0,0
2018-01-01,0.0011072593579656656,0.29994126868064414,2.093237451157524,0.0,0,0
2018-01-02,-0.00039562092822730097,0.2995456477524168,2.008901329508786,0.11245353124998854,0,0
2018-01-03,-6.717442381759932e-05,0.2994784733285992,1.994601718133624,0.15820039613205816,0,0
2018-01-04,-0.004087425285344954,0.2953910480432543,1.9690911680130405,1.0309584440365622,0,0
2018-01-05,0.0028967130980534377,0.29828776114130773,1.98962285802383,0.46613264346543226,0,0
2018-01-08,0.00012404624234152223,0.29841180738364925,1.9741549063562311,0.47248851280540743,0,0
2018-01-09,0.0030443785077831397,0.3014561858914324,1.995401122408305,0.0,0,0
2018-01-10,0.002185103479440783,0.3036412893708732,2.1452117498284737,0.0,0,0
2018-01-11,-0.004163954642571107,0.29947733472830207,2.168209361483116,0.9050951165441359,0,0
2018-01-12,0.0004636915186157905,0.2999410262469179,2.1152084533655082,0.8397458402422375,0,0
2018-01-15,0.0001205570998055387,0.3000615833467234,2.0419592284584547,0.8462971842886295,0,0
2018-01-16,0.002811034893079785,0.30287261823980316,2.071107221776036,0.2812676004650082,0,0
2018-01-17,0.003910682668481242,0.30678330090828443,2.2419059433142525,0.0,0,0
2018-01-18,5.990399817614345e-05,0.30684320490646055,2.294680565707142,0.019216432665372,0,0
2018-01-19,0.0005766463278235355,0.3074198512342841,2.269917467925756,0.0,0,0
2018-01-22,-0.001414633567525197,0.3060052176667589,2.2120021263817584,0.33759376019828985,0,0
2018-01-23,0.0022767906530947804,0.3082820083198537,2.192444933256079,0.0,0,0
2018-01-24,0.0013640975930260442,0.3096461059128797,2.340872718883984,0.0,0,0
2018-01-25,0.006266483346124702,0.31591258925900445,2.410640250391453,0.0,0,0
2018-01-26,-0.0020727350270849506,0.3138398542319195,2.2887557720191194,0.4841561936174465,0,0
2018-01-29,0.0017569361886821083,0.3155967904206016,2.2957162243761218,0.13114371616981102,0,0
2018-01-30,-0.003361930078757213,0.3122348603418444,2.185717053967248,0.9035296735718454,0,0
2018-01-31,0.004578300736338312,0.3168131610781827,2.2125223483499448,0.0,0,0
2018-02-01,-0.0005813430478482579,0.31623181803033446,2.312084616641732,0.1603521417413143,0,0
2018-02-02,0.0019225855541939061,0.31815440358452834,2.285260708583297,0.0,0,0
2018-02-05,0.0005945455891929164,0.31874894917372126,2.3015691007365016,0.0,0,0
2018-02-06,-0.0035667393600547406,0.3151822098136665,2.1809692420093008,0.8321959797033509,0,0
2018-02-07,0.00031028816627453644,0.31549249797994106,2.213986688058954,0.7944487761136347,0,0
2018-02-08,0.002809587992515933,0.318302085972457,2.286737524518252,0.19118859443065261,0,0
2018-02-09,-0.003642004896952606,0.3146600810755044,2.2649589450157097,1.0495183308669072,0,0
2018-02-12,0.005066719701977408,0.31972680077748183,2.3305429304951844,0.0,0,0
2018-02-13,-0.0012907966363718678,0.31843600414110995,2.352175117833878,0.3248597341441374,0,0
2018-02-14,8.429125327376265e-05,0.3185202953943837,2.3864651683003464,0.3376441032023505,0,0
2018-02-15,0.0009060611095103599,0.31942635650389406,2.367486176129555,0.16180543788849072,0,0
2018-02-16,-0.001348562145446343,0.31807779435844774,2.3913417065449307,0.504885062980253,0,0
2018-02-19,-0.00015704362443377,0.317920750734014,2.343110557773303,0.573308636996009,0,0
2018-02-20,-0.009603141660553332,0.3083176090734607,2.157416561730953,2.8449199950672996,0,0
2018-02-21,-0.004046971053299341,0.30427063802016135,2.0963215121790446,3.7997040045021153,0,0
2018-02-22,-0.0052161759211894485,0.2990544620989719,2.020960058395531,5.022101160826336,0,0
2018-02-23,-0.005369448757799825,0.2936850133411721,1.8035837854447676,6.276552636865962,0,0
2018-02-26,0.0005103714592079176,0.29419538480038,1.7934682305250897,6.192695994310011,0,0
2018-02-27,0.007834526270147983,0.30202991107052796,1.9230589456530702,4.435926685127477,0,0
2018-02-28,-0.00042276541635705633,0.3016071456541709,1.9327742354854118,4.563264896861404,0,0
2018-03-01,-0.002374483532142188,0.2992326621220287,1.903514289924449,5.133767490610231,0,0
2018-03-02,0.0071205304587752555,0.30635319258080396,1.9993873925390604,3.5443335895484367,0,0
2018-03-05,0.003051865592442464,0.30940505817324643,1.99541479847963,2.8878028385031493,0,0
2018-03-06,0.006765360016710689,0.3161704181899571,2.0565989689219095,1.3888291274320126,0,0
2018-03-07,0.006299877551500673,0.3224702957414578,2.039037308635356,0.006070297850492734,0,0
2018-03-08,9.097394309987689e-05,0.32256126968455767,2.1353697850549964,0.01776594328518181,0,0
2018-03-09,0.0017228861618619005,0.32428415584641956,2.133904134905077,0.0,0,0
2018-03-12,-0.0017326406161585468,0.32255151523026104,2.0906319256500274,0.4230450258880207,0,0
2018-03-13,0.0023641581948581386,0.3249156734251192,2.181004226041963,0.0,0,0
2018-03-14,-0.0030312743187128717,0.3218843991064063,2.103455391820326,0.7223139065595982,0,0
2018-03-15,0.0011965461663053525,0.3230809452727117,2.1741436562334893,0.4810136955535637,0,0
2018-03-16,-0.0017418650979388558,0.32133908017477286,2.122787674137426,0.9130228017340927,0,0
2018-03-19,-0.010770029092948254,0.3105690510818246,2.0233667296514453,3.4302671556341924,0,0
2018-03-20,-0.002283998576953805,0.30828505250487076,1.9480707285618322,3.974317667349001,0,0
2018-03-21,-0.0015288581685577727,0.306756194336313,2.0291147172751183,4.350537623784916,0,0
2018-03-22,-0.0037785908155243877,0.3029776035207886,1.9252819985372354,5.237607502491822,0,0
2018-03-23,0.001061950966791159,0.3040395544875798,2.0361996962622615,5.028934968566471,0,0
2018-03-26,-0.008597997533760558,0.29544155695381924,1.879272464699114,7.0202331540305085,0,0
2018-03-27,-0.004903516987365986,0.2905380399664533,1.7550383077807732,8.151859316154429,0,0
2018-03-28,0.0003146987546603237,0.2908527387211136,1.7312620627391564,8.113381748489333,0,0
2018-03-29,-0.00046806412086582334,0.2903846746002478,1.6763134327992626,8.2508330799034,0,0
2018-03-30,0.005186292814931791,0.2955709674151796,1.703971599364956,7.1078194611167,0,0
2018-04-02,-0.000451124442239609,0.29511984297293997,1.6913007772081967,7.241814135086152,0,0
2018-04-03,0.001610066733286189,0.29672990970622615,1.7235961454355586,6.907750021606965,0,0
2018-04-04,0.001565006004848744,0.2982949157110749,1.774752484742406,6.582148176735658,0,0
2018-04-05,-0.002105642723942449,0.2961892729871325,1.693407009899135,7.097734549909996,0,0
2018-04-06,0.004307356394384219,0.3004966293815167,1.6877193809607478,6.136144519934113,0,0
2018-04-09,0.0007760804420626514,0.3012727098235794,1.6926297401254893,5.989118296672029,0,0
2018-04-10,-0.0007248262192013058,0.3005478836043781,1.6843041887855574,6.189276363894124,0,0
2018-04-11,-0.0015626451983164046,0.2989852384060617,1.6199070956466517,6.585836032768447,0,0
2018-04-12,0.0006280087920051761,0.2996132471980669,1.6913958376413962,6.470601626372788,0,0
2018-04-13,0.0033159037868751243,0.30292915098494205,1.6870833058858663,5.7207551785133655,0,0
2018-04-16,-0.003119764967956978,0.2998093860169851,1.6407795534219376,6.490020194840648,0,0
2018-04-17,0.002228447282016723,0.3020378332990018,1.681392434468556,5.994021853447216,0,0
2018-04-18,0.00055574801408358,0.3025935813130854,1.6304141867165616,5.893803511954023,0,0
2018-04-19,-0.004824100843699608,0.2977694804693858,1.501752017337459,7.080129276070275,0,0
2018-04-20,-6.993321004079454e-05,0.297699547259345,1.475526312609737,7.128840339688992,0,0
2018-04-23,-2.4352596293773093e-06,0.2976971119997156,1.4074830189505159,7.1614345303520635,0,0
2018-04-24,0.002928404839429045,0.3006255168391446,1.4100592152811842,6.48594035602199,0,0
2018-04-25,0.0016137973849553987,0.3022393142241,1.452060654579719,6.126932538534272,0,0
2018-04-26,-0.00651955362693519,0.2957197605971648,1.4870724228643222,7.746346557720551,0,0
2018-04-27,-0.0014678324886015141,0.2942519281085633,1.4895326965080098,8.132669757697677,0,0
2018-04-30,-0.009513440628073605,0.2847384874804897,1.4002962660315748,10.47270908131362,0,0
2018-05-01,0.006414205248298151,0.29115269272878785,1.5340275063145614,8.985870914194823,0,0
2018-05-02,-0.003824884368091344,0.2873278083606965,1.5260509698604012,9.916868812120226,0,0
2018-05-03,0.004301670394852884,0.2916294787555494,1.5892150410535368,8.93671144584976,0,0
2018-05-04,0.0058300531230061434,0.29745953187855556,1.5913186861712658,7.5971242974581905,0,0
2018-05-07,-0.004248279549683353,0.2932112523288722,1.47914897158584,8.623576566691947,0,0
2018-05-08,0.0047676171982875565,0.29797886952715974,1.5012832775681688,7.539504434516838,0,0
2018-05-09,0.0020565494677753384,0.3000354189949351,1.5361069943496557,7.090760834415173,0,0
2018-05-10,-0.004184428422002187,0.2958509905729329,1.4672522897149811,8.105298277660642,0,0
2018-05-11,-0.010003283077242735,0.28584770749569016,1.3155326468546251,10.48660415178595,0,0
2018-05-14,0.005191924423810318,0.2910396319195005,1.3728325208561927,9.329741881666264,0,0
2018-05-15,-7.795517713993e-05,0.29096167674236056,1.3849558756329239,9.379559416856155,0,0
2018-05-16,-0.013682188877068902,0.27727948786529166,1.2108853695535018,12.555269655704414,0,0
2018-05-17,0.00378319009493558,0.28106267796022727,1.235322836059796,11.759246259668515,0,0
2018-05-18,0.009261868668527809,0.29032454662875506,1.3841159936847307,9.760426355752937,0,0
2018-05-21,0.0028359014469451047,0.2931604480757002,1.4203302246888492,9.181479383843628,0,0
2018-05-22,0.0019773701505810684,0.29513781822628127,1.4332501056613731,8.785949612728423,0,0
2018-05-23,0.002671814472131583,0.2978096326984129,1.4399541140409648,8.237539429116433,0,0
2018-05-24,0.0008202230603814957,0.29862985575879436,1.4973681094034539,8.090682633079966,0,0
2018-05-25,0.004262217868059412,0.3028920736268538,1.5547926200587068,7.18801953673413,0,0
2018-05-28,-0.0012873423731235528,0.3016047312537302,1.592431065782999,7.502538387356689,0,0
2018-05-29,0.0013174295341283292,0.30292216078785855,1.615185658154536,7.243895223287798,0,0
2018-05-30,-0.0012039418109552188,0.3017182189769033,1.6500030185526917,7.542926740749803,0,0
2018-05-31,-0.0011203793360204648,0.3005978396408829,1.7578056321854358,7.824760950215088,0,0
2018-06-01,-0.0025614753444055107,0.2980363642964774,1.716187451928164,8.431034885974189,0,0
2018-06-04,-0.0043310189928020045,0.29370534530367537,1.7099607225624778,9.437787133337213,0,0
2018-06-05,0.0014846316330513866,0.2951899769367268,1.8054072680148903,9.135568074311257,0,0
2018-06-06,0.0036379117664745576,0.2988278887032013,1.8477922935012108,8.344380718293397,0,0
2018-06-07,0.00877007713852475,0.30759796584172605,1.8977925535148181,6.3881889674011845,0,0
2018-06-08,-0.0018459741054459035,0.30575199173628015,1.8494544455874558,6.83176423620432,0,0
2018-06-11,-0.001627427970941289,0.30412456376533886,1.7924048942010011,7.228357226504429,0,0
2018-06-12,0.0037468029351943586,0.3078713667005332,1.7268799109381978,6.4167794592362295,0,0
2018-06-13,-0.0004895387648830819,0.30738182793565016,1.7653954413248651,6.55919057139872,0,0
2018-06-14,0.0014967735614721252,0.30887860149712226,1.7755199430852446,6.251712622514343,0,0
2018-06-15,0.0009702888902939873,0.30984889038741625,1.7602668258224512,6.0625212411742355,0,0
2018-06-18,0.0025896305883778073,0.31243852097579405,1.8457375093183197,5.5009108732311365,0,0
2018-06-19,-0.004675151297384202,0.30776336967840984,1.7533224847867983,6.60861067097849,0,0
2018-06-20,-0.0015476618359748142,0.306215707842435,1.7490491377332906,6.996395576969815,0,0
2018-06-21,0.0018141715217245213,0.30802987936415954,1.7178497009041567,6.609256229651253,0,0
2018-06-22,0.0026726562711087295,0.3107025356352683,1.7718704818051598,6.020827281975374,0,0
2018-06-25,-0.000513864875241939,0.3101886707600263,1.6467185080383855,6.172550192145153,0,0
2018-06-26,0.005009379840105756,0.31519805060013206,1.6865793834402614,5.03087516579785,0,0
2018-06-27,-0.00028517925158740975,0.3149128713485447,1.7136591695505465,5.129556717611855,0,0
2018-06-28,-0.00020117037482635623,0.3147117009737183,1.6294073251533157,5.208868984168395,0,0
2018-06-29,-0.0017246489368828257,0.31298705203683547,1.5099974369746108,5.6487547475522275,0,0
2018-07-02,-5.4230818821657126e-05,0.3129328212180138,1.3769390955136314,5.693651311479837,0,0
2018-07-03,-0.002590636260155382,0.3103421849578584,1.3732216797258272,6.344861834605387,0,0
2018-07-04,0.00034837544444812994,0.3106905604023066,1.3817971778757459,6.29330761734188,0,0
2018-07-05,0.00592679187716436,0.31661735227947096,1.3915337483987493,4.895503307676671,0,0
2018-07-06,-0.005588812798085027,0.3110285394813859,1.329289169360617,6.267775382365267,0,0
2018-07-09,1.0429229424076258e-05,0.31103896871081,1.418013217299242,6.297294910682325,0,0
2018-07-10,-0.0005464607974727095,0.31049250791333727,1.4371426372351663,6.460512314338939,0,0
2018-07-11,-0.0006672979624882337,0.30982520995084906,1.403660397111959,6.653655413026509,0,0
2018-07-12,-0.002083810411776776,0.30774139953907226,1.346792063549566,7.191685409192601,0,0
2018-07-13,0.0007006554763726664,0.3084420550154449,1.3566395184889148,7.052819780444155,0,0
2018-07-16,0.002170985533071187,0.31061304054851613,1.351959429144145,6.55239537324262,0,0
2018-07-17,-0.00065608219019073,0.3099569583583254,1.3477585587845207,6.745974801148601,0,0
2018-07-18,-0.004711375613808634,0.30524558274451674,1.2938661272800074,7.944776153499358,0,0
2018-07-19,0.013394928264321773,0.3186405110088385,1.5376431437961795,4.666338481185318,0,0
2018-07-20,0.004664291870874289,0.3233048028797128,1.5871203647302496,3.606370835981891,0,0
2018-07-23,-0.0032895351811696384,0.32001526769854316,1.5822052585875626,4.407657282272362,0,0
2018-07-24,-0.01568671496825594,0.3043285527302872,1.2913703381074084,8.116727911131116,0,0
2018-07-25,0.010839744773087617,0.31516829750337483,1.4418581968013968,5.7729346136229225,0,0
2018-07-26,0.00047684247390140065,0.3156451399772762,1.5912250408482236,5.703112670053289,0,0
2018-07-27,-0.01000169371035994,0.3056434462669163,1.428493093963176,7.883257751840634,0,0
2018-07-30,-0.015650720868048345,0.28999272539886795,1.2060319263146673,11.209009002448274,0,0
2018-07-31,-0.0019003191485158744,0.2880924062503521,1.1349885143708016,11.62008028524312,0,0
2018-08-01,-0.0014915045128738695,0.2866009017374782,1.1315771476843186,11.951078147445022,0,0
2018-08-02,0.00044209853943663786,0.2870430002769149,1.085301314475537,11.89399667250439,0,0
2018-08-03,0.010701871721933548,0.2977448719988484,1.2652015818989724,9.756995838231036,0,0
2018-08-06,-0.003414635196151643,0.29433023680269677,1.191061539148042,10.46679868248957,0,0
2018-08-07,-0.005145426801884348,0.2891848100008124,1.080932632948664,11.523343614281536,0,0
2018-08-08,-0.001218656574046266,0.2879661534267662,1.125328496781632,11.797937405005847,0,0
2018-08-09,0.006388681678541031,0.2943548351053072,1.139171510378454,10.55129203075659,0,0
2018-08-10,0.004620354847186705,0.2989751899524939,1.1405470545557346,9.661919951807024,0,0
2018-08-13,0.007314350856170334,0.3062895408086642,1.211329402096819,8.234049922207479,0,0
2018-08-14,-0.001769837530919343,0.30451970327774486,1.3209111648588194,8.617030132554104,0,0
2018-08-15,0.002000301729942717,0.30652000500768756,1.3092100875635593,8.250353030708135,0,0
2018-08-16,-0.007766452696444564,0.298753552311243,1.1627840071057896,9.837849397274246,0,0
2018-08-17,-0.001546893361775065,0.29720665894946796,1.1794644446917897,10.17717952724791,0,0
2018-08-20,0.001442387141259655,0.2986490460907276,1.576815388596752,9.921128061046252,0,0
2018-08-21,-0.006377051193691111,0.29227199489703654,1.4536568061277653,11.233465653762291,0,0
2018-08-22,0.009254464355326075,0.3015264592523626,1.5778717424770425,9.414228518398911,0,0
2018-08-23,0.004292837524773718,0.3058192967771363,1.4828403484895059,8.599231431744398,0,0
2018-08-24,0.005174784460246655,0.310994081237383,1.577213694719992,7.608559148079283,0,0
2018-08-27,-0.0012125375359724807,0.3097815437014105,1.7259583525746827,7.880136437257557,0,0
2018-08-28,0.0005563864779221659,0.31033793017933264,1.6777098133351305,7.801617194569222,0,0
2018-08-29,-0.004541356556055368,0.3057965736232773,1.5317944308180782,8.740947336724599,0,0
2018-08-30,0.001775889356282327,0.3075724629795596,1.5240615941151652,8.41778959139224,0,0
2018-08-31,-0.0009188044007420867,0.3066536585788175,1.5708716816695263,8.634483234246568,0,0
2018-09-03,0.002629364208384688,0.30928302278720216,1.585877309835782,8.135020333915788,0,0
2018-09-04,0.006098366821373407,0.31538138960857554,1.5914054689529686,6.929258434824843,0,0
2018-09-05,-0.0035707059563558395,0.3118106836522197,1.484773353571376,7.683800921877092,0,0
2018-09-06,0.0006749462447790586,0.31248562989699874,1.4855452253823125,7.578858167736336,0,0
2018-09-07,0.010922149905512834,0.32340777980251156,1.7641409329849513,5.382080677882341,0,0
2018-09-10,0.00028555703974041525,0.323693336842252,1.67739974133214,5.357102794235362,0,0
2018-09-11,0.0014757008697891105,0.3251690377120411,1.4928823286414465,5.092913799788698,0,0
2018-09-12,0.0045040516228514235,0.32967308933489253,1.5639762474945533,4.216109465142378,0,0
2018-09-13,-0.0032162414806179125,0.32645684785427465,1.4771273095008342,4.8977315932861645,0,0
2018-09-14,-0.010757132230579482,0.31569971562369514,1.3824350356548165,7.109702880619153,0,0
2018-09-17,0.0009483998131269713,0.31664811543682214,1.2723330372871484,6.953528699213515,0,0
2018-09-18,0.0011840211960203746,0.31783213663284254,1.3314245331511065,6.749289679334964,0,0
2018-09-19,-0.00037786864088125297,0.3174542679919613,1.3316129571733735,6.857107374438749,0,0
2018-09-20,-0.003962559865055419,0.3134917081269059,1.26751874053077,7.688668806947298,0,0
2018-09-21,0.0018427057919720273,0.31533441391887795,1.217663527632711,7.348090301963769,0,0
2018-09-24,-0.0019516191151260907,0.31338279480375186,1.155918583657891,7.776675318891913,0,0
2018-09-25,-0.009923382985050322,0.30345941181870156,1.03048593029931,9.834981169755007,0,0
2018-09-26,0.003009362475978775,0.30646877429468034,1.0249988174980236,9.26317215649241,0,0
2018-09-27,-0.0030470879176204236,0.3034216863770599,0.9826387745180238,9.908812401250934,0,0
2018-09-28,0.020357381819044763,0.3237790681961047,1.1540232923999514,5.82643750105204,0,0
2018-10-01,0.0032779744407192557,0.32705704263682395,1.1868092464692601,5.249323448504199,0,0
2018-10-02,-0.0033167160472416923,0.32374032658958224,1.1359526008655825,5.899893416713528,0,0
2018-10-03,-0.005958110485700061,0.3177822161038822,1.1658098856092869,7.047038922703178,0,0
2018-10-04,0.0044427464274463405,0.32222496253132854,1.0888077060562682,6.248692058432602,0,0
2018-10-05,0.0040645357192297836,0.3262894982505583,1.0156531918316947,5.519675041197479,0,0
2018-10-08,-9.806084157415354e-05,0.32619143740898415,0.9939346365493533,5.570089289148083,0,0
2018-10-09,-0.005099362018625833,0.32109207539035833,0.9731226405044189,6.564739695898768,0,0
2018-10-10,0.0031891971278791534,0.32428127251823746,1.1000771666694968,5.994448848992498,0,0
2018-10-11,0.0038964090561228984,0.32817768157436034,1.0882703240910998,5.2878886963325265,0,0
2018-10-12,0.0070954423831397434,0.3352731239575001,1.1054336701112353,3.9714231436570353,0,0
2018-10-15,0.0019108408911340563,0.33718396484863417,1.086178594885468,3.6419756993163994,0,0
2018-10-16,-0.0032612237770530926,0.3339227410715811,0.9124498561217301,4.293984640381403,0,0
2018-10-17,-0.005169934368755987,0.3287528067028251,0.8491981747376878,5.312356869253435,0,0
2018-10-18,-0.006227808911092902,0.32252499779173216,0.6484425735200787,6.532744073494704,0,0
2018-10-19,0.0018927056619356926,0.3244177034536678,0.7492440540491193,6.20444302987556,0,0
2018-10-22,2.4884341061657406e-05,0.3244425877947295,0.707015721493358,6.231691219334913,0,0
2018-10-23,-0.002047816027099941,0.3223947717676296,0.6893293756331779,6.657771265577314,0,0
2018-10-24,0.0027731385565958463,0.32516791032422543,0.77438113805104,6.153524650292883,0,0
2018-10-25,0.0015879352372236946,0.3267558455614491,0.7142279473696824,5.8772026770441235,0,0
2018-10-26,-0.001109773216637241,0.32564607234481185,0.6732579868307583,6.125826516124716,0,0
2018-10-29,-0.0033981646842613945,0.32224790766055045,0.5564643347061818,6.824777896133717,0,0
2018-10-30,0.004074910059197679,0.32632281771974814,0.5652081177210804,6.054460992603819,0,0
2018-10-31,-0.003583756338119558,0.32273906138162856,0.5515284676325696,6.7935392175211895,0,0
2018-11-01,-0.0031083771941857264,0.31963068418744284,0.5341068473682403,7.440594783905778,0,0
2018-11-02,0.001967263237350196,0.32159794742479303,0.7132717567129742,7.0819495090295135,0,0
2018-11-05,-0.0035276008687965795,0.3180703465559965,0.6620792032974662,7.817895509295083,0,0
2018-11-06,2.7072965883726788e-05,0.3180974195218802,0.5523321290045273,7.844486567818739,0,0
2018-11-07,0.001008350087699738,0.3191057696095799,0.6348637656685254,7.673523869456731,0,0
2018-11-08,-0.0022132674566277366,0.31689250215295217,0.6385042656549929,8.153517783001828,0,0
2018-11-09,-0.0048642772508206275,0.31202822490213156,0.5780604483249372,9.174650236416397,0,0
2018-11-12,-0.006781473192957365,0.3052467517091742,0.48852194999078735,10.58580499865297,0,0
2018-11-13,-0.0003196885229596922,0.3049270631862145,0.4726816672613923,10.682494938226052,0,0
2018-11-14,0.0048527735335885044,0.30977983671980297,0.38753933248138767,9.727007010210087,0,0
2018-11-15,0.01061864476300685,0.3203984814828098,0.5468385487456824,7.5979060723744976,0,0
2018-11-16,-0.004977634766665622,0.3154208467161442,0.5449985366846277,8.62226337319683,0,0
2018-11-19,-0.00025210095835142936,0.31516874575779275,0.5718211711668398,8.704536186278956,0,0
2018-11-20,-0.007447401800236573,0.3077213439575562,0.4990101330296024,10.229979386431097,0,0
2018-11-21,0.0004573753419209476,0.30817871929947716,0.5396217815595235,10.170912006865228,0,0
2018-11-22,0.0008370829353995913,0.30901580223487674,0.47458474386770194,10.03527638175688,0,0
2018-11-23,0.0007318905813703449,0.3097476928162471,0.43827331985326173,9.919882861766137,0,0
2018-11-26,-0.0003514536596223917,0.3093962391566247,0.40295460870917954,10.0230758929889,0,0
2018-11-27,0.002171576450706729,0.3115678156073314,0.45656544445420366,9.612716720381517,0,0
2018-11-28,-0.003381385309569291,0.3081864302977621,0.3356383969112718,10.336746536337703,0,0
2018-11-29,0.005373702972909061,0.31356013327067117,0.43537695604729737,9.26568939423859,0,0
2018-11-30,0.006208822705818226,0.3197689559764894,0.5001778949463773,8.024789799772233,0,0
2018-12-03,0.0010800046088611033,0.3208489605853505,0.4915959100752482,7.836165234114199,0,0
2018-12-04,0.0040155104353692276,0.32486447102071975,0.47640086780319235,7.04332828697067,0,0
2018-12-05,-0.0038902361305861864,0.32097423489013355,0.40434600605474724,7.87592137291421,0,0
2018-12-06,-0.002449226678015302,0.31852500821211827,0.37176606461336137,8.41300721397399,0,0
2018-12-07,0.0002705565658230589,0.3187955647779413,0.4163678617240639,8.388982354464469,0,0
2018-12-10,0.008363640906138333,0.32715920568407963,0.534433652133186,6.678822888240728,0,0
2018-12-11,0.0027758262352427666,0.3299350319193224,0.558716201647551,6.1392619464047025,0,0
2018-12-12,0.004353879182639407,0.3342889111019618,0.6250129532906376,5.27127739723192,0,0
2018-12-13,0.0072970911894844545,0.34158600229144626,0.6969845634220896,3.7932504929838173,0,0
2018-12-14,-0.00015362673093383518,0.3414323755605124,0.6565385362609804,3.856819536696972,0,0
2018-12-17,0.0007070518600120008,0.34213942742052444,0.6790296279680464,3.742737199230697,0,0
2018-12-18,-0.0007396278646347883,0.34139979955588967,0.5820484500909854,3.9284350897297498,0,0
2018-12-19,0.004409727071876403,0.3458095266277661,0.6262086743162978,3.0389571354624545,0,0
2018-12-20,-0.0030609141361312158,0.34274861249163485,0.5892638197803225,3.7111511109482294,0,0
2018-12-21,-0.0014133336301747853,0.3413352788614601,0.5707730547259939,4.039763537142306,0,0
2018-12-24,-0.000964155367825705,0.3403711234936344,0.6143263671153321,4.275179291302862,0,0
2018-12-25,-0.002139806554423124,0.33823131693921127,0.5456465080700882,4.7611265802366685,0,0
2018-12-26,0.001995388765693622,0.3402267057049049,0.5710309283174958,4.367891105263278,0,0
2018-12-27,0.0011692855630843545,0.34139599126798925,0.5457956319884275,4.14952889745772,0,0
2018-12-28,-0.0001545076670412666,0.34124148360094797,0.5140172799639372,4.2148013682000975,0,0
2018-12-31,0.004567892126124621,0.3458093757270726,0.6333502555854214,3.2577195074276246,0,0
2019-01-01,-0.001384699197663504,0.3444246765294091,0.6079485829884621,3.5895966519495506,0,0
2019-01-02,-0.0026000332027886898,0.34182464332662044,0.5703580901625684,4.1876304468768275,0,0
2019-01-03,-0.00054055964316402,0.3412840836834564,0.5249057688758177,4.337780961809889,0,0
2019-01-04,-0.004483863294327444,0.336800220389129,0.409920119534256,5.355351933415541,0,0
2019-01-07,-0.0012686796477376543,0.33553154074139135,0.391706622794404,5.6662652957734885,0,0
2019-01-08,0.010471322627439257,0.3460028633688306,0.5216456954770249,3.383989005281567,0,0
2019-01-09,0.002322178682812184,0.34832504205164283,0.5720531478665897,2.9151458165559294,0,0
2019-01-10,-0.01053848124039323,0.3377865608112496,0.39489233672541885,5.2299595814456445,0,0
2019-01-11,-0.003983077510175985,0.3338034833010736,0.3228874925093332,6.104628503646626,0,0
2019-01-14,-0.003457814255359301,0.33034566904571433,0.19335906458798435,6.86939383623724,0,0
2019-01-15,-0.0010930278831148604,0.32925264116259945,0.20654378578465615,7.133648431509063,0,0
2019-01-16,0.0017280247375003972,0.33098066590009984,0.20615814869760313,6.796477517918595,0,0
2019-01-17,0.003653622541747976,0.33463428844184784,0.30014623551134234,6.044015521251108,0,0
2019-01-18,0.0027422920189223788,0.33737658046077024,0.2758695374681148,5.485920926829263,0,0
2019-01-21,0.004249459314317112,0.3416260397750874,0.34016233622954184,4.600062328278511,0,0
2019-01-22,0.003930156556240043,0.3455561963313274,0.36668177020979653,3.7824029867812703,0,0
2019-01-23,0.001068033443569196,0.3466242297748966,0.3729950083988037,3.5831422645610935,0,0
2019-01-24,0.001788065546431409,0.348412295321328,0.4450783085846136,3.225845169621889,0,0
2019-01-25,0.0048675673600338575,0.35327986268136186,0.505107852260927,2.192862012340279,0,0
2019-01-28,-0.0009245020519652932,0.35235536062939654,0.45543702241455025,2.426990599400801,0,0
2019-01-29,0.0010938042453052786,0.3534491648747018,0.5193994659337409,2.2185385213823476,0,0
2019-01-30,0.001731184997563971,0.35518034987226577,0.4756614037729639,1.8678888551357913,0,0
2019-01-31,0.0019290795861122982,0.3571094294583781,0.5188090339121437,1.4713910864049173,0,0
2019-02-01,-0.00414361736358011,0.352965812094798,0.4613283538943333,2.4281691567640356,0,0
2019-02-04,-0.004864315003347466,0.34810149709145055,0.3832120102855892,3.546695811138966,0,0
2019-02-05,0.0013584328419798666,0.3494599299334304,0.4194112105657816,3.2755928406882866,0,0
2019-02-06,-0.006359030431128436,0.34310089950230194,0.3352744361294724,4.733974776762035,0,0
2019-02-07,0.006918124271917585,0.3500190237742195,0.5576704952966025,3.2233411335408215,0,0
2019-02-08,-0.0015204883858568046,0.34849853538836273,0.5922480513211442,3.591742487359324,0,0
2019-02-11,-0.0018511483525283368,0.3466473870358344,0.6387423012664502,4.035400839142688,0,0
2019-02-12,0.007729535792498696,0.3543769228283331,0.8126944897865795,2.3402967205770513,0,0
2019-02-13,2.2175701906059896e-05,0.35439909853023915,0.8061591718050545,2.3674064087435966,0,0
2019-02-14,0.00449529784071972,0.3588943963709589,0.7641644076372306,1.4004645927563535,0,0
2019-02-15,-0.006670839724494452,0.35222355664646443,0.6773330639931825,2.9148944970940005,0,0
2019-02-18,-0.0009405507722518068,0.35128300587421263,0.6968546213676668,3.154493818068318,0,0
2019-02-19,-0.0003930113361412318,0.3508899945380714,0.5988263309649753,3.273725703253265,0,0
2019-02-20,-0.006869953228664326,0.34402004130940705,0.46370569305807996,4.839177242447219,0,0
2019-02-21,0.005237849345508582,0.34925789065491564,0.44395761993453753,3.711015865062614,0,0
2019-02-22,-0.006332601379544332,0.3429252892753713,0.27438237555196965,5.142901666775989,0,0
2019-02-25,-0.00045711804312023683,0.34246817123225104,0.26702336413866173,5.275408450863341,0,0
2019-02-26,-0.006790461698448548,0.3356777095338025,0.15222456679144553,6.808863186394588,0,0
2019-02-27,0.004801719305166833,0.3404794288389693,0.23911603491642125,5.786726182442155,0,0
2019-02-28,-0.0026004300600816796,0.3378789987788876,0.17287275832675256,6.38925692616796,0,0
2019-03-01,-0.004276744898945414,0.3336022538799422,0.15613574764646457,7.363218788459677,0,0
2019-03-04,0.0029590888420043164,0.3365613427219465,0.17950705358422506,6.74306664992365,0,0
2019-03-05,0.0012144588459249927,0.33777580156787146,0.21891099628401295,6.5065303177136045,0,0
2019-03-06,0.0006291364000970536,0.3384049379679685,0.37465802679805604,6.3986753028264935,0,0
2019-03-07,0.006589544392223501,0.344994482360192,0.49249142566977,4.957434418970772,0,0
2019-03-08,-0.0032274589854748045,0.34176702337471715,0.46934158052546904,5.706217167228221,0,0
2019-03-11,0.0015556706733946615,0.34332269404811183,0.5415055867854625,5.391764845325952,0,0
2019-03-12,-0.004337394789570405,0.33898529925854143,0.46822320930977973,6.394669036165738,0,0
2019-03-13,0.0034016303254021385,0.34238692958394357,0.6327755136020796,5.664996538446779,0,0
2019-03-14,0.0009203683892016054,0.3433072979731452,0.71292902714178,5.490421231578604,0,0
2019-03-15,-0.00048431210563232296,0.34282298586751286,0.7021041799017446,5.631741069734137,0,0
2019-03-18,-0.0022890487849834863,0.3405339370825294,0.6771474095055374,6.183351927534093,0,0
2019-03-19,0.0055264865756392174,0.3460604236581686,0.6815229779325206,4.955586040655553,0,0
2019-03-20,-0.002763370237423716,0.34329705342074485,0.6498181143443399,5.615398777738932,0,0
2019-03-21,0.0012560583170280835,0.3445531117377729,0.6450948476766868,5.3610489784342255,0,0
2019-03-22,0.0007627777169558162,0.34531588945472874,0.6343638176403449,5.2182342833379405,0,0
2019-03-25,0.0059290954710907035,0.35124498492581946,0.740911516498047,3.8837021790366064,0,0
2019-03-26,-0.0013849817546783215,0.34986000317114113,0.6651674104304832,4.233344366820301,0,0
2019-03-27,-0.009112061162126988,0.34074794200901415,0.527824528886744,6.365996912341174,0,0
2019-03-28,0.0015645895619861969,0.34231253157100033,0.5583772559318546,6.044182430662313,0,0
2019-03-29,-0.00534426811528959,0.33696826345571074,0.5065831847588688,7.290887843692611,0,0
2019-04-01,0.00369366352196795,0.34066192697767866,0.5468728025621917,6.485649187526791,0,0
2019-04-02,-0.0026157455088164855,0.3380461814688622,0.46794617749745754,7.111593910638408,0,0
2019-04-03,0.0002926286334721881,0.33833881010233435,0.5139033570943996,7.076910021764568,0,0
2019-04-04,-8.682894389229023e-05,0.33825198115844207,0.48320596846137054,7.12882258452371,0,0
2019-04-05,-0.001594975168955432,0.3366570059894866,0.45439417930502984,7.528556683569233,0,0
2019-04-08,-0.0035643127994021027,0.3330926931900845,0.47165755940801046,8.38643757074437,0,0
2019-04-09,-0.0010076452170239636,0.33208504797306054,0.459084677508924,8.652351430130736,0,0
2019-04-10,-0.0017977930771985989,0.33028725489586197,0.4349708814407428,9.103966442954366,0,0
2019-04-11,0.0013144752678772669,0.33160173016373923,0.4136676135624079,8.827714379113166,0,0
2019-04-12,-0.0010853667941999783,0.33051636336953927,0.37764865380975293,9.115589286603315,0,0
2019-04-15,-0.0004209250038124132,0.33009543836572686,0.46090340876879754,9.247364770067966,0,0
2019-04-16,-0.0002810704932218384,0.329814367872505,0.47691842136011015,9.346374438500892,0,0
2019-04-17,-0.0017350433958879335,0.3280793244766171,0.5859906119650475,9.794361361508852,0,0
2019-04-18,-0.0013739004496099243,0.32670542402700714,0.4823171578480958,10.157339645905168,0,0
2019-04-19,-0.0032379210237738383,0.3234675030032333,0.49047473229015315,10.97337540268872,0,0
2019-04-22,-0.0008950701507683011,0.322572432852465,0.4205790615274849,11.22259707526732,0,0
2019-04-23,-0.0008322467128278634,0.3217401861396371,0.3309994134812133,11.457687300751184,0,0
2019-04-24,0.0019301758838042745,0.3236703620234414,0.4158312167357373,11.01608893344746,0,0
2019-04-25,-0.0012050375458913603,0.32246532447755005,0.3349159002081626,11.345104490622989,0,0
2019-04-26,0.0033832205315748026,0.32584854500912486,0.3528322103719735,10.538848253934864,0,0
2019-04-29,-0.0027883639387408185,0.32306018107038403,0.3722635164198545,11.262917120742154,0,0
2019-04-30,-0.00892003803967702,0.31414014303070703,0.3878374337377371,13.515495302052793,0,0
2019-05-01,-0.0024384246390763615,0.3117017183916307,0.28376044971614434,14.141273456058018,0,0
2019-05-02,0.0005887521999624555,0.31229047059159315,0.2929102626844917,14.029382435959462,0,0
2019-05-03,0.001795371963992716,0.31408584255558586,0.5146488862792838,13.620085732230256,0,0
2019-05-06,0.0009809606208654928,0.31506680317645136,0.4760514043435737,13.409850049014942,0,0
2019-05-07,3.345330339116822e-05,0.3151002564798425,0.349733351150366,13.433553063837346,0,0
2019-05-08,0.005963157155888928,0.32106341363573143,0.3928276643549747,11.976378463808032,0,0
2019-05-09,-0.005647462648705539,0.3154159509870259,0.2846532977003785,13.40897251050741,0,0
2019-05-10,-0.004533507567834025,0.31088244341919186,0.18324972099567904,14.559144624524162,0,0
2019-05-13,-0.009941665200585738,0.3009407782186061,0.0320836403583588,17.03968990366642,0,0
2019-05-14,-0.003784418572103246,0.29715635964650283,-0.07966201969267978,17.978123885208014,0,0
2019-05-15,0.008052703916044977,0.3052090635625478,0.0497570447262076,16.07941119512113,0,0
2019-05-16,-0.003194188475284118,0.30201487508726366,-0.012514736628570907,16.865539051327445,0,0
2019-05-17,0.008737221984388218,0.31075209707165186,0.12373503732461108,14.82964168053214,0,0
2019-05-20,0.004568268854486977,0.3153203659261388,0.20129131054164073,13.800229656056166,0,0
2019-05-21,-0.0016858629972556216,0.3136345029288832,0.21333924768808524,14.223658712903399,0,0
2019-05-22,-0.0021063916509523085,0.31152811127793084,0.2440999059300715,14.747120985970378,0,0
2019-05-23,-0.004926905434443623,0.3066012058434872,0.1559544020053805,15.933691980091107,0,0
2019-05-24,0.006583809166395551,0.3131850150098828,0.19567124197822902,14.4258059375181,0,0
2019-05-27,0.00742682678776427,0.32061184179764707,0.17772132538050386,12.734265783437577,0,0
2019-05-28,-0.0009307520247627387,0.31968108977288434,0.19026669738405863,12.979871535462753,0,0
2019-05-29,-0.0037323416976665913,0.3159487480752178,0.16134133845955825,13.873142394834103,0,0
2019-05-30,0.0009799718863070022,0.3169287199615248,0.12373594373784663,13.678680748616667,0,0
2019-05-31,0.0038330000942888008,0.32076172005581355,0.18254831137254585,12.820020085732882,0,0
2019-06-03,0.0029708110473120417,0.3237325311031256,0.2025383247481394,12.160884355853337,0,0
2019-06-04,0.004790620815774571,0.3285231519189002,0.2541224288517444,11.075020310228874,0,0
2019-06-05,0.0016912529394840104,0.3302144048583842,0.24198042777350434,10.71294663309605,0,0
2019-06-06,-0.0028254738403552804,0.3273889310180289,0.26751071946868865,11.406543526022043,0,0
2019-06-07,0.0002133443982406775,0.3276022754162696,0.2915859407793413,11.388435826261471,0,0
2019-06-10,0.002185155686259892,0.32978743110252945,0.2966048163533338,10.904162126596812,0,0
2019-06-11,-0.0014780564100806903,0.32830937469244875,0.24011736462725428,11.286869492082259,0,0
2019-06-12,-0.0009806430128223454,0.3273287316796264,0.23373500773119807,11.552736525951206,0,0
2019-06-13,0.00109060449689172,0.32841933617651814,0.18068969183652112,11.323241424656452,0,0
2019-06-14,-0.0033605319012783765,0.32505880427523975,0.13851151681102308,12.165382514172626,0,0
2019-06-17,0.002361186368013836,0.3274199906432536,0.17340695782803753,11.627047752556187,0,0
2019-06-18,0.0011203518922523414,0.32854034253550596,0.21226780202478224,11.387381504472366,0,0
2019-06-19,0.013955322111265123,0.34249566464677106,0.39643193636443896,8.017202992568503,0,0
2019-06-20,0.0010784004613409994,0.34357406510811206,0.4458921705990412,7.800952628180865,0,0
2019-06-21,-0.0008518124359754597,0.3427222526721366,0.4297531294278454,8.030123780806836,0,0
2019-06-24,-0.002450390186028541,0.340271862486108,0.3181425096519546,8.63246121805819,0,0
2019-06-25,0.002440173718184709,0.34271203620429275,0.42717489416955834,8.094306453101952,0,0
2019-06-26,0.0010361940468665903,0.34374823025115936,0.44097231512587204,7.883257616671867,0,0
2019-06-27,0.004329228285738314,0.3480774585368977,0.5059194491820952,6.8942356906063,0,0
2019-06-28,-0.004020780138984866,0.3440566783979128,0.4600846578825645,7.8742984021010685,0,0
2019-07-01,-0.00016580435831059547,0.3438908740396022,0.48607642658022854,7.945425113801159,0,0
2019-07-02,-0.005101781102266192,0.33878909293733606,0.40706029578033254,9.188036928388811,0,0
2019-07-03,0.003546280650365173,0.3423353735877012,0.4252201032104963,8.380789475292355,0,0
2019-07-04,0.0027972404707843905,0.3451326140584856,0.4712358156405686,7.749681714487746,0,0
2019-07-05,0.0039386100102108985,0.3490712240686965,0.5876122760718626,6.844980725029674,0,0
2019-07-08,-0.0016737445254835317,0.347397479543213,0.39168548059031333,7.27533311586661,0,0
2019-07-09,0.00473942788559246,0.35213690742880543,0.3926837635356529,6.173891428002915,0,0
2019-07-10,-0.0005192126087915127,0.3516176948200139,0.43086307990927447,6.329869640790584,0,0
2019-07-11,0.0012497735028071729,0.3528674683228211,0.6777000303146086,6.061776808460909,0,0
2019-07-12,-0.0027360994234263154,0.3501313688993948,0.4932533718936083,6.754252830980903,0,0
2019-07-15,0.0036818059361965827,0.3538131748355914,0.5378053352575765,5.894619583324578,0,0
2019-07-16,0.0009433874841555771,0.35475656231974695,0.6992082805113035,5.697894237336039,0,0
2019-07-17,0.01247582043965388,0.36723238275940084,1.1113444976687932,2.6884062698037923,0,0
2019-07-18,0.0010320285298171634,0.368264411289218,1.1540589705098498,2.479952040468758,0,0
2019-07-19,0.004882266179052362,0.37314667746827035,1.2435688665666993,1.3681837295212884,0,0
2019-07-22,0.0027904926046433305,0.37593717007291366,1.2765280404132973,0.7476132240317568,0,0
2019-07-23,0.011867863715009953,0.38780503378792364,1.289886434973253,0.0,0,0
2019-07-24,-0.0012141844962987006,0.38659084929162496,1.3230015141612517,0.30645096700460456,0,0
2019-07-25,0.005825163638691042,0.392416012930316,1.480478277480582,0.0,0,0
2019-07-26,-0.009246560171121142,0.3831694527591949,1.3528372015200196,2.1241758560839,0,0
2019-07-29,0.003435383479495021,0.3866048362386899,1.3144344783773954,1.3935313198244244,0,0
2019-07-30,-0.0004052496915295028,0.3861995865471604,1.2450535284255448,1.5157227446402013,0,0
2019-07-31,0.002887894628219056,0.38908748117537945,1.1869804387296181,0.9013822475185183,0,0
2019-08-01,0.004697060252480177,0.3937845414278596,1.277784652891801,0.0,0,0
2019-08-02,-0.009805509122918759,0.38397903230494085,1.0976064053003076,2.2325669221622952,0,0
2019-08-05,-0.0024310953165298495,0.381547936988411,1.1800771851935556,2.798508704686087,0,0
2019-08-06,-0.010594162449430131,0.3709537745389809,1.0390103360144065,5.166887366407948,0,0
2019-08-07,0.011655520898577021,0.3826092954375579,1.1682248350318323,2.6918552463330543,0,0
2019-08-08,-0.0012459177867240555,0.38136337765083383,1.2447678034466612,2.984073044830228,0,0
2019-08-09,-0.0016925914246630847,0.37967078622617073,1.099955209684573,3.3714861521584107,0,0
2019-08-12,0.006558505221376998,0.38622929144754775,1.129258647893618,2.0194031704218025,0,0
2019-08-13,-0.00025655908609543434,0.3859727323614523,1.0554166066048516,2.1052735327753322,0,0
2019-08-14,0.0009067516193074238,0.3868794839807597,1.0854554458585335,1.9458228808336033,0,0
2019-08-15,0.00404469628093187,0.39092418026169157,1.1330109762386147,1.1190332534914715,0,0
2019-08-16,-0.0064940766865109615,0.3844301035751806,1.1030754111508208,2.531994412766021,0,0
2019-08-19,-0.0005815736054764841,0.3838485299697041,1.070148675654835,2.687034838166452,0,0
2019-08-20,0.003004760088973375,0.38685329005867747,1.1245600387262549,2.079764543360921,0,0
2019-08-21,-0.001556285486164486,0.385297004572513,1.0660676332693275,2.4440123945389436,0,0
2019-08-22,-0.010137913341953788,0.3751590912305592,0.8322973694971803,4.651424441446924,0,0
2019-08-23,0.0009924480153542332,0.37615153924591344,0.8970503144799808,4.474896339498147,0,0
2019-08-26,-0.0020991997213600996,0.37405233952455336,0.8579278208505283,4.950441349657376,0,0
2019-08-27,-0.0026801519377879102,0.37137218758676543,0.6753807355169213,5.551365215932877,0,0
2019-08-28,0.006789223328600444,0.37816141091536587,0.7636817283801095,4.136598542856312,0,0
2019-08-29,-0.006663162477233609,0.3714982484381323,0.6466848658118517,5.5796890821123935,0,0
2019-08-30,-0.004970067566472029,0.3665281808716603,0.5140630780276556,6.658286470336938,0,0
2019-09-02,0.008430612067932726,0.374958792939593,0.6728096487440133,4.915963405978896,0,0
2019-09-03,0.004950576617664027,0.379909369557257,0.8992435920259441,3.9186806092358037,0,0
2019-09-04,0.004251873878407607,0.3841612434356646,0.9440785645419011,3.0669692162914,0,0
2019-09-05,-0.0012597399074666528,0.38290150352819796,0.9097751014190304,3.3611360652074986,0,0
2019-09-06,0.0004227398811469795,0.38332424340934496,0.921003120104263,3.3046968650252873,0,0
2019-09-09,-0.0011835196676062013,0.38214072374173874,0.9613444967378142,3.5857530100800634,0,0
2019-09-10,-0.0014327319631786111,0.38070799177856013,0.9154402173570086,3.9208879577417575,0,0
2019-09-11,-0.000508760376165446,0.3801992314023947,0.9360402181535121,4.061102344112799,0,0
2019-09-12,0.000475817679855878,0.3806750490822506,1.0929561114937039,3.9913334648354413,0,0
2019-09-13,0.0017463827471114125,0.382421431829362,1.0756437895629871,3.647647488992852,0,0
2019-09-16,-0.007617483947039176,0.37480394788232285,1.0057455608276398,5.326531190622502,0,0
2019-09-17,0.0010718798822397701,0.37587582776456263,0.7653387594233666,5.129049202917985,0,0
2019-09-18,-0.004276502646204221,0.3715993251183584,0.6536221103916846,6.081686926380546,0,0
2019-09-19,0.0006092613414249964,0.3722085864597834,0.7121593873873966,5.9824218064101915,0,0
2019-09-20,-0.0033401978947085516,0.3688683885650748,0.7526898742082144,6.738222604826275,0,0
2019-09-23,-0.008440699301125364,0.36042768926394947,0.559473911867958,8.604279176042127,0,0
2019-09-24,0.005104242688755405,0.3655319319527049,0.5741333199093849,7.541962823793772,0,0
2019-09-25,-0.002471386238259935,0.36306054571444496,0.5390175720539108,8.103225495948834,0,0
2019-09-26,-0.006573840932609591,0.35648670478183536,0.5164885834045745,9.548895614971622,0,0
2019-09-27,-0.0022612481349193136,0.35422545664691607,0.4371237706053996,10.06440674758145,0,0
2019-09-30,0.0017286530353977255,0.3559541096823138,0.40598528387131605,9.725156661580794,0,0
2019-10-01,-0.0014091180472494216,0.35454499163506437,0.2830990089124868,10.061308991459464,0,0
2019-10-02,0.0020471425253029887,0.35659213416036734,0.2850852965314043,9.649143328374386,0,0
2019-10-03,0.001119761640765785,0.3577118958011331,0.3498199083768288,9.437066551877951,0,0
2019-10-04,-0.0042687609426180105,0.3534431348585151,0.36341286205931383,10.404648222425932,0,0
2019-10-07,-3.2800701513808345e-05,0.3534103341570013,0.45658629297597475,10.443851434838113,0,0
2019-10-08,0.0069194982465216135,0.3603298324035229,0.5284236510962095,8.94945523078477,0,0
2019-10-09,0.0002892499018021773,0.3606190823053251,0.5323131910040819,8.918139247264294,0,0
2019-10-10,0.0087556784610183,0.3693747607663434,0.6861800660722849,7.022216768903147,0,0
2019-10-11,-0.0015467333397638544,0.36782802742657955,0.623335033604486,7.38961163097886,0,0
2019-10-14,0.003754431984894856,0.3715824594114744,0.6542357664581916,6.60334785562727,0,0
2019-10-15,-0.0009186668301739075,0.3706637925813005,0.6570568233252891,6.835960213135181,0,0
2019-10-16,0.0031879718300792757,0.3738517644113798,0.7534987243404342,6.16796428680253,0,0
2019-10-17,-0.0020066673676351365,0.37184509704374463,0.6654243559884934,6.641887632573773,0,0
2019-10-18,0.0021373308082338394,0.3739824278519785,0.7498920938692014,6.201017179577638,0,0
2019-10-21,0.006567402668040735,0.3805498305200192,0.8887160679128485,4.773480859605958,0,0
2019-10-22,-0.0037550660673507773,0.37679476445266846,0.8041358618209656,5.634654503914455,0,0
2019-10-23,0.005357050642572816,0.38215181509524127,0.9323806773594707,4.481632975600865,0,0
2019-10-24,0.005088223851051706,0.387240038946293,1.003557167375145,3.390682855421424,0,0
2019-10-25,-0.012140944029494907,0.3750990949167981,0.7999220954728746,6.098162697600795,0,0
2019-10-28,-0.003463822361350874,0.3716352725554472,0.7814469162879903,6.86784321930517,0,0
2019-10-29,-0.0005431991566402348,0.37109207339880695,0.845313137859623,7.015838630101895,0,0
2019-10-30,-0.006486169946593666,0.3646059034522133,0.8498926532304306,8.440716504849208,0,0
2019-10-31,0.004494034981983902,0.3690999384341972,0.9171489414709972,7.512825371584533,0,0
2019-11-01,-0.004118851769862008,0.3649810866643352,0.7891160082055633,8.424995290579586,0,0
2019-11-04,0.002244132496389855,0.36722521916072504,0.6766522040065233,7.976832316373476,0,0
2019-11-05,-0.0030648254508937565,0.3641603937098313,0.7054800400650566,8.667532754188619,0,0
2019-11-06,0.0011421814116891282,0.3653025751215204,0.7256088172123488,8.453262720603615,0,0
2019-11-07,0.003212677022661658,0.36851525214418207,0.8845258883273406,7.7887811016144415,0,0
2019-11-08,-0.007914777366785445,0.36060047477739665,0.7574261232687988,9.54176743786466,0,0
2019-11-11,0.005683420491598433,0.3662838952689951,0.8249139156779645,8.351674346379593,0,0
2019-11-12,0.00016656753507168797,0.3664504628040668,0.8167921372198246,8.347967743192225,0,0
2019-11-13,0.004458891296263544,0.3709093541003303,0.8844796383971816,7.41835902816554,0,0
2019-11-14,0.007998978614069405,0.3789083327143997,0.9626848070959572,5.724538011166888,0,0
2019-11-15,0.007978105898903116,0.38688643861330285,1.1198676803548517,4.054451742228562,0,0
2019-11-18,-0.0025168495324599913,0.38436958908084284,1.0094153791017502,4.617663902730732,0,0
2019-11-19,0.002563039513913644,0.38693262859475647,0.9603737451584325,4.106477452393322,0,0
2019-11-20,0.0030790634472695156,0.39001169204202596,0.9882278612317329,3.483269887728211,0,0
2019-11-21,-0.0036350672828143436,0.38637662475921164,0.8788182222713341,4.291359844136122,0,0
2019-11-22,-0.0005039220590684524,0.3858727027001432,0.928770962190455,4.43120214460693,0,0
2019-11-25,-0.0002875906979300501,0.3855851120022131,0.9603998424152672,4.525104534099936,0,0
2019-11-26,-0.002166402239515255,0.3834187097626979,0.9249401275285178,5.026041469977485,0,0
2019-11-27,0.006410235985194182,0.38982894574789206,0.8995532337034675,3.6642672629596484,0,0
2019-11-28,-0.003597051532149744,0.38623189421574233,0.8073925327632535,4.474186760549756,0,0
2019-11-29,-0.003683601716312729,0.3825482924994296,0.6922675631679952,5.304636530237601,0,0
2019-12-02,0.00404873785416262,0.3865970303535922,0.6480523741696447,4.457227296506345,0,0
2019-12-03,-0.0020842029354014475,0.38451282741819076,0.6199357658862267,4.942532518341068,0,0
2019-12-04,0.0027194682525445747,0.38723229567073536,0.6484792366145165,4.380363647548361,0,0
2019-12-05,-0.004155160514074141,0.3830771351566612,0.5982545794667239,5.323628166306403,0,0
2019-12-06,0.005462211398806361,0.38853934655546757,0.6127290912261211,4.1565682617437005,0,0
2019-12-09,0.004057505318160326,0.3925968518736279,0.7144755328279371,3.300101495501945,0,0
2019-12-10,-0.0035570885663320194,0.3890397633072959,0.6829438427958754,4.11195376391168,0,0
2019-12-11,0.0029388517483351605,0.39197861505563103,0.7383531925077962,3.498205080431111,0,0
2019-12-12,-0.0011053440801474556,0.3908732709754836,0.7534452654714795,3.77391036301038,0,0
2019-12-13,-0.0013498460294862368,0.38952342494599734,0.705624404471102,4.105141945816689,0,0
2019-12-16,-0.0025919974307863536,0.386931427515211,0.651334728040569,4.714751154611112,0,0
2019-12-17,-0.002744360704146187,0.3841870668110648,0.6137614454104315,5.360666888299818,0,0
2019-12-18,-0.0063176514229324335,0.37786941538813235,0.45715019958915404,6.811003363328663,0,0
2019-12-19,-0.0014099904503039053,0.3764594249378284,0.4567859858178855,7.157735448036414,0,0
2019-12-20,0.00208748082833997,0.3785469057661684,0.5238217028962824,6.721369965952807,0,0
2019-12-23,-0.005535748875739742,0.37301115689042863,0.4511152840168693,8.001058834534412,0,0
2019-12-24,-0.0060756683107263875,0.36693548857970226,0.4277389861612146,9.398080727972502,0,0
2019-12-25,-0.0011498958513002796,0.365785592728402,0.42943865882833016,9.687164235446625,0,0
2019-12-26,-0.002718596977616441,0.36306699575078555,0.2446875207597058,10.33023768840795,0,0
2019-12-27,0.004601403283735482,0.36766839903452103,0.2769304275555139,9.324238626734022,0,0
2019-12-30,-0.0025654723145456587,0.36510292671997535,0.39539343426767487,9.934723038691196,0,0
2019-12-31,0.0003723246462286971,0.36547525136620407,0.45924246157143034,9.88245603077394,0,0
2020-01-01,0.0008900295984243936,0.36636528096462845,0.5229648784585325,9.711847067733991,0,0
2020-01-02,0.00022487324396404612,0.3665901542085925,0.5421866571267207,9.692378867403205,0,0
2020-01-03,0.0012438463715203798,0.36783400058011284,0.5352289513837383,9.438004825783446,0,0
2020-01-06,-0.002202139423722167,0.3656318611563907,0.45051349370140253,9.979729082634044,0,0
2020-01-07,-0.0007228752400492485,0.3649089859163414,0.4004133166734321,10.179773407464449,0,0
2020-01-08,-0.003305763764551093,0.3616032221517903,0.29071054916467204,10.984544772093095,0,0
2020-01-09,0.006877433669671129,0.36848065582146144,0.3324977955560892,9.405138606585222,0,0
2020-01-10,0.0017835480976104118,0.37026420391907183,0.3428068686692246,9.023034038897203,0,0
2020-01-13,-0.0051989871481375885,0.36506521677093423,0.24085555958054963,10.267957039481674,0,0
2020-01-14,-0.003427195659653573,0.3616380211112807,0.12102713172663065,11.097369711145015,0,0
2020-01-15,0.008460643059634601,0.3700986641709153,0.25506662901233795,9.156716703973514,0,0
2020-01-16,0.0014863180385982708,0.3715849822095136,0.2606833899742761,8.84779476515977,0,0
2020-01-17,0.0020155089719100907,0.3736004911814237,0.26474224449292816,8.41512269192964,0,0
2020-01-20,-0.01187798554490015,0.36172250563652353,0.06537174871734498,11.198050232111141,0,0
2020-01-21,-0.007437169173816435,0.3542853364627071,0.018627588254733592,12.890986387294989,0,0
2020-01-22,0.00029419812527110736,0.3545795345879782,0.09166683040332772,12.85794668906759,0,0
2020-01-23,-0.0017006200916034394,0.35287891449637476,0.04837435258380129,13.268141859183817,0,0
2020-01-24,-0.002777311784059894,0.3501016027123149,0.099378710820252,13.92083534302338,0,0
2020-01-27,0.0025009216092675246,0.3526025243215824,0.03682825154838203,13.39194526484194,0,0
2020-01-28,0.0023356191002759275,0.3549381434218583,0.09176972066428284,12.898054607413604,0,0
2020-01-29,0.00527444465128595,0.36021258807314427,0.19284925651680998,11.737477930412853,0,0
2020-01-30,-0.0027532949920227876,0.35745929308112145,0.04405014661615203,12.390520665871177,0,0
2020-01-31,0.00797289567524541,0.36543218875636685,0.156667271044428,10.617784229611896,0,0
2020-02-03,0.00710268511325091,0.37253487386961776,0.19310866544640434,9.06247281885768,0,0
2020-02-04,-0.0011995825426177227,0.37133529132700005,0.27176011095983127,9.36025748564392,0,0
2020-02-05,0.003511771583467967,0.37484706291046804,0.334708427208888,8.610024199205734,0,0
2020-02-06,0.0002421837752410422,0.3750892466857091,0.3437383585160372,8.587966660950537,0,0
2020-02-07,0.009808471626378563,0.38489771831208763,0.578046083218464,6.417618299346816,0,0
2020-02-10,0.0017619025603871688,0.3866596208724748,0.5301269727450694,6.062484654652431,0,0
2020-02-11,0.00020655165167243533,0.38686617252414723,0.6254671010465914,6.048885059350027,0,0
2020-02-12,-0.0037103444821594317,0.3831558280419878,0.5783020789045396,6.904914154791798,0,0
2020-02-13,0.00939546995787106,0.39255129799985883,0.8054408310969221,4.846452882484952,0,0
2020-02-14,-0.005739742905188123,0.3868115550946707,0.6552204759623411,6.131519966741386,0,0
2020-02-17,0.006331453592367371,0.39314300868703805,0.7792209171181342,4.78579732612259,0,0
2020-02-18,-0.0013286767472896603,0.3918143319397484,0.8222490837379139,5.105448332095133,0,0
2020-02-19,-0.001188017216376841,0.39062631472337156,0.7640900921983023,5.396013957752599,0,0
2020-02-20,0.0009050039800153935,0.391531318703387,0.7597563446765492,5.229996805892385,0,0
2020-02-21,-0.00443357323500992,0.38709774546837705,0.6867415486899178,6.2375258307548025,0,0
2020-02-24,0.005098838439507785,0.3921965839078848,0.6668361772445468,5.147325117057036,0,0
2020-02-25,-0.007243022624638843,0.384953561283246,0.6074769059135632,6.771091418144305,0,0
2020-02-26,-0.006039618970375,0.37891394231287095,0.4988442149599217,8.118854153235123,0,0
2020-02-27,0.006573962208527847,0.3854879045213988,0.6504462780462652,6.72467767337098,0,0
2020-02-28,0.0013908481636924139,0.3868787526850912,0.6228640055904204,6.456725870168608,0,0
2020-03-02,0.0010142140039215923,0.3878929666890128,0.6241687233563746,6.268849693681323,0,0
2020-03-03,0.0014046229091792444,0.38929758959819205,0.6505452121745662,5.994653294029496,0,0
2020-03-04,-0.0002985884154235181,0.38899900118276853,0.6787999151062964,6.092095765576764,0,0
2020-03-05,-0.002609978562130341,0.3863890226206382,0.5660002925275646,6.699359809211273,0,0
2020-03-06,-0.0006167497871087154,0.38577227283352944,0.596595449490877,6.867829722152721,0,0
2020-03-09,0.000341249740969675,0.3861135225744991,0.5838128806378322,6.823905602976535,0,0
2020-03-10,-0.00905816937225052,0.3770553532022486,0.4421909953776906,8.883105688763031,0,0
2020-03-11,-0.0001970727634596995,0.3768582804387889,0.35801540217947303,8.958452077322887,0,0
2020-03-12,-0.0033584647148220256,0.37349981572396684,0.33011644427409603,9.733272699040096,0,0
2020-03-13,-0.0012469540457450603,0.3722528616782218,0.44356095855435085,10.041790786358764,0,0
2020-03-16,0.008587628958640485,0.38084049063686226,0.5387488139762021,8.159334067342483,0,0
2020-03-17,0.0033312997092976313,0.3841717903461599,0.6613834487053201,7.459799309848714,0,0
2020-03-18,-0.0012053842902648541,0.38296640605589505,0.593350301427643,7.75721698501099,0,0
2020-03-19,0.008867318795031517,0.39183372485092655,0.7494556513967732,5.826261584729072,0,0
2020-03-20,-0.00029748914371119253,0.39153623570721535,0.7412149371473321,5.92307289483559,0,0
2020-03-23,0.005318078792802188,0.3968543145000175,0.8144798226106157,4.789962139908003,0,0
2020-03-24,0.0009694487903770914,0.3978237632903946,0.8503531401099905,4.610012824657584,0,0
2020-03-25,0.002641037408642612,0.4004648006990372,0.9374273101587547,4.061396890039992,0,0
2020-03-26,-0.00010033211410878629,0.40036446858492847,0.9501892236120892,4.115548316239808,0,0
2020-03-27,-0.0004411476757948476,0.39992332090913363,0.9694234391335964,4.245477731182848,0,0
2020-03-30,0.004215041494810695,0.4041383624039443,1.0083967091553951,3.3365196749204316,0,0
2020-03-31,-0.0021984247705189347,0.40193993763342534,0.992511647051928,3.8596292452992835,0,0
2020-04-01,0.0010929756476429633,0.40303291328106833,1.0135343207077832,3.646410481197754,0,0
2020-04-02,-0.007417682029732038,0.3956152312513363,0.9092110805459478,5.351761496023366,0,0
2020-04-03,-0.004725485561346511,0.3908897456899898,0.8661683076263283,6.438932418997672,0,0
2020-04-06,-0.00534011572605044,0.3855496299639394,0.8092799124965057,7.662569586000898,0,0
2020-04-07,-0.004704117643639741,0.3808455123202996,0.7881975511065848,8.74176333765953,0,0
2020-04-08,0.002031055113083593,0.3828765674333832,0.828240560932151,8.321889600090817,0,0
2020-04-09,0.00505085398920617,0.3879274214225894,0.9071724475883974,7.224979141600924,0,0
2020-04-10,-0.00782028045693714,0.38010714096565223,0.7690528588584652,9.002155759731641,0,0
2020-04-13,-0.004580280002589166,0.3755268609630631,0.721653863268014,10.044496152931735,0,0
2020-04-14,0.0015995669561009692,0.37712642791916406,0.6979217983223507,9.723710427858805,0,0
2020-04-15,0.0006500643052806801,0.37777649222444476,0.7453284695730791,9.611617312066745,0,0
2020-04-16,-0.004845279250394498,0.37293121297405024,0.8051723006048317,10.723790555311348,0,0
2020-04-17,-0.0024518208503009785,0.37047939212374925,0.804983415501546,11.301864494361048,0,0
2020-04-20,0.003954938938185323,0.3744343310619346,0.8499949064219137,10.44946566481096,0,0
2020-04-21,-0.0010826582687221244,0.37335167279321246,0.8106800187300081,10.723883618791023,0,0
2020-04-22,-0.0036497994956204358,0.369701873297592,0.746328832756081,11.57754167204471,0,0
2020-04-23,0.0009772870893209763,0.370679160386913,0.7591835080286358,11.389130766577788,0,0
2020-04-24,0.006669524150981332,0.37734868453789433,0.768215374392425,9.908589203227066,0,0
2020-04-27,0.006509348097463942,0.3838580326353583,0.9337509907785805,8.475171566880661,0,0
2020-04-28,0.00516627583837735,0.38902430847373565,1.0660353623755594,7.351704703513543,0,0
2020-04-29,0.0027395833522122458,0.3917638918259479,1.2507106780989536,6.772161570126956,0,0
2020-04-30,0.003601854548074343,0.3953657463740222,1.3533101616829442,5.99722886330662,0,0
2020-05-01,-0.0019579064935261073,0.3934078398804961,1.2215988765649572,6.468759331275725,0,0
2020-05-04,0.004251648606498032,0.3976594884869941,1.3244174461121336,5.54188248915422,0,0
2020-05-05,0.0031516228419407807,0.4008111113289349,1.2545869840072317,4.862768509086803,0,0
2020-05-06,-0.0038634464682293385,0.39694766486070554,1.1371490011218703,5.769000043237363,0,0
2020-05-07,-0.0027705226078789235,0.39417714225282663,1.1214368247548077,6.428774761392464,0,0
2020-05-08,0.003709313741942428,0.3978864559947691,1.2017748233018943,5.617360228860033,0,0
2020-05-11,0.00011261809773822234,0.3979990740925073,1.2753452655607358,5.623719792880657,0,0
2020-05-12,-0.003412913454788117,0.3945861606377192,1.1386104683580138,6.437546816246774,0,0
2020-05-13,-0.000683487491156742,0.3939026731465624,1.0301884964767876,6.626477608177968,0,0
2020-05-14,0.000528434128083076,0.3944311072746455,1.0508490100751857,6.536478521679314,0,0
2020-05-15,0.0031215987811154316,0.39755270605576093,1.1481607310731787,5.843640232956022,0,0
2020-05-18,0.0019398808476618298,0.39949258690342276,1.1614162789388727,5.423968710393042,0,0
2020-05-19,4.1710994131620265e-07,0.3994930040133641,1.1088472878674798,5.455880363703401,0,0
2020-05-20,-0.007062795159447924,0.39243020885391616,0.9630625988248269,7.149526561717311,0,0
2020-05-21,0.007420581112217721,0.3998507899661339,0.9969332194808067,5.453116920894722,0,0
2020-05-22,0.001182767846245174,0.40103355781237904,0.9899397968501454,5.212724718860516,0,0
2020-05-25,-0.001215925798662805,0.39981763201371623,1.0131734465420197,5.526272816663831,0,0
2020-05-26,0.0016859134239926195,0.40150354543770883,1.0335762347696276,5.1658402425362535,0,0
2020-05-27,0.00631801612705044,0.4078215615647593,1.0879095150153046,3.719963051390165,0,0
2020-05-28,-0.0018658080466609098,0.4059557535180984,1.082342126917951,4.185476911420507,0,0
2020-05-29,0.0008086057905325394,0.4067643593086309,1.1074362664703163,4.028731084049145,0,0
2020-06-01,0.002896210746044672,0.4096605700546756,1.1319437457160522,3.38089423018884,0,0
2020-06-02,0.004360585399262784,0.41402115545393836,1.2392215158057514,2.386139135942691,0,0
2020-06-03,0.00266804733439568,0.41668920278833405,1.2433360360179984,1.790112777754711,0,0
2020-06-04,0.00028558308683510384,0.4169747858751692,1.2317793196800033,1.7546631587012362,0,0
2020-06-05,-0.0026223923509729108,0.4143523935241963,1.0185470176735805,2.4096911762592956,0,0
2020-06-08,-0.003198028008895229,0.41115436551530105,0.956831825407151,3.2041605814767236,0,0
2020-06-09,-0.003599687232228999,0.40755467828307207,0.9166705230800375,4.096462783385,0,0
2020-06-10,-0.002222480745957181,0.4053321975371149,0.9200016982133111,4.660419547649466,0,0
2020-06-11,-0.00116059824046483,0.4041715992966501,0.8693274621893518,4.971367291314271,0,0
2020-06-12,-0.006819732424307457,0.39735186687234264,0.7545165778771794,6.651183274531793,0,0
2020-06-15,0.004599712833210979,0.4019515797055536,0.7581511692914362,5.582583315059617,0,0
2020-06-16,-0.0013418789365699899,0.4006097007689836,0.7970778397196777,5.935285380829186,0,0
2020-06-17,0.0030547094401289325,0.40366441020911253,0.8418155097759179,5.233465225806794,0,0
2020-06-18,0.0016906883930278478,0.40535509860214036,0.9399571965317179,4.8582415487528765,0,0
2020-06-19,0.010715904667866613,0.41607100327000696,1.0311445640614574,2.2966765666305253,0,0
2020-06-22,-0.002231037360795517,0.41383996590921146,0.9608278369610298,2.851736413523251,0,0
2020-06-23,0.0028504715047993575,0.4166904374140108,0.9462401884361585,2.212667661736359,0,0
2020-06-24,-0.004900396827575541,0.41179004058643526,0.8990736555314328,3.4020217625628835,0,0
2020-06-25,0.006914594728027397,0.41870463531446267,0.9272577433154702,1.8041597662968347,0,0
2020-06-26,0.0007573866483028295,0.4194620219627655,0.9450747361548328,1.6593163621172304,0,0
2020-06-29,0.00046594586999699475,0.4199279678327625,0.934239847625989,1.5819150797144632,0,0
2020-06-30,-0.005434904110392555,0.41449306372236994,0.8946077191544586,2.8974182132938973,0,0
2020-07-01,0.0019656736673772926,0.4164587373897472,0.8714974390532801,2.4669349096122954,0,0
2020-07-02,0.0014882894542283405,0.41794702684397556,0.8789883216266025,2.1471810470335275,0,0
2020-07-03,-0.004806214538712697,0.41314081230526284,0.6464625318771215,3.3209181547633753,0,0
2020-07-06,-0.0028016802272629775,0.4103391320779999,0.5920013426827461,4.017316106219612,0,0
2020-07-07,0.0005335500002774832,0.4108726820782774,0.5319828487776682,3.9223917527929313,0,0
2020-07-08,0.006660069178604768,0.41753275125688216,0.5844978544614128,2.3609156916880174,0,0
2020-07-09,-0.00043258564460782077,0.41710016561227437,0.4173448173453293,2.4955222224274807,0,0
2020-07-10,0.002513401314423843,0.4196135669266982,0.47026173226343626,1.9280058347861364,0,0
2020-07-13,-0.0017323242476059817,0.4178812426790922,0.3637165854495592,2.3747576733375686,0,0
2020-07-14,0.0012206417189547538,0.41910188439804696,0.5178104141781096,2.1131285943905556,0,0
2020-07-15,-0.004382512045724246,0.4147193723523227,0.40475479540041676,3.204974011488484,0,0
2020-07-16,-0.0022113740181007417,0.41250799833422197,0.3785520300483662,3.7713883866865827,0,0
2020-07-17,0.0007319210751802574,0.41323991940940225,0.3477952468038369,3.625789866928454,0,0
2020-07-20,-0.004338305927940343,0.4089016134814619,0.2177273157953314,4.716435471060768,0,0
2020-07-21,-0.0029059353523654486,0.4059956781290965,0.32005897538653566,5.457061953111962,0,0
2020-07-22,0.007033766349440172,0.4130294444785367,0.455654641158041,3.7689500790212325,0,0
2020-07-23,0.00033653895309499187,0.41336598343163167,0.6214151711339851,3.7195685597878403,0,0
2020-07-24,-0.008048862209479087,0.4053171212221526,0.3350919586229261,5.70936737345321,0,0
2020-07-27,-0.01032286650165956,0.39499425472049304,0.1988576126784927,8.212409804744887,0,0
2020-07-28,0.002414919586441692,0.39740917430693473,0.25871351195471504,7.682588587783727,0,0
2020-07-29,0.002880276907828502,0.4002894512147632,0.205817952096617,7.04185287127055,0,0
2020-07-30,-0.0017527282596065423,0.3985367229551567,0.1838541392103326,7.484539134972365,0,0
2020-07-31,-0.009138420106949818,0.38939830284820687,0.0365345673245012,9.668043731809988,0,0
2020-08-03,0.003803345047401604,0.39320164789560846,0.03304042189162981,8.822713865587453,0,0
2020-08-04,0.0003683186791849939,0.3935699665747935,0.1331916995766262,8.769648351734046,0,0
2020-08-05,0.0029179726198974598,0.39648793919469094,0.18403543824948687,8.123784488583093,0,0
2020-08-06,-0.001812046018733378,0.3946758931759576,0.11396528984679703,8.57806218296919,0,0
2020-08-07,-0.0004860903074848334,0.39418980286847277,0.12958769936949052,8.723885365933974,0,0
2020-08-10,0.0007468962612508249,0.3949366991297236,0.2914223335400075,8.580015268360132,0,0
2020-08-11,6.267241473481263e-05,0.3949993715444584,0.2777474079832794,8.59718354652543,0,0
2020-08-12,-0.0038569172803777653,0.3911424542640806,0.2515525204931007,9.54780745729724,0,0
2020-08-13,0.007328593994322338,0.39847104825840296,0.3969525817981826,7.832773944878747,0,0
2020-08-14,-0.001624464547282449,0.3968465837111205,0.2749457795114262,8.247549828288584,0,0
2020-08-17,0.0007987236742385811,0.3976453073853591,0.38663669144498025,8.090429380772317,0,0
2020-08-18,0.0029701449101893923,0.40061545229554846,0.5050311866147466,7.415211181232402,0,0
2020-08-19,0.001439913667967175,0.40205536596351565,0.4044570245707597,7.103371099447687,0,0
2020-08-20,-0.0013840535190303288,0.40067131244448534,0.3106442492243221,7.467576816835764,0,0
2020-08-21,0.0008544798237092863,0.4015257922681946,0.260302732460943,7.293440327185076,0,0
2020-08-24,0.001144330108225578,0.4026701223764202,0.2963619051035825,7.047845879579695,0,0
2020-08-25,-0.008920541135233766,0.3937495812411864,0.15489658939394008,9.25545636833141,0,0
2020-08-26,0.0005710350231011904,0.3943206162642876,0.1809898583476603,9.151090924140732,0,0
2020-08-27,-0.004395818525589222,0.38992479773869837,0.13669501916243978,10.238877557332637,0,0
2020-08-28,0.0005338228538733258,0.3904586205925717,0.15215854667730166,10.142758800454686,0,0
2020-08-31,-0.0035959088018205276,0.38686271179075116,0.09163953173891971,11.042773846795772,0,0
2020-09-01,-0.006467144394563225,0.3803955673961879,-0.02987591807508017,12.638083231832182,0,0
2020-09-02,-0.0044868944133087335,0.37590867298287917,0.016359179781750915,13.745823944625819,0,0
2020-09-03,0.0023013331512914854,0.37821000613417066,0.034549737402427845,13.226586715787509,0,0
2020-09-04,-0.008553225281759,0.36965678085241166,-0.02858159786319562,15.315620347607846,0,0
2020-09-07,-0.005431926451693655,0.364224854400718,-0.11710281840944597,16.63040287153429,0,0
2020-09-08,-0.0035496289856420836,0.3606752254150759,-0.12015621118278617,17.497582199834575,0,0
2020-09-09,-0.0017285509820066658,0.35894667443306927,-0.021880299864422647,17.936999786993603,0,0
2020-09-10,0.004535008134804554,0.36348168256787383,-0.030308270068824777,16.894979989636013,0,0
2020-09-11,-0.004355559753597846,0.35912612281427597,-0.05808019645071728,17.95761097643258,0,0
2020-09-14,-0.005537760687724168,0.3535883621265518,-0.0428440039450898,19.299509164307022,0,0
2020-09-15,-0.0030284093958180855,0.3505599527307337,-0.05416047819192327,20.04492453666877,0,0
2020-09-16,0.002948737758473965,0.3535086904892077,-0.03611023689366133,19.380328673411423,0,0
2020-09-17,-0.0030047450440051394,0.3505039454452025,-0.05962653351653356,20.12428178409393,0,0
2020-09-18,-0.002202645755643184,0.34830129968955936,-0.12232707227002282,20.679669949191247,0,0
2020-09-21,0.0016509721817535585,0.34995227187131295,-0.11447057026133298,20.317739353006356,0,0
2020-09-22,-0.002337401547849933,0.347614870323463,-0.08609764456909509,20.91020367186657,0,0
2020-09-23,0.001586215520567604,0.3492010858440306,-0.06216334298659787,20.560367830097142,0,0
2020-09-24,-0.0023867008278204514,0.34681438501621015,-0.2005388782479453,21.16976002684065,0,0
2020-09-25,-0.00229101326745995,0.3445233717487502,-0.2386964727562544,21.7581379159396,0,0
2020-09-28,0.0008637462655971895,0.3453871180143474,-0.3587900749548458,21.57955109442071,0,0
2020-09-29,-0.004450238364120112,0.3409368796502273,-0.40146372489631804,22.702608681976596,0,0
2020-09-30,0.0015403262044798882,0.3424772058547072,-0.43511129136627064,22.357394089137024,0,0
2020-10-01,0.0011635513864625777,0.34364075724116977,-0.40393905770703653,22.103037074815425,0,0
2020-10-02,-0.006169146483524083,0.3374716107576457,-0.5422636989066699,23.6614277963894,0,0
2020-10-05,0.003222398725236354,0.34069400948288203,-0.46392228905417654,22.902165477297547,0,0
2020-10-06,0.004837824985646187,0.3455318344685282,-0.4227926497019102,21.743670406683858,0,0
2020-10-07,-0.00031762614285695944,0.34521420832567123,-0.5277236557829338,21.85365522742721,0,0
2020-10-08,0.00037868423110743376,0.34559289255677866,-0.46665775538300047,21.792164158592772,0,0
2020-10-09,0.0028727389988347798,0.34846563155561344,-0.5050056352166833,21.110797487374985,0,0
2020-10-12,-0.005663752880458078,0.3428018786751554,-0.6659800332632174,22.55324758141197,1,0
2020-10-13,-0.0071387702702665696,0.33566310840488883,-0.597406694587493,24.353004744350564,0,0
2020-10-14,0.0009746333106953528,0.3366377417155842,-0.5307628857219341,24.146561437025216,0,0
2020-10-15,-0.005199290773562918,0.3314384509420213,-0.5996297930389268,25.45756891256726,0,0
2020-10-16,-0.00386493410201285,0.32757351684000846,-0.5616860420061455,26.436878773902468,0,1
2020-10-19,0.005160331032252228,0.3327338478722607,-0.5511600870432435,25.203337713621508,0,1
2020-10-20,0.002286534756821541,0.33502038262908224,-0.4546058921182165,24.67651104804523,0,1
2020-10-21,-0.00020600674665031678,0.3348143758824319,-0.49210018820924556,24.759068965020777,0,1
2020-10-22,6.0266728146902374e-05,0.3348746426105788,-0.44509398483251833,24.77620485300141,0,1
2020-10-23,-0.0006219840145636244,0.33425265859601516,-0.4719793775193289,24.96260362470438,0,1
2020-10-26,-0.0071704275124897165,0.32708223108352547,-0.6270548908798701,26.78452691835116,1,1
2020-10-27,0.0012630324012722542,0.3283452634847977,-0.49145217892976323,26.50516851375766,0,1
2020-10-28,0.003982927040281003,0.3323281905250787,-0.5183784463147152,25.550158952367845,0,1
2020-10-29,0.00018517453510930238,0.332513365060188,-0.518093688221865,25.53627282383959,0,1
2020-10-30,0.004046396086760141,0.3365597611469482,-0.5246123194907247,24.55958889803196,0,1
2020-11-02,0.003655737614734076,0.3402154987616823,-0.5945537702296535,23.6803804183786,0,1
2020-11-03,0.008213190618822353,0.34842868938050464,-0.5906710777512828,21.663197609146824,0,1
2020-11-04,-0.003990749728912165,0.3444379396515925,-0.612649041933752,22.673094801071937,0,1
2020-11-05,-0.00901915568132849,0.335418783970264,-0.7838641587975376,24.91570116317125,1,1
2020-11-06,-0.0030719505513463704,0.33234683341891763,-0.8777368013638853,25.684382088465583,1,1
2020-11-09,0.0003776888747175057,0.33272452229363514,-0.817728250842409,25.625580492381026,1,1
2020-11-10,-0.0006543563980154913,0.33207016589561966,-0.8200105809552559,25.815825792624562,1,1
2020-11-11,-0.0010211814108066737,0.331048984484813,-0.8311290864438532,26.0961708975477,1,1
2020-11-12,0.00017044271187869535,0.33121942719669173,-0.7958553056105694,26.086505842718836,1,1
2020-11-13,0.0052730961212678965,0.33649252331795965,-0.8144965175793715,24.821755363503353,1,1
2020-11-16,-0.002943045241454388,0.33354947807650526,-0.8048849230406846,25.57470172268224,1,1
2020-11-17,0.0017954842865927812,0.335344962363098,-0.7218640629855821,25.16566564183685,1,1
2020-11-18,-0.0043173450450499605,0.3310276173180481,-0.8499194137647725,26.263133721889304,1,1
2020-11-19,0.01418274136383093,0.345210358681879,-0.5873415292125451,22.79776025781863,0,1
2020-11-20,0.0027040546730287413,0.34791441335490775,-0.5875776722324898,22.2022168678891,0,1
2020-11-23,0.001449465075671072,0.3493638784305788,-0.5045840403246314,21.89665937652532,0,1
2020-11-24,0.0013500589181996466,0.3507139373487785,-0.5679897792029066,21.612640395620033,0,1
2020-11-25,-0.002507955381692451,0.348205981967086,-0.6675047882798918,22.234782284694308,1,1
2020-11-26,2.7942535246832084e-05,0.34823392450233287,-0.6143918792170386,22.260191757196154,0,1
2020-11-27,-0.003319041104423823,0.34491488339790904,-0.7085978210923409,23.08066633321728,1,1
2020-11-30,-0.0033002132623246305,0.34161467013558444,-0.7409028651933863,23.89837715504716,1,1
2020-12-01,-0.0007025281240699104,0.34091214201151454,-0.7312556043664398,24.098010257447566,1,1
2020-12-02,0.0012351226590900037,0.3421472646706045,-0.6739724392804541,23.833659215323582,1,1
2020-12-03,0.003716028994749547,0.34586329366535407,-0.5761994334099562,22.969321647773164,0,1
2020-12-04,0.004934382458856846,0.3507976761242109,-0.40760762115357035,21.809758041054707,0,1
2020-12-07,0.00475692798669307,0.355554604110904,-0.3139795547793482,20.695806576080972,0,1
2020-12-08,-0.0018249354640543802,0.3537296686468496,-0.3728150671510845,21.166660460405403,0,1
2020-12-09,0.0020066449946857753,0.3557363136415354,-0.2602557689916546,20.713875868372646,0,1
2020-12-10,0.0017507674067791976,0.3574870810483146,-0.14288227707105458,20.32103925084389,0,1
2020-12-11,-0.0038859525831485995,0.353601128465166,-0.18397324716539368,21.30049358834885,0,1
2020-12-14,0.004623253984878644,0.3582243824500446,-0.07299823876901458,20.204631007727784,0,1
2020-12-15,-0.0050351896937163975,0.3531891927563282,-0.21817631844824292,21.46309132399816,0,1
2020-12-16,0.0010108292068156967,0.35420002196314393,-0.16438477296709816,21.249596696601827,0,1
2020-12-17,0.004622804080560312,0.35882282604370425,-0.10005511875410973,20.152739454342083,0,1
2020-12-18,0.005169158047303896,0.36399198409100814,-0.035590490940463605,18.924449284636687,0,1
2020-12-21,-0.0026113958026606665,0.36138058828834746,-0.07806517126300862,19.59100596321905,0,1
2020-12-22,-0.0020498268464730417,0.3593307614418744,-0.12738535567419113,20.122823636761378,0,1
2020-12-23,0.007996422156762193,0.36732718359863664,0.025229770194016957,18.196613534401166,0,1
2020-12-24,0.001999855865370864,0.3693270394640075,0.06572460523254274,17.746667191571834,0,1
2020-12-25,0.0016015359017309955,0.37092857536573853,0.1388600955736612,17.391000981530265,0,1
2020-12-28,0.0016658973610600273,0.3725944727267986,0.0615599137618943,17.017772777440662,0,1
2020-12-29,-0.0020705651296947826,0.3705239075971038,0.003885743334295153,17.555891903770448,0,1
2020-12-30,-0.007525065318900444,0.36299884227820334,-0.030815683715389598,19.435167251232517,0,1
2020-12-31,-0.012588530651938695,0.3504103116262646,-0.16477979476487867,22.51548710240302,0,1
2021-01-01,-0.00019956757319097894,0.3502107440530736,-0.294188136659937,22.593672577740893,0,1
2021-01-04,-0.0020597671003330844,0.34815097695274055,-0.34658891388429774,23.10502884377241,0,1
2021-01-05,-0.003741899631906753,0.3444090773208338,-0.4313289972172939,24.01172709411294,0,1
2021-01-06,0.002814945532125938,0.3472240228529597,-0.21734939644668172,23.384838211955717,0,1
2021-01-07,0.0011053310891385958,0.3483293539420983,-0.08982781504241073,23.15727619015306,0,1
2021-01-08,-0.001382226412557266,0.34694712752954104,-0.11508887225127634,23.515634213988847,0,1
2021-01-11,-0.0036329772744625143,0.34331415025507855,-0.14406029583196944,24.409838525615136,0,1
2021-01-12,0.0021692235085791524,0.34548337376365773,-0.06957928957136063,23.926277126739265,0,1
2021-01-13,0.00045913175447213157,0.3459425055181299,-0.10041130316901863,23.84869907264615,0,1
2021-01-14,0.004940759200305454,0.35088326471843534,-0.06100226046839705,22.694680773483928,0,1
2021-01-15,-8.045227904860839e-05,0.3508028124393867,-0.1420145101315841,22.745957588820946,0,1
2021-01-18,0.00628676956536918,0.3570895820047559,-0.0055593560465520536,21.26362346027766,0,1
2021-01-19,-0.002153328012946982,0.3549362539918089,-0.15889776290133112,21.81051170705268,0,1
2021-01-20,0.0003678887639522411,0.3553041427557611,-0.2623953763108744,21.754181970743364,0,1
2021-01-21,0.013648157896430051,0.36895230065219115,-0.03553082908354413,18.49010414388157,0,1
2021-01-22,0.013913988375219828,0.382866289027411,0.11723232288123915,15.337401185346963,0,1
2021-01-25,-0.0007987860083964035,0.3820675030190146,0.10200749150465294,15.543337014524559,0,1
2021-01-26,-0.0021006786693286068,0.379966824349686,-0.07279605298796102,16.035314084816104,0,1
2021-01-27,0.0038457695135959524,0.3838125938632819,-0.04197767342422748,15.221408700088762,0,1
2021-01-28,0.007815981351874586,0.39162857521515654,0.06975778652475885,13.531401241168286,0,1
2021-01-29,-0.006352804821962811,0.3852757703931937,0.030963633869292042,14.947524921332942,0,1
2021-02-01,0.000982617617855183,0.3862583880110489,-0.09278305402166277,14.766563913713968,0,1
2021-02-02,0.004033637726966121,0.390292025738015,0.05140892209565557,13.919499180053991,0,1
2021-02-03,0.0034017932279453663,0.3936938189659604,0.008161227176159065,13.20916659585349,0,1
2021-02-04,-2.1061995008971735e-05,0.39367275697095144,0.027541223361748256,13.245783875599837,0,1
2021-02-05,0.003872986027003361,0.3975457429979548,0.10239286463267068,12.425531228276641,0,1
2021-02-08,-0.0013196734792573855,0.39622606951869743,0.06946456048357783,12.748395903732478,0,1
2021-02-09,0.003527151127081456,0.3997532206457789,0.1874125233846642,11.998903233980544,0,1
2021-02-10,0.006915419073533858,0.4066686397193128,0.21380744086384898,10.495243855074511,0,1
2021-02-11,-0.00023048103162900133,0.4064381586876838,0.31927582015697586,10.578040079403973,0,1
2021-02-12,-0.00536642308242927,0.4010717356052545,0.32956376043945107,11.799384826579628,0,1
2021-02-15,-0.002932723761390627,0.39813901184386385,0.18886313518416412,12.47981825782491,0,1
2021-02-16,0.00815407837511229,0.40629309021897614,0.28779317949099786,10.702932918492325,0,1
2021-02-17,0.0019270782641941935,0.40822016848317033,0.3012411548392116,10.312912012095309,0,1
2021-02-18,-0.002814765538215863,0.4054054029449545,0.23853970209621073,10.964285263418397,0,1
2021-02-19,0.0035312278685941433,0.40893663081354864,0.2948728940709937,10.21651405509459,0,1
2021-02-22,0.00022307362452721907,0.40915970443807587,0.3370401464587923,10.199151973003834,0,1
2021-02-23,-0.0014049710321042532,0.4077547334059716,0.32531152361512006,10.543910359122856,0,1
2021-02-24,-0.0009572319168302398,0.4067975014891414,0.30606152989402424,10.790113870599273,0,1
2021-02-25,-0.0015721693359387824,0.4052253321532026,0.4205797185527539,11.175862053191656,0,1
2021-02-26,0.000984222093949809,0.40620955424715244,0.4381842900171465,10.985299658426502,0,1
2021-03-01,0.0020902840237719683,0.4082998382709244,0.520009521595971,10.542011306067753,0,1
2021-03-02,0.0012328746657141224,0.40953271293663857,0.5571113788834933,10.292429663088209,0,1
2021-03-03,0.00032937056487398293,0.40986208350151254,0.4372026163082471,10.248809070719197,0,1
2021-03-04,0.006349489297131724,0.4162115727986443,0.48111812366213563,8.814456331467909,0,1
2021-03-05,0.006453215355794468,0.42266478815443875,0.593583372957761,7.365896999541972,0,1
2021-03-08,0.004164765099403428,0.4268295532538422,0.526808040496479,6.4488546503832715,0,1
2021-03-09,-0.0020790566171583103,0.4247504966366839,0.49972233839623426,6.954902167698574,0,1
2021-03-10,0.004179652904120573,0.4289301495408045,0.4831697544273255,6.029651910056367,0,1
2021-03-11,-0.0010651325846891455,0.42786501695611534,0.4524863906904334,6.305724090378922,0,1
2021-03-12,0.0051734448390955675,0.4330384617952109,0.48956704984131777,5.145842785203009,0,1
2021-03-15,0.004156165029831724,0.4371946268250426,0.5525369546310318,4.22263332316362,0,1
2021-03-16,-0.0045237106927036265,0.432670916132339,0.49011043903780915,5.294858082150348,0,1
2021-03-17,0.0011886708002197856,0.43385958693255877,0.4455962217991447,5.053664238879165,0,1
2021-03-18,0.0004861346068498907,0.43434572153940865,0.48613193675898303,4.973342142676942,0,1
2021-03-19,-0.0041461577948442825,0.43019956374456436,0.40674960621034684,5.9688850060053085,0,1
2021-03-22,-0.0010170330934081337,0.42918253065115625,0.505740273150067,6.23734176785674,0,1
2021-03-23,0.0002616327574834186,0.42944416340863967,0.5824466040397684,6.208192124604174,0,1
2021-03-24,0.00012125372575367665,0.42956541713439333,0.6672627209553705,6.211693687635992,0,1
2021-03-25,-0.00020996586068470992,0.4293554512737086,0.7374062357027953,6.293353181828471,0,1
2021-03-26,-0.00024041449871818935,0.4291150367749904,0.7031384110784614,6.382541326473165,0,1
2021-03-29,0.0008255666378630592,0.42994060341285345,0.6406172478656189,6.217068419147446,0,1
2021-03-30,0.0010065922684005773,0.430947195681254,0.78098656325317,6.006952736856165,0,1
2021-03-31,-0.0008891249839005615,0.43005807069735347,0.8398450015050167,6.253997078285614,0,1
2021-04-01,0.0005801957948721431,0.4306382664922256,0.8243200015796293,6.1449108166317155,0,1
2021-04-02,-0.0035247901669630904,0.4271134763252625,0.7587758327773159,7.038965472149301,0,1
2021-04-05,0.0007516465943657294,0.4278651229196282,0.8473854600658499,6.886875356777498,0,1
2021-04-06,5.4178151647809485e-05,0.427919301071276,0.8867940058593915,6.905540584057405,0,1
2021-04-07,0.0010505935333324542,0.4289698946046085,0.8432872605715556,6.677291575960655,0,1
2021-04-08,0.00013910916588361771,0.4291090037704921,0.8623535335008171,6.674653987104064,0,1
2021-04-09,-0.003074174132924908,0.42603482963756717,0.8716865830952853,7.476753256673978,0,1
2021-04-12,0.004626333357052167,0.4306611629946193,0.9260733309104259,6.34713367103507,0,1
2021-04-13,0.0023268668039139384,0.43298802979853324,0.8628474865126874,5.796057302042068,0,1
2021-04-14,0.0021696117246223674,0.4351576415231556,0.7989966252684941,5.282314641620356,0,1
2021-04-15,0.00041800074651607787,0.4355756422696717,0.7272212378675834,5.208751883757127,0,1
2021-04-16,0.0010163953395164415,0.43659203760918813,0.7008019412099212,4.982585780583371,0,1
2021-04-19,0.0004646876784957216,0.43705672528768386,0.6526906133161542,4.8959215167667,0,1
2021-04-20,0.00011675806328778626,0.4371734833509716,0.685550516277613,4.897942393768948,0,1
2021-04-21,0.0018754414960422457,0.43904892484701386,0.6494262431959211,4.445472095130152,0,1
2021-04-22,-0.0022446148172844257,0.4368043100297294,0.5649810848658128,5.059894081337282,0,1
2021-04-23,0.0025424970229902936,0.4393468070527197,0.6663932932294988,4.4296808174830735,0,1
2021-04-26,-0.0009763136561011763,0.43837049339661854,0.6952236258418306,4.716806060407007,0,1
2021-04-27,0.0023137129383277374,0.44068420633494626,0.67392997426145,4.1409570846223245,0,1
2021-04-28,-0.0023746454918113277,0.43830956084313494,0.6342566653020772,4.79910405522809,0,1
2021-04-29,-0.0012156768830531212,0.4370938839600818,0.6697322069603837,5.152783530789025,0,1
2021-04-30,0.004803591962998835,0.44189747592308065,0.7542546357058435,3.907158567842112,0,1
2021-05-03,0.0007490479282227198,0.4426465238513034,0.7577031679296342,3.740659543798121,0,1
2021-05-04,-0.003954206947250115,0.43869231690405325,0.6458376267496976,4.826418590327169,0,1
2021-05-05,0.0003190662665347758,0.439011383170588,0.6206333557883787,4.773454241127934,0,1
2021-05-06,0.008144153564933948,0.447155536735522,0.742734303994609,2.6240434652064177,0,1
2021-05-07,-0.0010005515544206126,0.44615498518110136,0.8424695271707738,2.918447366709962,0,1
2021-05-10,-0.0004061852030335471,0.4457487999780678,0.724365020352262,3.0575529166234077,0,1
2021-05-11,0.0014687473517784936,0.4472175473298463,0.7288190274819824,2.700089247335354,0,1
2021-05-12,-0.003161974077646004,0.4440555732522003,0.6973089859693656,3.574685226004765,0,1
2021-05-13,-0.003969162446985784,0.4400864108052145,0.6070568700955961,4.666142891070166,0,1
2021-05-14,-0.005199936783777832,0.43488647402143665,0.42635675487634567,6.0851438404851645,0,1
2021-05-17,-0.0028615018324525897,0.43202497218898406,0.4104211558077415,6.8763911935978586,0,1
2021-05-18,0.0032991866580512194,0.4353241588470353,0.4490926263282121,6.030894877643272,0,1
2021-05-19,0.003010938906387376,0.43833509775342266,0.4508603630069795,5.261005794337824,0,1
2021-05-20,0.0002885540593780868,0.4386236518128008,0.38770127937018367,5.216006866379157,0,1
2021-05-21,-0.0020260154616674668,0.4365976363511333,0.3138144850717321,5.7918244300598545,0,1
2021-05-24,-0.00732848195022046,0.42926915440091284,0.1924935240976341,7.798896123593125,0,1
2021-05-25,-0.0009056349972498583,0.42836351940366296,0.21954074807334803,8.071011187226048,0,1
2021-05-26,0.0030635251687912922,0.43142704457245423,0.3177192913326984,7.2863738092730514,0,1
2021-05-27,0.0075607663002457606,0.4389878108727,0.49011255659566094,5.2990363522976285,0,1
2021-05-28,0.0004945418927480394,0.43948235276544806,0.5328269905292067,5.201236713558157,0,1
2021-05-31,0.007151363387492147,0.44663371615294023,0.6587350493630132,3.3454451432862355,0,1
2021-06-01,0.004366241256524699,0.4509999574094649,0.8354625351069409,2.241468543393787,0,1
2021-06-02,-0.00018257913002539625,0.4508173782794395,0.7627637672933028,2.320901204136904,0,1
2021-06-03,-0.0026544444970887635,0.4481629337823508,0.7417562555019382,3.0463657453007658,0,1
2021-06-04,0.000996567995390727,0.4491595017777415,0.7103076123602062,2.8172487890975804,0,1
2021-06-07,0.0030591785462075315,0.452218680323949,0.7311392825378512,2.0433510509710704,0,1
2021-06-08,0.000510709886617305,0.4527293902105663,0.5798234240369817,1.940547714490719,0,1
2021-06-09,-0.0013786657397431316,0.45135072447082314,0.5935524517768932,2.3385541608165306,0,1
2021-06-10,0.0021940550158292362,0.4535447794866524,0.5833933707807757,1.7851843153931335,0,1
2021-06-11,0.00704522585809473,0.46059000534474714,0.7704106908803844,0.0,0,1
2021-06-14,-0.0071619329583321786,0.45342807238641497,0.5476272075663035,1.9224908806951184,0,1
2021-06-15,-0.0006791074361012845,0.4527489649503137,0.524954130142863,2.131166528757155,0,1
2021-06-16,-0.0036359771538834965,0.4491129877964302,0.459464089731389,3.1143641289712254,0,1
2021-06-17,-0.002364451715430882,0.44674853608099935,0.509363942412056,3.765263419090561,0,1
2021-06-18,-7.25008617203423e-05,0.446676035219279,0.4773776460226135,3.816317181365775,0,1
2021-06-21,-0.00020013417363593704,0.44647590104564305,0.4508038857365496,3.9012021210283176,0,1
2021-06-22,-0.00026385651649898283,0.4462120445291441,0.5241628671416473,4.003325284264002,0,1
2021-06-23,0.0042205568701525024,0.4504326013992966,0.6348303018176605,2.9073516326827136,0,1
2021-06-24,-0.0023670738874517045,0.44806552751184486,0.5884447791155892,3.570996094406273,0,1
2021-06-25,0.0018893769250690794,0.44995490443691394,0.5155184316700157,3.097090473368527,0,1
2021-06-28,0.012865725240317497,0.4628206296772314,0.7125873219529076,0.0,0,1
2021-06-29,0.00020064321648294932,0.46302127289371436,0.6769902869407906,0.0,0,1
2021-06-30,0.0011496338071593363,0.4641709067008737,0.7221751791660166,0.0,0,1
2021-07-01,-0.0015338159515353189,0.46263709074933834,0.6790498748725894,0.42503341740938344,0,1
2021-07-02,0.004473334048837149,0.4671104247981755,0.8174361349697578,0.0,0,1
2021-07-05,0.004359359440965383,0.4714697842391409,0.9187038504736514,0.0,0,1
2021-07-06,0.00360810750212171,0.4750778917412626,0.9622225891063755,0.0,0,1
2021-07-07,-0.008325264373750191,0.4667526273675124,0.8945291113322471,2.1703153540877027,0,1
2021-07-08,0.0006312918467515343,0.4673839192142639,0.9503288413603674,2.0434077072565247,0,1
2021-07-09,-0.0008796507211158333,0.4665042684931481,0.8323336836368964,2.2981039704015696,0,1
2021-07-12,-0.000976635432576973,0.4655276330605711,0.8117574016830313,2.5787129250619687,0,1
2021-07-13,-0.005115602671248951,0.46041203038932216,0.8615748430756567,3.9199574106772372,0,1
2021-07-14,-0.002441588567937975,0.4579704418213842,0.9976265396429619,4.574294962221606,0,1
2021-07-15,0.002854194331052969,0.4608246361524372,1.0043213588239694,3.8762346653907915,0,1
2021-07-16,0.0036049834792867943,0.46442961963172397,1.0152471202584583,2.983648218521395,0,1
2021-07-19,0.0012725882962991509,0.46570220792802314,1.0635371784809413,2.688995330902594,0,1
2021-07-20,0.0007824585575883676,0.4664846664856115,1.2344148735480263,2.5191159997485104,0,1
2021-07-21,-0.0023385461421630105,0.4641461203434485,1.136848042086304,3.157864423788703,0,1
2021-07-22,-0.0018975553708574545,0.46224856497259104,1.0998721958982325,3.6839934812930206,0,1
2021-07-23,-0.000428221194567547,0.4618203437780235,1.0471638249313096,3.8279979022366497,0,1
2021-07-26,0.00242337146335611,0.4642437152413796,1.1150040302205382,3.2225834581732813,0,1
2021-07-27,0.003343593522106342,0.4675873087634859,1.1750616199932749,2.3721073499898027,0,1
2021-07-28,0.0029295291502555347,0.47051683791374144,1.2089617518848688,1.6299323779618315,0,1
2021-07-29,-0.00488956318963943,0.465627274724102,1.125896627570621,2.9570857162043156,0,1
2021-07-30,0.004630033294168874,0.47025730801827087,1.260945940232615,1.767438308911715,0,1
2021-08-02,-0.005365169237920055,0.4648921387803508,1.06100400061237,3.2110866863926253,0,1
2021-08-03,-0.0005682362816769796,0.46432390249867384,1.0782719752241676,3.391760393333373,0,1
2021-08-04,0.0010964885971860286,0.46542039109585986,1.0829742592850196,3.1352766512987627,0,1
2021-08-05,0.0029609431414172587,0.4683813342372771,1.0828340851385778,2.384108987933015,0,1
2021-08-06,0.001242708289527269,0.4696240425268044,1.079741258084589,2.086686454443661,0,1
2021-08-09,-0.0008043243484063341,0.46881971817839807,1.0892251544172407,2.3330155314424434,0,1
2021-08-10,-0.0005243609250885023,0.46829535725330956,1.067148377945306,2.505517605556423,0,1
2021-08-11,-0.0004883848472344892,0.46780697240607505,1.0410821856758463,2.6691234902042167,0,1
2021-08-12,0.002424673789563972,0.470231646195639,1.2351101554582928,2.0440789394692693,0,1
2021-08-13,-0.005413604532703028,0.464818041662936,1.1336740899575475,3.5479130494985385,0,1
2021-08-16,-0.002635101061919645,0.46218294060101633,1.164003360533633,4.291590133871143,0,1
2021-08-17,0.00038279774903166925,0.462565738350048,1.1615783276742038,4.21992200306836,0,1
2021-08-18,0.004872815191289547,0.46743855354133756,1.2970455568246166,2.924610361218818,0,1
2021-08-19,0.0029741899995338007,0.47041274354087137,1.4564727121878023,2.1499922027124163,0,1
2021-08-20,-0.0032745767972857357,0.46713816674358566,1.4780784416211448,3.0718836217114442,0,1
2021-08-23,-0.000275164283794478,0.4668630024597912,1.4369724962340995,3.1787596086462924,0,1
2021-08-24,0.003553479826225072,0.47041648228601624,1.6483566453861345,2.2383680168872195,0,1
2021-08-25,0.0024489009204801114,0.47286538320649635,1.7844730970834437,1.600032060656922,0,1
2021-08-26,-0.0006989145202105547,0.4721664686862858,1.8349153104902032,1.8239651850704914,0,1
2021-08-27,-0.0030984677326693667,0.46906800095361645,1.8104535710091811,2.7115682448258016,0,1
2021-08-30,0.0010638734877359327,0.4701318744413524,1.7572970010313138,2.449352162270072,0,1
2021-08-31,-0.0013472570472637827,0.4687846173940886,1.8117263166247237,2.8559294627074356,0,1
2021-09-01,0.0005632249021583209,0.46934784229624693,1.9219394439758435,2.7305704661561747,0,1
2021-09-02,0.0015237236453450641,0.470871565941592,2.000584768496679,2.3344380253862687,0,1
2021-09-03,0.0012520951951619057,0.4721236611367539,1.9738789617690382,2.0129669546727493,0,1
2021-09-06,0.0004209496917099407,0.47254461082846383,2.034303705862366,1.925535677763698,0,1
2021-09-07,-0.006708425001964455,0.4658361858264994,1.9472127370335133,3.871865025912054,0,1
2021-09-08,0.003788973258399283,0.46962515908489866,1.9800214453628935,2.8388260813594384,0,1
2021-09-09,0.00102058590064571,0.47064574498554435,2.0377167229038915,2.5841783369071214,0,1
2021-09-10,0.00215829940045242,0.47280404438599677,2.0467477963644143,2.006754546401275,0,1
2021-09-13,0.0024894504319841627,0.47529349481798094,2.1287699953662846,1.333273127690053,0,1
2021-09-14,0.0031395337645440495,0.478433028582525,2.2190674999918616,0.472985566664329,0,1
2021-09-15,-0.0009280730151037745,0.47750495556742123,2.1887715589492642,0.7690746173338714,0,1
2021-09-16,-0.0017539319538960648,0.47575102361352517,2.239467583430908,1.3028467112446052,0,1
2021-09-17,0.00043728969583625504,0.4761883133093614,2.221452833563671,1.209215534171562,0,1
2021-09-20,-0.0034266488668864537,0.47276166444247497,2.140713282416121,2.23136888703674,0,1
2021-09-21,-0.0013767521820753513,0.47138491226039964,2.2328352229419592,2.661241072304799,0,1
2021-09-22,0.002705306601537557,0.4740902188619372,2.224991876885378,1.9076461124551949,0,1
2021-09-23,0.00012837635187977264,0.474218595213817,2.1519824483949663,1.9022934066228945,0,1
2021-09-24,-0.004285500854368431,0.4699330943594486,2.0791693514405334,3.1887454493713383,0,1
2021-09-27,0.004631587561142447,0.47456468192059104,2.1449997370124603,1.8694504090468376,0,1
2021-09-28,-0.0004908347618925136,0.47407384715869855,2.0903926106448583,2.0439902138348574,0,1
2021-09-29,-0.003447217381161092,0.47062662977753744,2.1339172994146374,3.082696393967657,0,1
2021-09-30,0.00375501864092747,0.4743816484184649,2.3315522362253094,2.018205533275883,0,1
2021-10-01,-0.00022158490716323682,0.4741600635113017,2.3113124437998476,2.114844541753002,0,1
2021-10-04,-0.0003471293742551754,0.4738129341370465,2.4038535268659764,2.2486852212965065,0,1
2021-10-05,0.004968067511102877,0.4787810016481494,2.55318899966761,0.8149423823202422,0,1
2021-10-06,0.0006709368936384694,0.47945193854178786,2.4847882361198623,0.6502947553430083,0,1
2021-10-07,-0.0007879273196268544,0.478664011222161,2.4330913761256547,0.9145373231886156,0,1
2021-10-08,0.0013499620102633116,0.48001397323242434,2.459448211247621,0.5464797373562493,0,1
2021-10-11,-0.002478272888933472,0.47753570034349085,2.4133224767342227,1.3165040110269564,0,1
2021-10-12,0.006966074061079198,0.48450177440457004,2.5275058101969385,0.0,0,1
2021-10-13,0.00040786972760299185,0.484909644132173,2.678017223996348,0.0,0,1
2021-10-14,-0.003915058298853949,0.48099458583331905,2.5826885352224864,1.1857932814833372,0,1
2021-10-15,0.007234912211439652,0.4882294980447587,2.625524980971259,0.0,0,1
2021-10-18,1.5007786294765559e-05,0.48824450583105344,2.622593620150922,0.027681585585422774,0,1
2021-10-19,0.004443938343293753,0.4926884441743472,2.6282140989515876,0.0,0,1
2021-10-20,0.001968722002704005,0.4946571661770512,2.6025491059765065,0.0,0,1
2021-10-21,-0.0022311113962445207,0.49242605478080664,2.4439993871603236,0.6791734902651358,0,1
2021-10-22,0.001161489555627723,0.49358754433643437,2.5389796899127695,0.3731466810281197,0,1
2021-10-25,0.00844542667718981,0.5020329710136242,2.8494825054097244,0.0,0,1
2021-10-26,-0.0039042087038315726,0.49812876230979264,2.832390767046306,1.1420306697910045,0,1
2021-10-27,-0.0030857529047295675,0.4950430094050631,2.767613374314065,2.050195511969332,0,1
2021-10-28,-0.0017478667269249918,0.49329514267813807,2.747359203043926,2.579150176878102,0,1
2021-10-29,-0.0034430527654470333,0.489852089912691,2.700649338526037,3.5943335532883336,0,1
2021-11-01,1.729924236753698e-05,0.48986938915505857,2.69798088951684,3.621401975240048,0,1
2021-11-02,0.0011589667942418834,0.49102835594930044,2.6361672589276552,3.3204838001182733,0,1
2021-11-03,-0.0006426781058990532,0.49038567784340137,2.679736105407793,3.5380601892899493,0,1
2021-11-04,0.010825024403021941,0.5012107022464233,2.7925848378608498,0.4269691247259262,0,1
2021-11-05,0.0027714306995530367,0.5039821329459763,2.9204278516399826,0.0,0,1
2021-11-08,-0.002407093677571032,0.5015750392684052,2.708204456227697,0.6993774349548108,0,1
2021-11-09,0.0034471501670028473,0.505022189435408,2.7195876737111964,0.0,0,1
2021-11-10,-0.0006116484604747527,0.5044105409749332,2.683576917551091,0.2022108047816787,0,1
2021-11-11,-0.001807328562436475,0.5026032124124967,2.626847849512068,0.7399682051188984,0,1
2021-11-12,0.0025462546743205755,0.5051494670868173,2.7166968292891056,0.05638913134883894,0,1
2021-11-15,0.0008002274127410665,0.5059496944995584,2.7301979340919402,0.0,0,1
2021-11-16,-0.006996374902706774,0.49895331959685163,2.6497271200078494,2.0146094557772027,0,1
2021-11-17,-0.001031844316823452,0.49792147528002817,2.693781421266444,2.3342174169002923,0,1
2021-11-18,-0.004313535357831586,0.4936079399221966,2.6227846538941986,3.5748922162125987,0,1
2021-11-19,-0.0022622445963566317,0.49134569532583994,2.5597751152907833,4.239118041927448,0,1
2021-11-22,0.0012145000672758222,0.49256019539311574,2.520344756641002,3.9305416391502317,0,1
2021-11-23,-0.001427208670046167,0.4911329867230696,2.416427385681538,4.3648344740957805,0,1
2021-11-24,-0.0018823955954595884,0.48925059112761,2.306165216418266,4.930002283334369,0,1
2021-11-25,-0.0017794521202265034,0.4874711390073835,2.3070226077829594,5.468097550920706,0,1
2021-11-26,0.0031820162839023064,0.4906531552912858,2.325621637979895,4.591232589497316,0,1
2021-11-29,0.0075572634897699545,0.4982104187810557,2.408702962525191,2.462513218160625,0,1
2021-11-30,0.0025757417441626147,0.5007861605252183,2.525174482851085,1.773124142724338,0,1
2021-12-01,0.002942723716740835,0.5037288842419592,2.5003061792285517,0.9786735385516135,0,1
2021-12-02,-0.0024509903977157923,0.5012778938442434,2.5531534691582687,1.7002964339842772,0,1
2021-12-03,0.001949949203653672,0.503227843047897,2.5687058443838806,1.182005641345566,0,1
2021-12-06,-0.005217820800280018,0.49801002224761703,2.3930141905287354,2.692480478984904,0,1
2021-12-07,-0.006103056191655775,0.49190696605596124,2.1919446411628645,4.442127888466838,0,1
2021-12-08,0.0018860216220714958,0.49379298767803276,2.2716513197547497,3.949184162292052,0,1
2021-12-09,0.003711548531875361,0.49750453620990814,2.369311953097652,2.943800568927073,0,1
2021-12-10,-0.0015306318559469264,0.4959739043539612,2.2228465501074472,3.4034405206645233,0,1
2021-12-13,-0.0026781746204369455,0.49329572973352426,2.1395066342554765,4.187219278354337,0,1
2021-12-14,0.002984553549620612,0.4962802832831449,2.1617744906772685,3.3793576859226837,0,1
2021-12-15,-0.00030597541142042626,0.4959743078717245,2.1280009142117637,3.4976162310054573,0,1
2021-12-16,0.00602246503209849,0.5019967729038229,2.2596016652851043,1.8222333034353095,0,1
2021-12-17,0.007698504831537836,0.5096952777353608,2.52653748950931,0.0,0,1
2021-12-20,0.003928119282703968,0.5136233970180648,2.881685144763093,0.0,0,1
2021-12-21,0.0005786587971004332,0.5142020558151652,2.8957484237254714,0.0,0,1
2021-12-22,0.001193068244159891,0.5153951240593251,2.956458725317599,0.0,0,1
2021-12-23,0.015604097673748088,0.5309992217330731,3.1988737803752145,0.0,0,1
2021-12-24,-0.00010138285529618686,0.530897838877777,3.1505571768149165,0.05764530394941175,0,1
2021-12-27,0.006245783153578153,0.5371436220313551,3.2244422866705067,0.0,0,1
2021-12-28,0.0004294506460234144,0.5375730726773785,3.2574972150696233,0.0,0,1
2021-12-29,0.0034093860739277783,0.5409824587513063,3.383985126345487,0.0,0,1
2021-12-30,-0.0016082945199837793,0.5393741642313226,3.317493031100301,0.44042562433231996,0,1
2021-12-31,-0.001203218260635723,0.5381709459706868,3.2872297555541112,0.7794572938951043,0,1
2022-01-03,0.0045355704157007265,0.5427065163863876,3.281847326354755,0.0,0,1
2022-01-04,-0.002795815620661914,0.5399107007657257,3.229763918151013,0.7476996902730918,0,1
2022-01-05,0.0010230489763021844,0.5409337497420279,3.154012647885188,0.5170856628240612,0,1
2022-01-06,0.00047567983081722156,0.5414094295728451,3.2030180532828783,0.4263266202076234,0,1
2022-01-07,-0.004526871307962596,0.5368825582648825,3.1063622143309626,1.633341824984904,0,1
2022-01-10,0.0028232407071182527,0.5397057989720008,2.9935246966916824,0.9341403474254575,0,1
2022-01-11,-0.005454491461860901,0.5342513075101398,2.712582922261967,2.3826366312403504,0,1
2022-01-12,0.0017234394598387008,0.5359747469699785,2.75809759534541,1.9696473210236836,0,1
2022-01-13,-0.009179530530469273,0.5267952164395092,2.594709350672812,4.382838221442505,0,1
2022-01-14,-0.0020090296956175747,0.5247861867438917,2.492828620246574,4.922553480449236,0,1
2022-01-17,0.004104344169488702,0.5288905309133803,2.4425752697021803,3.9128956564176836,0,1
2022-01-18,0.004599325988064925,0.5334898569014452,2.650768947451453,2.7781831882924513,0,1
2022-01-19,0.003070407974061905,0.5365602648755071,2.6855375825219574,2.0329257421240357,0,1
2022-01-20,-0.0033050639844009154,0.5332552008911062,2.55311120192419,2.9035128486615864,0,1
2022-01-21,-0.00016041835670878708,0.5330947825343975,2.492500016558703,2.9762937942926464,0,1
2022-01-24,0.001898110118812819,0.5349928926532103,2.526223657945416,2.5230918070911303,0,1
2022-01-25,-0.0057137966512406674,0.5292790960019695,2.3443736513102005,4.022166760785077,0,1
2022-01-26,-0.0020752154865008097,0.5272038805154687,2.3296912346921665,4.583513750114278,0,1
2022-01-27,-0.0017036131639086068,0.5255002673515601,2.2381429806517725,5.05188145493406,0,1
2022-01-28,-0.0001152533088075681,0.5253850140427525,2.126859690568914,5.113549539996253,0,1
2022-01-31,0.001583783390442653,0.5269687974331951,2.159109192643132,4.735634827926083,0,1
2022-02-01,0.01004324617305612,0.5370120436062512,2.4134126875608253,2.155683494894223,0,1
2022-02-02,-0.0037998198492615607,0.5332122237569896,2.3954642453667976,3.1444432013750325,0,1
2022-02-03,-0.0028292764152599522,0.5303829473417296,2.2171940274757556,3.889177831774391,0,1
2022-02-04,0.003090814459061271,0.5334737618007909,2.236314372276831,3.1403679006933922,0,1
2022-02-07,0.0066218540256503654,0.5400956158264413,2.394821710458276,1.4957641068812044,0,1
2022-02-08,-0.0010512467227214379,0.5390443691037199,2.3157428651060097,1.7912166779178387,0,1
2022-02-09,0.003146556251219205,0.5421909253549391,2.365231340566479,1.030447824669755,0,1
2022-02-10,0.005383188226537512,0.5475741135814766,2.4782346516967886,0.0,0,1
2022-02-11,0.0007711359222162294,0.5483452495036928,2.5097569238314015,0.0,0,1
2022-02-14,0.0020951086726703843,0.5504403581763632,2.575694072424497,0.0,0,1
2022-02-15,0.004178366236987609,0.5546187244133508,2.6270777777491174,0.0,0,1
2022-02-16,0.002377388971649896,0.5569961133850007,2.6317707010429823,0.0,0,1
2022-02-17,0.00016892266097166776,0.5571650360459723,2.613038212640204,0.0,0,1
2022-02-18,0.0018256460048043563,0.5589906820507767,2.6389172979274425,0.0,0,1
2022-02-21,-0.0027010586106806025,0.5562896234400961,2.48759342592861,0.726456252869356,0,1
2022-02-22,-0.0010593588083456968,0.5552302646317504,2.366298500102069,1.0316420029903524,0,1
2022-02-23,0.0044492020345982515,0.5596794666663486,2.370563673660392,0.0,0,1
2022-02-24,-0.007441573143454376,0.5522378935228942,2.2546516346424936,1.9575944563044199,0,1
2022-02-25,0.0003051993003440586,0.5525430928232382,2.190766223556372,1.9118303672227657,0,1
2022-02-28,-0.00563507939225955,0.5469080134309786,2.098265411148381,3.388083032668548,0,1
2022-03-01,0.0004806359637294043,0.547388649394708,2.022532261310828,3.297668655828407,0,1
2022-03-02,0.0017892390648592794,0.5491778884595673,1.984379592342278,2.8713376083553555,0,1
2022-03-03,0.010137286465388147,0.5593151749249554,2.220452070854255,0.29466842889310696,0,1
2022-03-04,-0.0010891463276133649,0.558226028597342,2.17983101810091,0.5980516857548266,0,1
2022-03-07,0.009537612885408815,0.5677636414827508,2.3097541538328143,0.0,0,1
2022-03-08,0.0014680988118656352,0.5692317402946164,2.414597972321518,0.0,0,1
2022-03-09,0.0007993733004794913,0.570031113595096,2.4470343904245433,0.0,0,1
2022-03-10,-0.001094769659438127,0.5689363439356578,2.422504277852762,0.301962300839772,0,1
2022-03-11,0.006422460738955623,0.5753588046746134,2.519014584103621,0.0,0,1
2022-03-14,0.0005453164154949775,0.5759041210901084,2.532299792063432,0.0,0,1
2022-03-15,0.0024303594688019777,0.5783344805589103,2.577405473586269,0.0,0,1
2022-03-16,-0.00667411448058588,0.5716603660783245,2.4289110592735628,1.6875968406134414,0,1
2022-03-17,0.0032336660889742555,0.5748940321672987,2.464577374514268,0.92536141297802,0,1
2022-03-18,-0.010251838983979078,0.5646421931833197,2.266499011675305,3.4807563310957206,0,1
2022-03-21,0.005884773791466998,0.5705269669747867,2.346363089517188,2.106974396793457,0,1
2022-03-22,0.0009205866876745455,0.5714475536624612,2.4265953932645026,1.9202908777648255,0,1
2022-03-23,0.004188043920216838,0.5756355975826781,2.4798204112246194,0.951911241369281,0,1
2022-03-24,-0.0021780633156885726,0.5734575342669895,2.4398397847460354,1.5041873394719212,0,1
2022-03-25,-0.0009510916614894561,0.5725064426055001,2.4055742776948663,1.7643383008752205,0,1
2022-03-28,0.0031610060538472136,0.5756674486593473,2.4539822267489924,1.0339438069683056,0,1
2022-03-29,-0.003073605743346319,0.5725938429160009,2.4539931733937945,1.8090658502717771,0,1
2022-03-30,0.00224209190910628,0.5748359348251072,2.4186954525816104,1.2975998736802214,0,1
2022-03-31,0.00012347855547816694,0.5749594133805853,2.382702691779742,1.2995564645673665,0,1
2022-04-01,-0.0029630870772953326,0.57199632630329,2.293413252686524,2.056905721598201,0,1
2022-04-04,-0.002513187249734478,0.5694831390535555,2.2413638627799712,2.7058042503092317,0,1
2022-04-05,-0.0012131571564786734,0.5682699818970769,2.2031848534538163,3.03666121124903,0,1
2022-04-06,-0.005886850381798456,0.5623831315152784,2.0850059859154113,4.5264748771503935,0,1
2022-04-07,-0.0029076616918773234,0.5594754698234011,2.031483910229445,5.273921640360288,0,1
2022-04-08,-0.0025830460303971105,0.556892423793004,1.955430534649756,5.943285189030558,0,1
2022-04-11,-0.000661478857594005,0.5562309449354099,1.983364179463313,6.139070616314424,0,1
2022-04-12,-0.0006159867080675718,0.5556149582273423,1.9317442060828762,6.324452196081966,0,1
2022-04-13,-0.006885617580314939,0.5487293406470274,1.8206002575241311,8.080583033460355,0,1
2022-04-14,0.0013643563062302366,0.5500936969532576,1.8055932628066695,7.774770382443766,0,1
2022-04-15,0.006667219733080506,0.5567609166863381,1.9467070026187234,6.147477153319408,0,1
2022-04-18,0.013749519856130321,0.5705104365424685,2.143261669004503,2.791522155586033,0,1
2022-04-19,-0.010837899168387125,0.5596725373740813,1.8656996737075293,5.346540607199761,0,1
2022-04-20,0.0019520719281389857,0.5616246093022202,1.884256056197147,4.937504540870094,0,1
2022-04-21,-0.0035852460400626744,0.5580393632621575,1.8908417933690087,5.783326847285129,0,1
2022-04-22,-0.005784232145935318,0.5522551311162223,1.785430611900041,7.130849695608384,0,1
2022-04-25,-0.0073265678200846885,0.5449285632961376,1.5414565308400245,8.822199931225413,0,1
2022-04-26,0.006489427307863544,0.5514179906040011,1.652353555004349,7.399046197187122,0,1
2022-04-27,0.0029642924028081947,0.5543822830068093,1.7040521174901107,6.770579744984288,0,1
2022-04-28,-0.004656322953231522,0.5497259600535778,1.6031171481061133,7.843442406346806,0,1
2022-04-29,0.004207762291718303,0.553933722345296,1.718057334742488,6.935317466800271,0,1
2022-05-02,-0.00544040171976361,0.5484933206255325,1.6919290681760888,8.183679287501327,0,1
2022-05-03,0.0010149072093065682,0.549508227834839,1.7958304469016064,7.989400176415018,0,1
2022-05-04,0.0002678496520307986,0.5497760774868697,1.8473556329653813,7.961360320309869,0,1
2022-05-05,0.0030837627915416125,0.5528598402784114,1.8442423780442145,7.298031975003477,0,1
2022-05-06,0.004682978709970671,0.5575428189883821,1.8678831256002666,6.270960649494532,0,1
2022-05-09,-0.0031463181392736073,0.5543965008491085,1.811169277034805,7.014029848616501,0,1
2022-05-10,-0.0036700271176146305,0.5507264737314939,1.7830811443616315,7.87782099758439,0,1
2022-05-11,0.0007953420577760972,0.55152181578927,1.9243104099951072,7.729252539882626,0,1
2022-05-12,-0.00010918490183372295,0.5514126308874362,1.9372269447894892,7.78619042517268,0,1
2022-05-13,0.0013260474702037738,0.55273867835764,1.9112808761899818,7.513688967690074,0,1
2022-05-16,-0.004924901062155765,0.5478137772954842,1.7191628264007768,8.682581029530805,0,1
2022-05-17,0.0006782899624388683,0.5484920672579231,1.7220533839225902,8.55827358846827,0,1
2022-05-18,-0.0020537147963584973,0.5464383524615646,1.5844265505191766,9.0662499271038,0,1
2022-05-19,-0.0015261687144564808,0.5449121837471081,1.493181194288112,9.453544332247088,0,1
2022-05-20,0.0014710245110217998,0.5463832082581299,1.519302706589878,9.141374218664573,0,1
2022-05-23,0.00016515371900825552,0.5465483619771382,1.5659480713911706,9.134544876961566,0,1
2022-05-24,-0.0017972982213099158,0.5447510637558283,1.520634701539776,9.591662512378456,0,1
2022-05-25,0.003209942737359899,0.5479610064931881,1.522872950027285,8.860837925870504,0,1
2022-05-26,-0.001518128123715636,0.5464428783694725,1.489929794871042,9.254495380183712,0,1
2022-05-27,0.0005780556941465338,0.547020934063619,1.5216234502748185,9.148107674775881,0,1
2022-05-30,-0.005209771125193164,0.5418111629384258,1.398968007260074,10.434515793831181,0,1
2022-05-31,-0.001964672923708447,0.5398464900147173,1.2624913395420387,10.93802483769398,0,1
2022-06-01,0.0002547025084276445,0.5401011925231449,1.3905670913510702,10.908633420018175,0,1
2022-06-02,0.003465627300220794,0.5435668198233657,1.4554487383550732,10.100369296099007,0,1
2022-06-03,0.0043790193145373385,0.5479458391379031,1.583912783010387,9.068847980945916,0,1
2022-06-06,0.0038626636896633834,0.5518085028275664,1.6827825602971613,8.163439241053396,0,1
2022-06-07,-0.0034306316208757995,0.5483778712066907,1.6259686438803773,9.028598232053923,0,1
2022-06-08,0.009606238327102081,0.5579841095337927,1.7639259960225493,6.723565237223529,0,1
2022-06-09,-0.0040854389606492765,0.5538986705731435,1.6992379820573114,7.724966354374791,0,1
2022-06-10,-0.0033014611363700315,0.5505972094367735,1.5806840953949055,8.540616747445855,0,1
2022-06-13,0.001890315041564188,0.5524875244783377,1.648996218869256,8.122939421034724,0,1
2022-06-14,-0.0039878883699532245,0.5484996361083845,1.5528833213181379,9.108002967237416,0,1
2022-06-15,-0.002691048174428991,0.5458085879339555,1.3322928556526787,9.783477202008228,0,1
2022-06-16,-0.000251571536892554,0.5455570163970629,1.3249783291715478,9.87584393870593,0,1
2022-06-17,0.002619360917932254,0.5481763773149951,1.3477793279996984,9.275784006421482,0,1
2022-06-20,0.001721801333694331,0.5498981786486895,1.4003007773150353,8.890870865231078,0,1
2022-06-21,0.0022964629618706933,0.5521946416105602,1.3677029961855531,8.364150023441216,0,1
2022-06-22,0.00023443916210154955,0.5524290807726617,1.3041338326084255,8.338893474892288,0,1
2022-06-23,-0.0008389856560231139,0.5515900951166386,1.234025422417588,8.577022526027633,0,1
2022-06-24,0.003820701537311227,0.5554107966539498,1.441721891117326,7.665166991887326,0,1
2022-06-27,-0.0017444226302607269,0.553666374023689,1.4022931452887701,8.128388073181087,0,1
2022-06-28,-0.003618033915296586,0.5500483401083924,1.3552555381304239,9.05896653675935,0,1
2022-06-29,-0.0004505931022936924,0.5495977470060988,1.3639865711681267,9.203008325402854,0,1
2022-06-30,0.002883560162579185,0.5524813071686779,1.4983990567386838,8.513967035504377,0,1
2022-07-01,-0.0017523228013753228,0.5507289843673027,1.5102960917857353,8.985367605801436,0,1
2022-07-04,0.005348629661723607,0.5560776140290262,1.5471008155723802,7.669960139856856,0,1
2022-07-05,-0.001164313471698277,0.5549133005573279,1.4712153584284473,7.9939168361293635,0,1
2022-07-06,0.00011205137081152206,0.5550253519281394,1.4524952075386102,7.997680793833087,0,1
2022-07-07,-0.0015267193089158017,0.5534986326192236,1.4143219886295282,8.416764197489659,0,1
2022-07-08,0.0008594046827552251,0.5543580373019789,1.4676550718210593,8.229814012332623,0,1
2022-07-11,-0.0007580662762546315,0.5535999710257242,1.486950610720372,8.456028370294767,0,1
2022-07-12,4.892626130847955e-06,0.5536048636518551,1.4940991106034105,8.486777188485869,0,1
2022-07-13,-0.0013080082984278758,0.5522968553534272,1.4336432162875015,8.857697716864505,0,1
2022-07-14,0.0073636754091321215,0.5596605307625593,1.4911778507043223,6.971969417551666,0,1
2022-07-15,0.0003385612873338787,0.5599990920498932,1.4504718611045182,6.917131832331559,0,1
2022-07-18,-0.0017760426434058148,0.5582230494064874,1.505497377117026,7.407345702488715,0,1
2022-07-19,-0.0011155924385000664,0.5571074569679874,1.415095109159903,7.7284835927085425,0,1
2022-07-20,0.002019675482453954,0.5591271324504413,1.54157396529764,7.234275716153074,0,1
2022-07-21,-0.00021195148757346786,0.5589151809628679,1.5475152087926078,7.321738679561279,0,1
2022-07-22,0.0037027656028817,0.5626179465657496,1.5879190042015818,6.379383416646954,0,1
2022-07-25,0.003939296341547676,0.5665572429072973,1.6026213201435655,5.374484811075229,0,1
2022-07-26,2.4674877857919306e-05,0.5665819177851552,1.582864826536096,5.40000187296248,0,1
2022-07-27,0.0011490121278986232,0.5677309299130539,1.6149354453422726,5.127945580055203,0,1
2022-07-28,0.002522264311750227,0.570253194224804,1.6638669329187914,4.488976340849749,0,1
2022-07-29,-0.0020995570176769156,0.5681536372071271,1.6363839938108342,5.081286379558872,0,1
2022-08-01,0.0010851580563463305,0.5692387952634734,1.615322473509713,4.8225557886510195,0,1
2022-08-02,-0.0035761127191340026,0.5656626825443394,1.6492520252335807,5.817768643155153,0,1
2022-08-03,-0.0005442675222970005,0.5651184150220424,1.6853266833898197,5.996433777544741,0,1
2022-08-04,-0.0023801527730321344,0.5627382622490102,1.6383898569405673,6.673423102711885,0,1
2022-08-05,0.0032770966923172085,0.5660153589413275,1.6148299065367597,5.8144025155978625,0,1
2022-08-08,0.0019408623803720874,0.5679562213216995,1.5988197903251253,5.31807320108008,0,1
2022-08-09,0.001939050966623505,0.569895272288323,1.686794111758927,4.820038104629621,0,1
2022-08-10,-0.0036569628274317183,0.5662383094608914,1.6277732208002773,5.85584081672268,0,1
2022-08-11,0.007762985458617425,0.5740012949195088,1.6867425488447125,3.757094407804245,0,1
2022-08-12,-0.000639119543465321,0.5733621753760435,1.6371285389186867,3.961065504220305,0,1
2022-08-15,-0.0025070586989137606,0.5708551166771297,1.6061339875038716,4.671416501388005,0,1
2022-08-16,-0.00908600471106013,0.5617691119660696,1.4934375700783349,7.16950869256425,0,1
2022-08-17,-0.0048941577256149255,0.5568749542404546,1.3925700316268177,8.49272111153335,0,1
2022-08-18,0.00014775721063035603,0.557022711451085,1.4170880697743558,8.485896740753104,0,1
2022-08-19,0.0029392900506443687,0.5599620015017294,1.4540035205756074,7.7409326719154015,0,1
2022-08-22,-0.00828973413257363,0.5516722673691558,1.2845083260577312,9.969258598840488,0,1
2022-08-23,0.0034987873922101478,0.5551710547613659,1.318690256610836,9.09399422389906,0,1
2022-08-24,-0.00237617620115472,0.5527948785602111,1.2731072060684339,9.742798538045072,0,1
2022-08-25,-0.00506017821339908,0.547734700346812,1.3026130909810274,11.093000421756447,0,1
2022-08-26,-0.0015633168166096485,0.5461713835302024,1.2188021593384841,11.53054438156563,0,1
2022-08-29,-0.0005082041352000946,0.5456631793950023,1.1944394866984698,11.695022305699851,0,1
2022-08-30,-0.004432932297584298,0.541230247097418,1.0869133972861873,12.889096747848134,0,1
2022-08-31,-0.0007110588140995155,0.5405191882833185,1.0365975203450655,13.107131581063461,0,1
2022-09-01,0.004826554449167321,0.5453457427324858,1.0617264883812818,11.86936888565631,0,1
2022-09-02,-0.0008528354769371822,0.5444929072555487,1.0629435866444303,12.124957560032248,0,1
2022-09-05,0.00031466066015773525,0.5448075679157064,1.0963325567363718,12.074021519107609,0,1
2022-09-06,0.013375003480266778,0.5581825713959732,1.274562029783339,8.560067272173338,0,1
2022-09-07,-0.0021665338012668745,0.5560160375947063,1.295382874787651,9.131714991335736,0,1
2022-09-08,0.004347506204633369,0.5603635437993397,1.3822595786512986,8.076415841839442,0,1
2022-09-09,-0.004192769517703608,0.5561707742816361,1.272806860920387,9.155938136674777,0,1
2022-09-12,0.007428015565461702,0.5635987898470978,1.3777118591256428,7.333182903967717,0,1
2022-09-13,0.0004347596413027373,0.5640335494884005,1.4542088637658341,7.258123355145274,0,1
2022-09-14,-0.008262245959591782,0.5557713035288087,1.2466735941198854,9.336536533050605,0,1
2022-09-15,0.0010960969438817423,0.5568674004726905,1.2710467878661864,9.101900692440465,0,1
2022-09-16,-0.00027964982246669184,0.5565877506502238,1.3218463599431896,9.20230554775529,0,1
2022-09-19,0.0006884883205592132,0.557276238970783,1.2764390042650007,9.06495618994881,0,1
2022-09-20,0.005565365298950643,0.5628416042697337,1.3612007719454453,7.720261573771225,0,1
2022-09-21,-0.0007877727865481824,0.5620538314831856,1.3543080656444968,7.946147744063367,0,1
2022-09-22,-0.0020481586004077127,0.5600056728827778,1.2489457548950433,8.485033926400092,0,1
2022-09-23,0.0007232658272872003,0.560728938710065,1.2497445938979657,8.337281013884946,0,1
2022-09-26,0.005742843602967517,0.5664717823130325,1.345720604965346,6.933951781786736,0,1
2022-09-27,-0.0026831574088585857,0.5637886249041739,1.2826869427727647,7.6325300828393665,0,1
2022-09-28,0.0048449084913521874,0.5686335333955261,1.3928149186144696,6.4570730634677425,0,1
2022-09-29,-0.024129117359280826,0.5445044160362453,0.863350078193453,12.486876906556503,0,1
2022-09-30,-0.013519577197366862,0.5309848388388785,0.6503868960425496,15.357359964984369,0,1
2022-10-03,-0.0032029000449310865,0.5277819387939474,0.6607906432532202,16.036126152899598,0,1
2022-10-04,0.0014799858330561315,0.5292619246270035,0.5823152439380599,15.768280564463916,0,1
2022-10-05,-0.007190987452511897,0.5220709371744916,0.4774685060935137,17.264905972850624,0,1
2022-10-06,0.001093372009697805,0.5231643091841894,0.4309348771223297,17.075674087868776,0,1
2022-10-07,-0.0015967337117375662,0.5215675754724519,0.3805381832039822,17.43255769923073,0,1
2022-10-10,0.008230574983265281,0.5297981504557172,0.5253291016106854,15.781289850808497,0,1
2022-10-11,0.0027541707279575885,0.5325523211836748,0.5474058833718295,15.255868290277638,0,1
2022-10-12,0.0017782516134675034,0.5343305727971422,0.45673762894996783,14.926534810585053,0,1
2022-10-13,0.0014568363692173702,0.5357874091663596,0.5333306607908896,14.661023979419742,0,1
2022-10-14,-0.0038329807854750857,0.5319544283808845,0.5224658573741474,15.479947544823524,0,1
2022-10-17,0.004771871239991175,0.5367262996208756,0.6136667692812535,14.53013804951915,0,1
2022-10-18,0.005322314921731339,0.5420486145426069,0.7365523486183165,13.466847375161187,0,1
2022-10-19,-0.0017808670136285404,0.5402677475289783,0.7109019619820373,13.864928586118438,0,1
2022-10-20,0.00048559939273099114,0.5407533469217093,0.701462284124875,13.796618649691963,0,1
2022-10-21,0.002083078328504048,0.5428364252502134,0.7397064812242674,13.395820617326557,0,1
2022-10-24,-0.006294539703312615,0.5365418855469007,0.5018573735873406,14.741811682940618,0,1
2022-10-25,-8.523455156201807e-05,0.5364566509953387,0.4616018854735793,14.791539791131564,0,1
2022-10-26,-0.006002970060381536,0.5304536809349572,0.40920476025050684,16.078696483925203,0,1
2022-10-27,-0.0036280966072684204,0.5268255843276888,0.3088660749147868,16.866801845356377,0,1
2022-10-28,0.010262200111056736,0.5370877844387455,0.45821208481937664,14.75488608322513,0,1
2022-10-31,0.0041351520171760674,0.5412229364559216,0.540893879199124,13.940309635285297,0,1
2022-11-01,-0.005164358534200621,0.536058577921721,0.4319574740122931,15.031337347693254,0,1
2022-11-02,0.0008851679865297568,0.5369437459082507,0.43313935325206426,14.881957971824695,0,1
2022-11-03,0.013375679067970476,0.5503194249762211,0.7093472206052016,12.157672150510905,0,1
2022-11-04,-0.003366770117046639,0.5469526548591744,0.6763807433390189,12.858583578719593,0,1
2022-11-07,0.001974627943302437,0.5489272828024768,0.7643855027758112,12.497027292535282,0,1
2022-11-08,0.007304011109358989,0.5562312939118358,0.8928547324839926,11.066147789877775,0,1
2022-11-09,-7.412352963595743e-05,0.5561571703821998,0.8751900238667351,11.11290663477497,0,1
2022-11-10,0.0037033411058696665,0.5598605114880695,0.9449905724534655,10.403730832037214,0,1
2022-11-11,0.00327197899949968,0.5631324904875692,1.0154548122758578,9.77918624974358,0,1
2022-11-14,-0.0013588808537310032,0.5617736096338382,1.0213864726481288,10.084763197587836,0,1
2022-11-15,-0.0023481481111277715,0.5594254615227103,0.945498466422372,10.59202972892285,0,1
2022-11-16,0.007674918703222183,0.5671003802259326,0.9469613963764147,9.063708672288355,0,1
2022-11-17,0.007922521738668697,0.5750229019646013,1.0153775775464573,7.4981579214529415,0,1
2022-11-18,0.010367868605852627,0.5853907705704539,1.107218007436462,5.457899197944277,0,1
2022-11-21,0.00531285939745361,0.5907036299679075,1.21060023554674,4.447543176208855,0,1
2022-11-22,0.009659451956996256,0.6003630819249037,1.3049856638676687,2.5853412601892916,0,1
2022-11-23,0.0015733746231433976,0.6019364565480472,1.400040483152266,2.3132989636815413,0,1
2022-11-24,0.005985821230378096,0.6079222777784252,1.564595345324673,1.182483540830903,0,1
2022-11-25,0.002892845151955071,0.6108151229303803,1.5776168748632824,0.6536526049928476,0,1
2022-11-28,-0.002344545586197013,0.6084705773441833,1.4963532666911386,1.1420023061283784,0,1
2022-11-29,-0.008003278342970136,0.6004672990012132,1.4005344718885253,2.738895059550134,0,1
2022-11-30,0.003278448936563122,0.6037457479377764,1.4805718107642778,2.135136391142118,0,1
2022-12-01,-0.0042151147765883855,0.5995306331611879,1.3822037616561869,2.987366243390454,0,1
2022-12-02,0.0006256922506964412,0.6001563254118844,1.3947345362215506,2.8973923315974375,0,1
2022-12-05,-0.004854938898781602,0.5953013865131027,1.24958114965708,3.8813070034304884,0,1
2022-12-06,-0.004403146260642633,0.5908982402524601,1.0905949916332058,4.777104736739303,0,1
2022-12-07,0.0009615142138143736,0.5918597544662745,1.051950871352024,4.620213010032843,0,1
2022-12-08,0.009181581987854544,0.601041336454129,1.1594432598202746,2.8383173463144873,0,1
2022-12-09,0.0016691352969229463,0.602710471751052,1.1656921293881704,2.5448271994154674,0,1
2022-12-12,0.003647609436231497,0.6063580811872835,1.0266275331755617,1.8618326026818135,0,1
2022-12-13,-0.00841759179453336,0.5979404893927501,0.9069981583531687,3.5485079988902433,0,1
2022-12-14,-0.002426940226632203,0.5955135491661179,0.7917574564572193,4.052895229771938,0,1
2022-12-15,0.0034722603895722005,0.59898580955569,0.8322337202978092,3.4060304478101195,0,1
2022-12-16,0.0030878289089330403,0.602073638464623,0.8280231160064248,2.832449282510033,0,1
2022-12-19,0.0037211607933653546,0.6057947992579884,0.8995506464755356,2.131989253417398,0,1
2022-12-20,0.005914832991229763,0.6117096322492181,0.9932609010932619,0.9966176771981263,0,1
2022-12-21,0.000413670975067797,0.612123303224286,0.9391363922685901,0.947152310503073,0,1
2022-12-22,0.001403623305044246,0.6135269265293303,0.9967013774778165,0.7011200953422705,0,1
2022-12-23,-0.00036777610243964476,0.6131591504268906,0.9778803240140951,0.8063706200553233,0,1
2022-12-26,-0.0014757168576406794,0.6116834335692499,0.9511935069809262,1.1339568514240206,0,1
2022-12-27,-0.0024731144265766497,0.6092103191426733,0.9803886019373446,1.663932524213866,0,1
2022-12-28,0.003919878413907408,0.6131301975565807,0.994635773049009,0.9032354755333069,0,1
2022-12-29,-0.005728667161355824,0.6074015303952249,0.9906285395241522,2.0962177436001657,0,1
2022-12-30,0.009465941405917706,0.6168674718011427,1.0873447882541303,0.21367800136448079,0,1
2023-01-02,-0.0008187749680489798,0.6160486968330937,1.2095191433230286,0.40881157845079097,0,1
2023-01-03,0.0069055316564000475,0.6229542284894938,1.3258257080510205,0.0,0,1
2023-01-04,0.006331973674451723,0.6292862021639455,1.3532612872423355,0.0,0,1
2023-01-05,0.004213621882649099,0.6334998240465946,1.3484411522097273,0.0,0,1
2023-01-06,-0.00047469544197674656,0.6330251286046178,1.3014040875862958,0.1264625995882156,0,1
2023-01-09,0.001770609256629212,0.634795737861247,1.3713502817221197,0.0,0,1
2023-01-10,0.0055237854242688456,0.6403195232855159,1.4447256133745954,0.0,0,1
2023-01-11,-0.003608844441708912,0.6367106788438069,1.3687892215747375,0.756887380398013,0,1
2023-01-12,0.00823934004963194,0.6449500188934388,1.5532931371743324,0.0,0,1
2023-01-13,0.0021277633776512297,0.64707778227109,1.6102714580884827,0.0,0,1
2023-01-16,0.0033077930383270723,0.6503855753094171,1.6771100323496835,0.0,0,1
2023-01-17,-0.0021963171710055666,0.6481892581384116,1.6481444095012772,0.4734837561080476,0,1
2023-01-18,-0.0063574418201743175,0.6418318163182373,1.5353015304577848,1.78933142613426,0,1
2023-01-19,0.00031271963854529036,0.6421445359567826,1.4169681171081292,1.758423021371822,0,1
2023-01-20,-0.003172844968230241,0.6389716909885523,1.4260527817891921,2.4324759739466746,0,1
2023-01-23,0.003766860984762098,0.6427385519733144,1.5149291587222817,1.6996526955196942,0,1
2023-01-24,0.005286764600528305,0.6480253165738428,1.5422377820974609,0.6556567939495903,0,1
2023-01-25,-0.005193867208831368,0.6428314493650114,1.3839983211803941,1.7438072968990774,0,1
2023-01-26,-0.0033653084972162578,0.6394661408677951,1.3513434593256484,2.45967830765382,0,1
2023-01-27,0.0005854158542554181,0.6400515567220505,1.3177792934311894,2.3723602505909196,0,1
2023-01-30,-0.005671357357415241,0.6343801993646353,1.1677258341745451,3.5669817978788676,0,1
2023-01-31,0.0006764673722694637,0.6350566667369048,1.1664599254590813,3.4605963300959184,0,1
2023-02-01,-0.004950356096645497,0.6301063106402592,1.0692892285465811,4.511124864919021,0,1
2023-02-02,0.0008782429054827073,0.6309845535457419,1.0263491917445213,4.3624773054750685,0,1
2023-02-03,0.00165678265943983,0.6326413362051817,1.0168914042028308,4.051772872716321,0,1
2023-02-06,0.0014653676178066942,0.6341067038229884,1.0341947613093203,3.779115459957975,0,1
2023-02-07,-0.0017137268975061027,0.6323929769254822,0.9864681899135992,4.169298982509856,0,1
2023-02-08,0.00395033587014202,0.6363433127956243,1.0754440608132887,3.3715109968167356,0,1
2023-02-09,-0.004891431052753133,0.6314518817428711,1.0216451340269856,4.4328440860766545,0,1
2023-02-10,0.00313102872806409,0.6345829104709353,1.0048077257035424,3.806203164048039,0,1
2023-02-13,-0.00235613182464146,0.6322267786462938,1.0781766114890334,4.33547300913931,0,1
2023-02-14,0.0013805184263379557,0.6336072970726317,1.092559228070179,4.074856652655212,0,1
2023-02-15,0.0026274737573131674,0.636234770829945,1.207261490530066,3.5469779525456304,0,1
2023-02-16,0.0010392778192334134,0.6372740486491784,1.2147614764820924,3.3566492965859056,0,1
2023-02-17,-0.003849227533744076,0.6334248211154343,1.1369507123324016,4.2166755444755,0,1
2023-02-20,-0.0033892328286879553,0.6300355882867463,0.9616970647592151,4.979071097131603,0,1
2023-02-21,-0.000953461634484699,0.6290821266522616,0.9635736677229194,5.2171059204296295,0,1
2023-02-22,0.0023062194084310446,0.6313883460606926,0.871852466441449,4.748020097716511,0,1
2023-02-23,-0.0008175239564250109,0.6305708221042676,0.8405603670595848,4.958429760894778,0,1
2023-02-24,-0.0018815963530194448,0.6286892257512482,0.8035065440705831,5.403344035019376,0,1
2023-02-27,0.0013591176517075444,0.6300483434029558,0.8371608697872733,5.135671965883807,0,1
2023-02-28,0.00162854498038373,0.6316768883833396,0.774135696647297,4.806700109518531,0,1
2023-03-01,-0.003643094973614577,0.628033793409725,0.7155644671254263,5.650296587936592,0,1
2023-03-02,0.004182954743082089,0.632216748152807,0.7388665955252162,4.748619728021651,0,1
2023-03-03,-0.006636597203475114,0.625580150949332,0.7394168881691475,6.263089819088108,0,1
2023-03-06,0.006956185450691907,0.6325363364000238,0.7877817423397198,4.751828470029645,0,1
2023-03-07,0.004533607305398022,0.6370699437054218,0.9984831805350941,3.7859176243422796,0,1
2023-03-08,0.0026318667769978294,0.6397018104824196,0.9559924378070747,3.238596705708981,0,1
2023-03-09,-0.0007573006530030356,0.6389445098294165,0.9327474784293723,3.437943689420066,0,1
2023-03-10,0.001196294735171204,0.6401408045645878,0.8926444596372073,3.20412427314639,0,1
2023-03-13,0.0009001775404038893,0.6410409821049916,0.9357393155380018,3.0350288467765636,0,1
2023-03-14,0.0016993335868030397,0.6427403156917947,0.9723865378021653,2.685287986489694,0,1
2023-03-15,0.0010155786299766165,0.6437558943217713,0.9433871026023869,2.4880229781626744,0,1
2023-03-16,6.05523267990704e-05,0.6438164466485703,0.9878721491529937,2.506287078834992,0,1
2023-03-17,0.0003998107618315798,0.6442162574104019,0.962674913112026,2.4470153250402444,0,1
2023-03-20,4.637286538333453e-05,0.6442626302757852,0.9616023305448392,2.468376318600965,0,1
2023-03-21,0.004924186907088578,0.6491868171828739,1.0699203086757085,1.363134945984386,0,1
2023-03-22,0.0005666370697581758,0.649753454252632,1.113456452376898,1.2644981337408747,0,1
2023-03-23,-0.0027600983106967425,0.6469933559419352,1.0912508172231588,1.9365093295218414,0,1
2023-03-24,-0.003078191416358597,0.6439151645255766,1.133123455145964,2.684711333455531,0,1
2023-03-27,0.0036284958320474126,0.647543660357624,1.2239253294308343,1.8701187732568723,0,1
2023-03-28,-0.0003797463324959798,0.6471639140251281,1.2555265510812925,1.9908750165114888,0,1
2023-03-29,-0.0017664657111432348,0.6453974483139848,1.2397420449008774,2.438081163455182,0,1
2023-03-30,-0.0008850712509114492,0.6445123770630734,1.2359298180412257,2.6791168179972282,0,1
2023-03-31,0.0004517542331262848,0.6449641312961997,1.3447938974626874,2.6038448485464682,0,1
2023-04-03,-0.0012855656913064446,0.6436785656048932,1.3075354899403786,2.9428942179041386,0,1
2023-04-04,-0.0022953797024301455,0.6413831859024631,1.186121709538907,3.5259981969104937,0,1
2023-04-05,-0.0024800518259322033,0.6389031340765309,0.9753605235393926,4.155835268956074,0,1
2023-04-06,-0.002718962011497339,0.6361841720650335,1.1041043855560215,4.845695000237538,0,1
2023-04-07,0.0018723691202601606,0.6380565411852936,1.1029836821711627,4.423203120504896,0,1
2023-04-10,-0.001770553836811237,0.6362859873484824,1.1304472323687558,4.886970552925725,0,1
2023-04-11,0.002405984888448095,0.6386919722369305,1.25309898773289,4.329507871949387,0,1
2023-04-12,0.0009660851303619708,0.6396580573672925,1.3818714677916244,4.1239319764438225,0,1
2023-04-13,0.005776761122052475,0.645434818489345,1.3726747049447965,2.7275260450154923,0,1
2023-04-14,-0.001861132019131686,0.6435736864702133,1.3024740154473062,3.2170106843947246,0,1
2023-04-17,-0.001718630361348639,0.6418550561088646,1.3483732662696806,3.673399248430463,0,1
2023-04-18,0.0021868899276565696,0.6440419460365212,1.3204182473307144,3.1628415257225186,0,1
2023-04-19,0.0004244292325707572,0.644466375269092,1.4114833800105264,3.0891206103061575,0,1
2023-04-20,0.004074589893890675,0.6485409651629827,1.454406875750988,2.100289585088896,0,1
2023-04-21,-0.014571184906119783,0.6339697802568629,1.2077702492846942,5.782053985292016,0,1
2023-04-24,-0.006346810552612598,0.6276229697042504,1.0684580388942746,7.301996634442219,0,1
2023-04-25,0.004714054874804758,0.6323370245790552,1.0688722941726845,6.236477491385671,0,1
2023-04-26,0.008818809578514306,0.6411558341575695,1.232311676327349,4.217695450898908,0,1
2023-04-27,0.0010341495122473273,0.6421899836698168,1.3011946882770087,4.013524785852896,0,1
2023-04-28,-0.003262373553976536,0.6389276101158403,1.241849181122868,4.79467083710199,0,1
2023-05-01,-0.01350105813854861,0.6254265519772917,1.031890601573644,7.934761955242022,0,1
2023-05-02,-0.0013699072081013771,0.6240566447691903,0.9941423869791541,8.267533887438647,0,1
2023-05-03,0.006710931860492331,0.6307675766296826,1.1548095575138302,6.818403020155654,0,1
2023-05-04,-0.00870535706481163,0.622062219564871,1.0162188566959596,8.758694749175735,0,1
2023-05-05,-0.012599750247571073,0.6094624693172999,0.8575361286189475,11.511698003288002,0,1
2023-05-08,-0.0026544348684155155,0.6068080344488843,0.8417733794177834,12.09696276961685,0,1
2023-05-09,0.0014000062530567328,0.608208040701941,0.8408206861149957,11.836003222963443,0,1
2023-05-10,0.0033728522315853845,0.6115808929335264,0.8836504217729858,11.15846605877173,0,1
2023-05-11,-0.0027675575552988693,0.6088133353782275,0.8700711328927515,11.774353313447335,0,1
2023-05-12,-0.017794887479218875,0.5910184478990086,0.5684934914994041,15.57488263160209,0,1
2023-05-15,-0.0014475304158399127,0.5895709174831687,0.569437193117191,15.892549507108514,0,1
2023-05-16,0.020529476678438473,0.6101003941616072,0.8044277499667801,11.851704737602756,0,1
2023-05-17,-0.013424318620656508,0.5966760755409507,0.6909106946948549,14.336434187702805,0,1
2023-05-18,-0.005583511754282637,0.5910925637866681,0.6438682027370111,15.360416868962181,0,1
2023-05-19,0.00326403353809612,0.5943565973247642,0.6811767722772198,14.812480682438615,0,1
2023-05-22,0.005042482581937204,0.5993990799067014,0.7002721166154199,13.945119640338266,0,1
2023-05-23,0.005440112165829087,0.6048391920725305,0.7130232987229034,13.0057711106598,0,1
2023-05-24,0.006431854894620009,0.6112710469671505,0.7437479324939913,11.888969638933496,0,1
2023-05-25,-0.004589040079774012,0.6066820068873765,0.7286985608895662,12.739138398631436,0,1
2023-05-26,0.0019346100573412533,0.6086166169447178,0.6370713225701685,12.425577834544185,0,1
2023-05-29,0.0009771252128494175,0.6095937421575672,0.7017633011135785,12.282158605451073,0,1
2023-05-30,-0.003809080541661929,0.6057846616159053,0.695155776425521,13.001870807557898,0,1
2023-05-31,-0.0032999932618800474,0.6024846683540253,0.6293040159949306,13.631482489200447,0,1
2023-06-01,-0.0004943947898694195,0.6019902735641558,0.674189416384158,13.753355053232541,0,1
2023-06-02,0.00311040369200594,0.6051006772561618,0.7473199117511246,13.216755366626044,0,1
2023-06-05,-0.0016382996645298408,0.6034623775916319,0.7296522905885339,13.549430770275999,0,1
2023-06-06,-0.0026237810433534115,0.6008385965482785,0.6634622702337168,14.065500266762653,0,1
2023-06-07,0.0027437256169682953,0.6035823221652469,0.6761152482754286,13.589080018698303,0,1
2023-06-08,0.00401453479988914,0.607596856965136,0.6971950072508128,12.87398260378127,0,1
2023-06-09,-0.003518531379145104,0.6040783255859908,0.6492515245514817,13.562459874587617,0,1
2023-06-12,0.0040131005845740276,0.6080914261705649,0.7094979796202331,12.843268082549988,0,1
2023-06-13,0.00024391101904702012,0.6083353371896119,0.6652649645417797,12.829505611108333,0,1
2023-06-14,0.007976105262062543,0.6163114424516744,0.7839845540061522,11.356087782674857,0,1
2023-06-15,-0.004959819593046923,0.6113516228586274,0.7664624194664842,12.317489365733739,0,1
2023-06-16,0.0010105628593363514,0.6123621857179637,0.7847248923697436,12.159986637605085,0,1
2023-06-19,-0.0007968740987206895,0.6115653116192431,0.7390504308765589,12.342268858312588,0,1
2023-06-20,0.0008302477906580222,0.6123955594099011,0.7715729001825682,12.21682520515288,0,1
2023-06-21,-0.0028638351019526906,0.6095317243079484,0.6696920550100488,12.795015829260212,0,1
2023-06-22,0.0005321860695812251,0.6100639103775297,0.6910442217598598,12.725116738268875,0,1
2023-06-23,-0.002703103524733239,0.6073608068527965,0.6553330915663511,13.277710372408325,0,1
2023-06-26,-0.0062544731017815,0.601106333751015,0.5943344595440259,14.519328791310844,0,1
2023-06-27,0.011878892411165205,0.6129852261621802,0.7242815834742764,12.260057894286142,0,1
2023-06-28,-0.006474954284355615,0.6065102718778246,0.651477141179421,13.511588716601135,0,1
2023-06-29,0.005183630161146536,0.6116939020389711,0.7139127751098769,12.570010511814939,0,1
2023-06-30,0.002487544535808922,0.61418144657478,0.7604067067116043,12.134670142667678,0,1
2023-07-03,0.0024374437376963897,0.6166188903124764,0.7023166037739836,11.706673050874153,0,1
2023-07-04,-0.0003009458236044414,0.616317944488872,0.6944173511862555,11.795737156776516,0,1
2023-07-05,0.004630261675316326,0.6209482061641883,0.772512236976066,10.944848594154385,0,1
2023-07-06,-0.002147944126317648,0.6188002620378706,0.7595745612697326,11.386947179222261,0,1
2023-07-07,-0.004752484386343413,0.6140477776515272,0.6750879082776347,12.330675177481204,0,1
2023-07-10,-0.0031210827168017745,0.6109266949347254,0.6388013960745904,12.962015509529849,0,1
2023-07-11,-0.0010522047647352991,0.6098744901699901,0.5808715106437142,13.196823807091224,0,1
2023-07-12,0.0011459854691596868,0.6110204756391497,0.5470818108117665,13.00673246364543,0,1
2023-07-13,0.00020313992880571525,0.6112236155679555,0.5492786029561723,12.999154919663665,0,1
2023-07-14,0.002595247020909133,0.6138188625888646,0.5668633329304417,12.522491900944205,0,1
2023-07-17,0.005771759834235774,0.6195906224231004,0.6056536670821255,11.41838088302356,0,1
2023-07-18,0.0014818584933631571,0.6210724809164635,0.6497976977241371,11.159185145038519,0,1
2023-07-19,0.000267584805987487,0.621340065722451,0.6397955156755605,11.138331803048516,0,1
2023-07-20,-0.004027995264609306,0.6173120704578418,0.6340733234020763,11.970686033140606,0,1
2023-07-21,0.00018930370794669393,0.6175013741657884,0.643106300898985,11.96500354813711,0,1
2023-07-24,0.0023859603550551384,0.6198873345208435,0.7017280352824335,11.51920315346688,0,1
2023-07-25,0.007791252955795178,0.6276785874766387,0.7544411927560686,9.983984033183436,0,1
2023-07-26,-0.000310579143846679,0.627368008332792,0.7270359959666983,10.077950956211689,0,1
2023-07-27,-0.0012083714580704316,0.6261596368747216,0.6885643296793533,10.352410281357646,0,1
2023-07-28,0.0019237118885185346,0.6280833487632402,0.7575581588341258,9.996338603534808,0,1
2023-07-31,0.004018655322267361,0.6321020040855075,0.7139638198711852,9.21365871369783,0,1
2023-08-01,0.0031827613864617225,0.6352847654719692,0.7604750278855598,8.599187189902853,0,1
2023-08-02,0.003951848495563458,0.6392366139675326,0.8394180312275578,7.8258023451728045,0,1
2023-08-03,0.00040453041582650946,0.6396411443833592,0.9623136249223397,7.775200658721634,0,1
2023-08-04,0.0021074257651044793,0.6417485701484636,1.0507665956265715,7.374367418719741,0,1
2023-08-07,0.005783291827737163,0.6475318619762008,1.1180116411634835,6.212968319276653,0,1
2023-08-08,-0.0030406101115991796,0.6444912518646017,1.0437661647525642,6.870898048405262,0,1
2023-08-09,0.004028350348510559,0.6485196022131122,1.2015032184612506,6.070745029815646,0,1
2023-08-10,-0.0006319510287743366,0.6478876511843379,1.1510306159915185,6.23353159560214,0,1
2023-08-11,-0.003968606468552356,0.6439190447157855,1.1302806040416484,7.091488547320523,0,1
2023-08-14,-0.0018839136083370635,0.6420351311074485,1.17187926424758,7.516296093709467,0,1
2023-08-15,-0.0019356759900818212,0.6400994551173667,1.1671094542926674,7.953870759055411,0,1
2023-08-16,-0.0006728773926669644,0.6394265777246997,1.1650347731857298,8.127543550370198,0,1
2023-08-17,-0.002217332781150347,0.6372092449435494,1.1940770418302014,8.629026267419993,0,1
2023-08-18,0.002034925089771796,0.6392441700333211,1.228096040495452,8.228240908709083,0,1
2023-08-21,0.004640835940838441,0.6438850059741595,1.2259387790422138,7.26858261109923,0,1
2023-08-22,0.00234768840733622,0.6462326943814958,1.2655374459594904,6.798883025723678,0,1
2023-08-23,-0.0032681327006528495,0.6429645616808429,1.2197051933017227,7.532323897465728,0,1
2023-08-24,-0.0062674653667732245,0.6366970963140697,0.9852454008732944,8.913446164001753,0,1
2023-08-25,0.0023433671261122438,0.639040463440182,1.0420099951375348,8.443389351623932,0,1
2023-08-28,0.00013110937945592325,0.6391715728196379,0.990354017930417,8.447186967842812,0,1
2023-08-29,0.002623825198852777,0.6417953980184906,1.0773047558523154,7.9113437593336435,0,1
2023-08-30,0.00021097532507185178,0.6420063733435625,0.9904636319580096,7.897514652361486,0,1
2023-08-31,0.00815644533479485,0.6501628186783573,1.0827234688970944,6.1471397489423385,0,1
2023-09-01,-0.0030502265190170148,0.6471125921593404,1.1539682087055225,6.837518525297805,0,1
2023-09-04,0.008555236905405815,0.6556678290647462,1.2416455035450835,5.016903409202911,0,1
2023-09-05,5.222763783087423e-05,0.655720056702577,1.245849347723166,5.037757551811345,0,1
2023-09-06,-0.003200104985535678,0.6525199517170414,1.1957743716288436,5.757222442752581,0,1
2023-09-07,-0.0005564756364523793,0.651963476080589,1.1212316028568137,5.90913908136407,0,1
2023-09-08,-0.0019570235885280687,0.6500064524920609,1.1061685788832116,6.36524829735704,0,1
2023-09-11,-0.00794938833604355,0.6420570641560174,1.0268476084620028,8.128114426540195,0,1
2023-09-12,-0.0030338426693238447,0.6390232214866935,0.9789801466166684,8.813252279604999,0,1
2023-09-13,0.0029661053264411525,0.6419893268131347,0.9459245553276499,8.204602147571052,0,1
2023-09-14,0.0003371707956542465,0.6423264976087889,0.9844469135345159,8.163536843948684,0,1
2023-09-15,-0.0031285330942211606,0.6391979645145678,0.8851261818104759,8.877495078012007,0,1
2023-09-18,0.00242121961737133,0.6416191841319391,1.279416052366732,8.380104603748357,0,1
2023-09-19,0.004348230884669322,0.6459674150166084,1.5388925681294765,7.457418735206685,0,1
2023-09-20,0.0034377997110382197,0.6494052147276466,1.628451713808955,6.7342424422546285,0,1
2023-09-21,0.005732686853928625,0.6551379015815751,1.6814037245767401,5.503826404782382,0,1
2023-09-22,-0.0003675824391434886,0.6547703191424317,1.7818844179890894,5.61650829226109,0,1
2023-09-25,0.0013418998186340632,0.6561122189610658,1.7851664021383273,5.352318286096116,0,1
2023-09-26,0.007453665991862559,0.6635658849529283,1.899320132028209,3.73038242502106,0,1
2023-09-27,-0.011020649310980055,0.6525452356419483,1.6310700018654467,6.183823430344482,0,1
2023-09-28,-0.00293528117203532,0.649609954469913,1.5545840026825157,6.8434740312086,0,1
2023-09-29,-0.00780687998342476,0.6418030744864882,1.4190130227776054,8.550643152909474,0,1
2023-10-02,-0.0015101614643843306,0.6402929130221039,1.3795191710751602,8.903385196363342,0,1
2023-10-03,0.010241057864058769,0.6505339708861627,1.554808758763332,6.749072901044957,0,1
2023-10-04,0.01051531696973686,0.6610492878558996,1.6187097879162797,4.583411421003397,0,1
2023-10-05,0.0009596478883077599,0.6620089357442073,1.564984519989737,4.419127871202355,0,1
2023-10-06,0.0032736830471682553,0.6652826187913755,1.6305602826586143,3.7777877999596594,0,1
2023-10-09,0.012482657961895186,0.6777652767532707,1.76567366047776,1.234196823264805,0,1
2023-10-10,-0.005947630368282836,0.6718176463849879,1.6567550140253036,2.455529371085609,0,1
2023-10-11,-0.0033620103182342093,0.6684556360667536,1.6988230226293979,3.1582314194252037,0,1
2023-10-12,-0.0036338228943648054,0.6648218131723889,1.6508165103518673,3.9174591753287533,0,1
2023-10-13,0.0038970039547791082,0.668718817127168,1.7827571403707831,3.1674619237481823,0,1
2023-10-16,-0.0042833692120309245,0.6644354479151371,1.773438447913062,4.060933036646778,0,1
2023-10-17,-0.0009694349326867344,0.6634660129824503,1.6413630529825884,4.2882022990971125,0,1
2023-10-18,0.002197768922291834,0.6656637819047422,1.6176123292871545,3.8750791782627183,0,1
2023-10-19,-0.00047151492060512785,0.665192266984137,1.6830530195395301,4.003031063533339,0,1
2023-10-20,-0.01214333363038433,0.6530489333537527,1.4931721680203758,6.520115997898459,0,1
2023-10-23,-0.006684676163644124,0.6463642571901086,1.2473483510521326,7.881178779656722,0,1
2023-10-24,0.0021236540668041095,0.6484879112569127,1.3198927636653877,7.492807294574116,0,1
2023-10-25,-0.004411113818993088,0.6440767974379197,1.2347409675346626,8.4021615394902,0,1
2023-10-26,0.006959478170885711,0.6510362756088054,1.2307524526454812,7.048136680690488,0,1
2023-10-27,-0.0005772908690273052,0.650458984739778,1.2241476072056463,7.194514460060096,0,1
2023-10-30,-0.006512252276783261,0.6439467324629947,1.0882481538067321,8.524057723943752,0,1
2023-10-31,0.002552389174466006,0.6464991216374607,1.0792708445733812,8.049500857560334,0,1
2023-11-01,0.005602233106465378,0.652101354743926,1.1669730297862395,6.964871876394148,0,1
2023-11-02,0.0006981246475397272,0.6527994793914658,1.207059052962837,6.857927628286158,0,1
2023-11-03,0.0020480478186675087,0.6548475272101333,1.1391524329620315,6.479981662933675,0,1
2023-11-06,-0.0018528583619335914,0.6529946688481997,1.0167895727135543,6.884660051721234,0,1
2023-11-07,0.001924984097374286,0.654919652945574,0.9144080158733489,6.527564249149415,0,1
2023-11-08,-0.0064645955700778045,0.6484550573754961,0.7582385451382762,7.872704188011981,0,1
2023-11-09,-0.008468684100700194,0.6399863732747959,0.5208830000490802,9.617816364754097,0,1
2023-11-10,0.0015955472005460896,0.641581920475342,0.5211716280105012,9.330594966448688,0,1
2023-11-13,0.0015485086871189907,0.643130429162461,0.4641292567187005,9.051174408057145,0,1
2023-11-14,0.002162500111873293,0.6452929292743342,0.4546394219582227,8.645997235791382,0,1
2023-11-15,-0.0011452642653988917,0.6441476650089354,0.4706386190451381,8.910624325696173,0,1
2023-11-16,0.0015488778328309168,0.6456965428417663,0.6000355734361356,8.626313564751749,0,1
2023-11-17,0.0022839046916870095,0.6479804475334533,0.5871090474637025,8.189462218210975,0,1
2023-11-20,-0.004745615485301973,0.6432348320481514,0.5798157560079755,9.200088781485928,0,1
2023-11-21,0.003718531176635521,0.6469533632247869,0.6201755704630667,8.465094516839958,0,1
2023-11-22,0.003332392597217341,0.6502857558220042,0.7296891464879376,7.808116206622932,0,1
2023-11-23,-0.005831071870870199,0.644454683951134,0.7097881706608147,9.049379977279461,0,1
2023-11-24,0.005526319653787962,0.649981003604922,0.7684260907884753,7.938365190525488,0,1
2023-11-27,-0.0018560394819279505,0.648124964122994,0.6266869989026926,8.353590236913714,0,1
2023-11-28,-0.0026155129643922826,0.6455094511586017,0.5693764593272982,8.928289020585868,0,1
2023-11-29,-0.001330052438896419,0.6441793987197053,0.5035994299612926,9.237394151346548,0,1
2023-11-30,0.003993688817719679,0.648173087537425,0.6723990471275471,8.432933094110838,0,1
2023-12-01,-0.0011753705759885537,0.6469977169614364,0.6894619539490036,8.711547063815413,0,1
2023-12-04,-0.0017477046301319272,0.6452500123313044,0.6199455962321566,9.112236518698342,0,1
2023-12-05,0.0023650333999763315,0.6476150457312807,0.6104616708598304,8.64284497128491,0,1
2023-12-06,-0.0058753467623661165,0.6417396989689146,0.48079898039138524,9.925851588097558,0,1
2023-12-07,0.0010883901501800835,0.6428280891190946,0.41745657413396864,9.726865649557814,0,1
2023-12-08,-0.0007883759984501522,0.6420397131206445,0.40130424168536005,9.92711347611789,0,1
2023-12-11,-0.002903555068537017,0.6391361580521074,0.34329817782216027,10.58222522763142,0,1
2023-12-12,-0.0007832091902375536,0.6383529488618699,0.3377121431116974,10.782904658395186,0,1
2023-12-13,-0.0007631637679633776,0.6375897850939065,0.3473179063944255,10.980191924240325,0,1
2023-12-14,0.002093047256200516,0.639682832350107,0.40863619023228415,10.55635726267095,0,1
2023-12-15,-0.00019059332989090276,0.6394922390202161,0.35397346681597913,10.630065874279715,0,1
2023-12-18,0.0008723312307350021,0.6403645702509512,0.4439548493823774,10.470116465794597,0,1
2023-12-19,-0.0038452877059217214,0.6365192825450294,0.2664221739147782,11.353010332187031,0,1
2023-12-20,0.00029789780631972766,0.6368171803513492,0.2815807397405641,11.318996040535838,0,1
2023-12-21,0.0025634075562639465,0.6393805879076131,0.22354301849343292,10.779596940410022,0,1
2023-12-22,-0.0007351549976820954,0.638645432909931,0.12782834552604386,10.976116854597734,0,1
2023-12-25,0.0008595050761628666,0.6395049379860939,0.08214673569541193,10.814704918111767,0,1
2023-12-26,-0.0020441497296130135,0.6374607882564809,0.06065464383660827,11.309289441753888,0,1
2023-12-27,-0.011646760608547514,0.6258140276479334,-0.12132758901701278,13.988849158583239,0,1
2023-12-28,-0.0006975933718010407,0.6251164342761323,-0.20594400443646568,14.17423086696053,0,1
2023-12-29,-0.0033193214289125098,0.6217971128472197,-0.20205861750003654,14.940151544100642,0,1
2024-01-01,-0.0010225878850398415,0.6207745249621799,-0.3296173294693549,15.198859342256947,0,1
2024-01-02,-0.0010339131908522138,0.6197406117713277,-0.3728670427979197,15.461336853558869,0,1
2024-01-03,-0.004846555519024177,0.6148940562523035,-0.4836160181041973,16.579608868384984,0,1
2024-01-04,0.0025823343240281953,0.6174763905763317,-0.4183805643209773,16.033434473745682,0,1
2024-01-05,-0.009793994891191583,0.6076823956851402,-0.46285459961185854,18.266747221464797,0,1
2024-01-08,0.00014146152919108576,0.6078238572143312,-0.46518111043985755,18.267641257634136,0,1
2024-01-09,0.0017450275329669671,0.6095688847472982,-0.3987361519414477,17.913601464456494,0,1
2024-01-10,0.002610349344170452,0.6121792340914687,-0.41471163637947295,17.36528515954915,0,1
2024-01-11,0.004238088754675873,0.6164173228461446,-0.4293482287492122,16.451485046628942,0,1
2024-01-12,0.0008345733931687594,0.6172518962393133,-0.34826202375138204,16.297130604128235,0,1
2024-01-15,0.003996168118394001,0.6212480643577073,-0.24790049296987815,15.431790744729199,0,1
2024-01-16,-0.0035675803919741045,0.6176804839657332,-0.30408228585668373,16.265806219559558,0,1
2024-01-17,0.0006626173201504171,0.6183431012858835,-0.21860883374699464,16.14855027074098,0,1
2024-01-18,-0.0010987425471051947,0.6172443587387784,-0.24279598091820098,16.429470445084295,0,1
2024-01-19,-0.0009401984808051296,0.6163041602579732,-0.1885396998532966,16.675630576796735,0,1
2024-01-22,0.00634716323843966,0.6226513234964128,-0.11341091034639994,15.253945949707441,0,1
2024-01-23,0.007797488270891851,0.6304488117673047,-0.02967926794545886,13.511401800704292,0,1
2024-01-24,-0.0056373438096648,0.6248114679576399,-0.1254891261081432,14.810811645045245,0,1
2024-01-25,0.008429928625506386,0.6332413965831463,0.011383175743246439,12.954149830132565,0,1
2024-01-26,0.0028783114911249564,0.6361197080742712,-0.003002063857575482,12.350593840695844,0,1
2024-01-29,0.0057036361105933745,0.6418233441848645,0.13914226485482364,11.118839288717089,0,1
2024-01-30,-0.001742177317029654,0.6400811668678349,0.07380686058319269,11.535548588688501,0,1
2024-01-31,0.002624036683728303,0.6427052035515632,0.1406461673140342,10.985273188391542,0,1
2024-02-01,-0.0033461179602821945,0.6393590855912811,0.07713646876659642,11.762634453923567,0,1
2024-02-02,-0.00174242953728322,0.6376166560539979,0.018538520839569656,12.183766573616257,0,1
2024-02-05,-0.002179388971899845,0.635437267082098,-0.02463300991212984,12.704870755504864,0,1
2024-02-06,-0.00882985420304669,0.6266074128790513,-0.0909145671155869,14.727176689174854,0,1
2024-02-07,-0.006829913394696658,0.6197774994843547,-0.1363753836845425,16.27315303745761,0,1
2024-02-08,-0.004092197522021995,0.6156853019623327,-0.17785894963222318,17.205610668623915,0,1
2024-02-09,-0.012635999849122843,0.6030493021132098,-0.37129802620496727,20.02107516879672,0,1
2024-02-12,0.0008045838278233551,0.6038538859410332,-0.3500351607746654,19.882343837916643,0,1
2024-02-13,-0.00041359519320067844,0.6034402907478325,-0.33088906689991104,20.00261549249204,0,1
2024-02-14,0.0009802618580330449,0.6044205526058655,-0.3358817688290208,19.824231631779593,0,1
2024-02-15,-0.002360268745953314,0.6020602838599122,-0.3880916426789714,20.3656277013413,0,1
2024-02-16,-0.000574638051423026,0.6014856458084892,-0.348249731370659,20.522184570138652,0,1
2024-02-19,-0.00542078711439427,0.5960648586940949,-0.4738413423564923,21.735800510578763,0,1
2024-02-20,0.0045352378251424085,0.6006000965192373,-0.32799813251508053,20.78147405832517,0,1
2024-02-21,0.00938639430940476,0.6099864908286421,-0.2950684071292039,18.771786821424836,0,1
2024-02-22,-0.00849867166885971,0.6014878191597823,-0.4636700474145262,20.619650636746407,0,1
2024-02-23,-0.0057212651393896245,0.5957665540203927,-0.5713965942080694,21.85826871210868,0,1
2024-02-26,0.000385355958076559,0.5961519099784692,-0.5565373560454481,21.809218718905306,0,1
2024-02-27,0.001965522918096859,0.598117432896566,-0.5464088507101665,21.42540310440065,0,1
2024-02-28,-0.0009571575152232583,0.5971602753813428,-0.5705842825122187,21.66087674252491,0,1
2024-02-29,0.007102297849135032,0.6042625732304778,-0.4982559119905329,20.174758994929626,0,1
2024-03-01,0.001482811925802718,0.6057453851562805,-0.49215159980247225,19.89216345691479,0,1
2024-03-04,0.0031349793437167686,0.6088803644999973,-0.4519388970889253,19.255562631943597,0,1
2024-03-05,0.003689250241109998,0.6125696147411073,-0.40889653223658334,18.498239520444596,0,1
2024-03-06,0.0010917405001152278,0.6136613552412225,-0.39534187855103403,18.296158438866623,0,1
2024-03-07,-0.001135537271002272,0.6125258179702202,-0.4746026026268969,18.57298138106261,0,1
2024-03-08,-0.0002105701080192617,0.6123152478622009,-0.48468462182022587,18.650635105760422,0,1
2024-03-11,-0.0029372882385135736,0.6093779596236873,-0.4869395277813698,19.323030094307075,0,1
2024-03-12,-0.008901896632779759,0.6004760629909076,-0.5591566723701308,21.302433967892227,0,1
2024-03-13,-0.004889705293023407,0.5955863576978842,-0.6683884309507897,22.387371827535187,1,1
2024-03-14,-0.0042718704965596455,0.5913144872013245,-0.7174821336216789,23.338694235754062,1,1
2024-03-15,-0.0007777601685122874,0.5905367270328122,-0.7049015721689131,23.538227714807295,1,1
2024-03-18,0.0027944341530390052,0.5933311611858513,-0.6571589246896166,22.964946691864277,1,1
2024-03-19,-0.0006495407455630203,0.5926816204402883,-0.6713123501371929,23.138164894084266,1,1
2024-03-20,0.007483009374555664,0.600164629814844,-0.5560853868020125,21.534147023866762,0,1
2024-03-21,0.0004778235629930961,0.6006424533778371,-0.5208202578983419,21.462680188100684,0,1
2024-03-22,-0.0028401915841680878,0.597802261793669,-0.5253469790125217,22.113277434011415,0,1
2024-03-25,0.007027314691600868,0.6048295764852699,-0.3993126684758987,20.609296188043192,0,1
2024-03-26,0.004397907777553157,0.609227484262823,-0.3666604990973054,19.687452923851737,0,1
2024-03-27,0.0035059998045082657,0.6127334840673313,-0.29930287297616126,18.95865954567108,0,1
2024-03-28,-0.005211224176696221,0.6075222598906351,-0.3954725906002118,20.124250629072527,0,1
2024-03-29,0.006443501256219928,0.6139657611468551,-0.324884886404638,18.756913047941946,0,1
2024-04-01,-0.000828584383395813,0.6131371767634592,-0.40953244488799273,18.96788533672686,0,1
2024-04-02,-0.0059969393260888276,0.6071402374373704,-0.46081357426167996,20.302413707916383,0,1
2024-04-03,0.006559400859888239,0.6136996382972587,-0.3549164702274991,18.915403853107446,0,1
2024-04-04,-0.007287322770299291,0.6064123155269594,-0.47262624348612314,20.514808455741495,0,1
2024-04-05,0.0026686603608579527,0.6090809758878174,-0.4441729162931227,19.977570838530205,0,1
2024-04-08,-0.0036551246984381277,0.6054258511893793,-0.5414407222724641,20.79229214157505,0,1
2024-04-09,0.0016259671981127728,0.6070518183874921,-0.3436417566333649,20.475337934017368,0,1
2024-04-10,-0.005991516772100897,0.6010603016153913,-0.3392250992418372,21.799775452243786,0,1
2024-04-11,-0.0027833298795522186,0.598276971735839,-0.43555087164667733,22.42987772859829,0,1
2024-04-12,0.0067449879064509135,0.60502195964229,-0.4633166150343223,21.00712093732115,0,1
2024-04-15,0.008353638864493673,0.6133755985067837,-0.36733872282592733,19.248849835634406,0,1
2024-04-16,-0.002536073485699793,0.6108395250210839,-0.35819735336789116,19.817613703890334,0,1
2024-04-17,-0.03064066394447989,0.580198861076604,-0.5444571061346208,26.361332488850834,0,1
2024-04-18,0.0003110213656305437,0.5805098824422346,-0.5242669807117473,26.33892771571106,0,1
2024-04-19,0.00547715209705857,0.5859870345392931,-0.5397261018306241,25.407160536026446,0,1
2024-04-22,-0.005935635154115866,0.5800513993851772,-0.5078061115796825,26.484049183323087,0,1
2024-04-23,0.007068587985892914,0.5871199873710702,-0.27213573071803365,25.272394946736945,0,1
2024-04-24,0.009853695668130515,0.5969736830392007,-0.11897818678300782,23.57614024005675,0,1
2024-04-25,0.0120591436372884,0.6090328266764892,0.009875032428429038,21.516795828183504,0,1
2024-04-26,-0.003233191467784396,0.6057996352087047,-0.06922330960540778,22.098962140695416,0,1
2024-04-29,-0.008051777211433195,0.5977478579972715,-0.13195882711879128,23.50657489237393,0,1
2024-04-30,-0.001211956718022009,0.5965359012792495,0.06732143992805768,23.744587554941795,0,1
2024-05-01,-0.0036688878445697657,0.5928670134346797,0.040183239746531665,24.403677335835624,0,1
2024-05-02,0.016920882744273814,0.6097878961789536,-0.0038485473806251563,21.53346481534512,0,1
2024-05-03,-0.011008047922298406,0.5987798482566552,0.026025679174224846,23.37786193312994,0,1
2024-05-06,0.0032307534143929595,0.6020106016710481,0.13528613760701247,22.884798213789587,0,1
2024-05-07,0.0030192651456875715,0.6050298668167358,0.13226860065971935,22.42405231714364,0,1
2024-05-08,0.016263964774564488,0.6212938315913002,0.2665113008331719,19.79010463146533,0,1
2024-05-09,-0.0037895421555047427,0.6175042894357955,0.15432419625073904,20.422583960800186,0,1
2024-05-10,0.0037164905475457364,0.6212207799833412,0.12148405880240971,19.863523861690393,0,1
2024-05-13,0.0032196292356417387,0.624440409218983,0.21701314293344032,19.381560293482192,0,1
2024-05-14,0.0016442302398822937,0.6260846394588653,0.21348053111492848,19.149972813272388,0,1
2024-05-15,-0.012832552727909983,0.6132520867309553,0.04416889144676445,21.250330621868937,0,1
2024-05-16,-0.00041593438371194044,0.6128361523472434,0.0852259131272732,21.34815253736826,0,1
2024-05-17,0.002593805625088911,0.6154299579723324,0.15651263495957596,20.967380529760508,0,1
2024-05-20,0.0012143501818750071,0.6166443081542073,0.17715839530240185,20.805209279177724,0,1
2024-05-21,0.007051922497371023,0.6236962306515784,0.2241622775582637,19.70329800545028,0,1
2024-05-22,0.0010983353888474891,0.6247945660404259,0.2571870830897409,19.558988494619186,0,1
2024-05-23,-0.01337163158307756,0.6114229344573484,0.12603059143286774,21.749626847732515,0,1
2024-05-24,-0.013510309340698466,0.59791262511665,-0.06668689311353732,23.91820923608057,0,1
2024-05-27,-0.005574918114765866,0.5923377070018842,-0.17930227593785314,24.814343685097842,0,1
2024-05-28,-0.0004921177977468846,0.5918455892041372,-0.14385779171707852,24.922743505182,0,1
2024-05-29,8.706659450250301e-06,0.5918542958635875,-0.19116873035865842,24.95339342218895,0,1
2024-05-30,9.521685211130151e-05,0.5919495127156988,-0.19292032079611013,24.970451061513916,0,1
2024-05-31,-0.00407918722515892,0.58787032549054,-0.3360005648310277,25.646711052043432,0,1
2024-06-03,-0.001378035238459919,0.58649229025208,-0.2941364697415255,25.89709656222527,0,1
2024-06-04,0.0031868593495775056,0.5896791496016576,-0.2682073086900993,25.421301510102115,0,1
2024-06-05,0.004991915800474659,0.5946710654021322,-0.19940898912579183,24.654471040989584,0,1
2024-06-06,-0.002782569155953155,0.591888496246179,-0.24194258035506463,25.13269380736657,0,1
2024-06-07,-0.006264421581076185,0.5856240746651028,-0.2814670374279012,26.17392001680401,0,1
2024-06-10,-0.0031696188815132295,0.5824544557835896,-0.32484604206176665,26.716509987038393,0,1
2024-06-11,0.009058143705390109,0.5915125994889797,-0.1854830800477576,25.28314543415838,0,1
2024-06-12,-0.010622446235909374,0.5808901532530704,-0.23542901348628215,27.022380013319026,0,1
2024-06-13,-0.007699944876079433,0.573190208376991,-0.4661776589493599,28.278527107346918,0,1
2024-06-14,-0.009250295832673602,0.5639399125443174,-0.4972334188575919,29.776956816974558,0,1
2024-06-17,0.004700389475541949,0.5686403020198594,-0.5030473660460062,29.06870261131045,0,1
2024-06-18,-0.007753142781618064,0.5608871592382413,-0.6205869112601178,30.3249348651116,0,1
2024-06-19,-0.0016262615765818295,0.5592608976616594,-0.6681370367497961,30.61299882983987,1,1
2024-06-20,0.002614941587864683,0.5618758392495241,-0.6338255174683084,30.231058286572242,1,1
2024-06-21,-0.002765428134548186,0.559110411114976,-0.7207684329993667,30.702937854850312,1,1
2024-06-24,-0.005535215696921563,0.5535751954180543,-0.758997067013588,31.6194877339441,1,1
2024-06-25,-0.000470345443351684,0.5531048499747027,-0.710140483171907,31.726753376241277,1,1
2024-06-26,-0.001588374332966565,0.5515164756417361,-0.6925855737596137,32.01437020744263,1,1
2024-06-27,0.0005919999166822659,0.5521084755584184,-0.6734175952002597,31.950596884428315,1,1
2024-06-28,0.008238131735841625,0.56034660729426,-0.5879652620809083,30.642068853398413,0,1
2024-07-01,-0.00631688554922143,0.5540297217450386,-0.6619668410123103,31.69731044268512,1,1
2024-07-02,0.014183511744613981,0.5682132334896526,-0.5209397483633528,29.432442180501845,0,1
2024-07-03,0.004889161547315711,0.5731023950369682,-0.5313588759538873,28.691454175773707,0,1
2024-07-04,0.0018715554782274299,0.5749739505151957,-0.5268547530239783,28.42687618937679,0,1
2024-07-05,-0.0005938311857214701,0.5743801193294743,-0.5367010757594078,28.553487222776305,0,1
2024-07-08,0.0034783266407450663,0.5778584459702194,-0.45095769789747137,28.02819158719673,0,1
2024-07-09,-0.0007127854347744624,0.5771456605354449,-0.4612630197289644,28.174859667042288,0,1
2024-07-10,0.003432047246965415,0.5805777077824104,-0.44911810640195815,27.651633067954396,0,1
2024-07-11,0.0004407174095115802,0.5810184251919219,-0.5353052448267753,27.612058191138594,0,1
2024-07-12,-0.003331992604792377,0.5776864325871296,-0.5695990625750355,28.188389584937095,0,1
2024-07-15,0.003728691656638419,0.5814151242437681,-0.5125144367319185,27.60879417258374,0,1
2024-07-16,3.117766629537116e-05,0.5814463019100634,-0.5343457437264532,27.6356709425859,0,1
2024-07-17,0.0003383014731996963,0.5817846033832631,-0.5771750423535775,27.6116665572327,0,1
2024-07-18,-0.0010475796160228023,0.5807370237672403,-0.6261447014047884,27.818128336223882,1,1
2024-07-19,0.0012634456520418335,0.5820004694192822,-0.6576639393570733,27.638555575194115,1,1
2024-07-22,-0.0050392969435476415,0.5769611724757345,-0.7191414615206586,28.519134893059928,1,1
2024-07-23,0.0013089632009037234,0.5782701356766382,-0.7284523701484872,28.3303718446453,1,1
2024-07-24,-4.133127490781258e-05,0.5782288044017304,-0.7972123422004721,28.36939047560289,1,1
2024-07-25,0.00216236237144441,0.5803911667731748,-0.7374496730437107,28.032558299573783,1,1
2024-07-26,0.003455705441572129,0.583846872214747,-0.7442632945047247,27.472169638563443,1,1
2024-07-29,0.0022013059781899593,0.5860481781929369,-0.7113813506789818,27.125403148320256,1,1
2024-07-30,-0.0005359163103633424,0.5855122618825735,-0.6725082424977527,27.25008373579389,1,1
2024-07-31,0.0039915180866401875,0.5895037799692138,-0.6042579426986189,26.587910530818675,0,1
2024-08-01,-0.00518725345596579,0.584316526513248,-0.6407383408906361,27.52475411716733,1,1
2024-08-02,-0.003340027867442845,0.5809764986458051,-0.6709538960732909,28.139985885710747,1,1
2024-08-05,0.00016964462228352987,0.5811461432680887,-0.6437148739825653,28.142259530128566,1,1
2024-08-06,0.004876635792833875,0.5860227790609226,-0.6102473709416328,27.31453707784102,0,1
2024-08-07,0.0004175116977137897,0.5864402907586364,-0.6596804863384482,27.27283011197738,1,1
2024-08-08,0.0035713072865449654,0.5900115980451813,-0.6452971892678332,26.67065384222803,1,1
2024-08-09,-0.0015908675461165356,0.5884207304990648,-0.6263516995448052,26.986141003453184,1,1
2024-08-12,-0.0027326670991838858,0.585688063399881,-0.5869350487640946,27.50767862700105,0,1
2024-08-13,-0.0010162372317646176,0.5846718261681164,-0.6258352833295412,27.722536201079443,1,1
2024-08-14,-0.003494464762537445,0.581177361405579,-0.667101804849389,28.386812925081045,1,1
2024-08-15,0.0055984389107884705,0.5867758003163674,-0.6318079359871656,27.40236421962833,1,1
2024-08-16,0.0027071991912756676,0.5894829995076432,-0.6028112147113023,26.94294541691101,0,1
2024-08-19,0.002978987313185638,0.5924619868208288,-0.6648618475188429,26.43181880294985,1,1
2024-08-20,0.00022846286739001574,0.5926904496882188,-0.6274075815580465,26.422004465729856,1,1
2024-08-21,-0.003567814283446103,0.5891226354047727,-0.7705702327483559,27.110932581775042,1,1
2024-08-22,0.00012368344429518363,0.5892463188490679,-0.7697402041351903,27.120094045761597,1,1
2024-08-23,-0.005500734762911153,0.5837455840861567,-0.7953796483155555,28.17412457702272,1,1
2024-08-26,-0.0008081682002167625,0.58293741588594,-0.7982794991272391,28.356250831074277,1,1
2024-08-27,0.001257536996902594,0.5841949528828425,-0.7611303289359272,28.153350475561133,1,1
2024-08-28,-0.006027926506158618,0.5781670263766839,-0.740189666634898,29.317544425369228,1,1
2024-08-29,0.0027546208133091034,0.5809216471899931,-0.6730746159073604,28.833007234960476,1,1
2024-08-30,0.0004487252407031325,0.5813703724306962,-0.7026984723843661,28.780514953565053,1,1
2024-09-02,-0.007565942625040179,0.573804429805656,-0.7914941230591601,30.24549562218381,1,1
2024-09-03,-0.00767697831773993,0.5661274514879161,-0.841421599034038,31.722788929944976,1,1
2024-09-04,0.006135468565772436,0.5722629200536885,-0.796863288775936,30.60687783866689,1,1
2024-09-05,0.005656149542652349,0.5779190695963409,-0.7811249993006713,29.5825709881867,1,1
2024-09-06,-0.0012253980095246794,0.5766936715868162,-0.8353651764793466,29.843277770115908,1,1
2024-09-09,-0.002806498552883298,0.5738871730339329,-0.9353361182084813,30.401941544317154,1,1
2024-09-10,-0.006833775246665089,0.5670533977872678,-1.0069594758075364,31.72170086813217,1,1
2024-09-11,0.0051553618263414265,0.5722087596136093,-0.9614496500514996,30.785890671161578,1,1
2024-09-12,-0.0006823376221798576,0.5715264219914294,-1.058913575822982,30.946042186222215,1,1
2024-09-13,0.0021140824445927656,0.5736405044360222,-0.9143622654130127,30.578767085389114,1,1
2024-09-16,-0.0028075374332145395,0.5708329670028077,-0.9129220167773873,31.14361111629192,1,1
2024-09-17,0.0005474837408353758,0.5713804507436431,-0.819175591362774,31.071284939010518,1,1
2024-09-18,-0.0015738526843208124,0.5698065980593222,-0.8199075451273713,31.40494576762441,1,1
2024-09-19,-0.0042495988701301895,0.565556999189192,-0.9949317292452232,32.25573761637586,1,1
2024-09-20,0.0022721538668490915,0.5678291530560411,-1.0998628079733854,31.849133291510757,1,1
2024-09-23,-0.0014129497188035088,0.5664162033372376,-1.1279111562260915,32.155170377898834,1,1
2024-09-24,0.002437624618022567,0.5688538279552602,-1.1382047977346945,31.711894661414593,1,1
2024-09-25,0.0009353895858705385,0.5697892175411308,-1.2893472883334367,31.560706560160096,1,1
2024-09-26,0.00043665445037288045,0.5702258719915037,-1.2157042949262904,31.506717770520492,1,1
2024-09-27,0.0036170430919967825,0.5738429150835004,-1.1316046990473623,30.822263415594705,1,1
2024-09-30,-0.0041092763547899615,0.5697336387287104,-1.137021045836717,31.670522345035998,1,1
2024-10-01,0.006158689405227539,0.575892328133938,-1.1080433442823363,30.476843434075885,1,1
2024-10-02,0.00488430300234427,0.5807766311362823,-0.9977638161361012,29.53958206003834,1,1
2024-10-03,-0.0013868900282245585,0.5793897411080577,-1.0026922977143078,29.8469098147228,1,1
2024-10-04,0.006961551187894691,0.5863512922959524,-0.9427523104832943,28.489552422185938,1,1
2024-10-07,-0.007414953054272698,0.5789363392416798,-1.0216692421426,29.99357295597996,1,1
2024-10-08,0.0006090979912459365,0.5795454372329257,-0.8792369826644496,29.905466684552476,1,1
2024-10-09,0.0008433121126214397,0.5803887493455472,-0.7914455829672539,29.770223497504325,1,1
2024-10-10,-0.0013170942687464892,0.5790716550768007,-0.8329981554823815,30.06491991833102,1,1
2024-10-11,0.00013703706435458303,0.5792086921411552,-0.7793755640973645,30.069450535612038,1,1
2024-10-14,-0.0016652999115824801,0.5775433922295727,-0.8862298538861524,30.43731778505702,1,1
2024-10-15,-0.004996558820953857,0.5725468334086189,-0.9380229014310795,31.48220804129648,1,1
2024-10-16,-0.0010637769196553306,0.5714830564889636,-0.8748403724267894,31.729829465986015,1,1
2024-10-17,0.0027997003118620505,0.5742827568008256,-0.8717615243769361,31.191246735192713,1,1
2024-10-18,-0.001059018992387904,0.5732237378084377,-0.9545585676498397,31.439929809497873,1,1
2024-10-21,0.0073375692977922565,0.58056130710623,-0.8705622588668094,29.96239725239344,1,1
2024-10-22,-0.00581499565258965,0.5747463114536403,-0.9635835959988607,31.18202291210746,1,1
2024-10-23,0.001665755508026773,0.576412066961667,-0.9211542367837299,30.874628262675625,1,1
2024-10-24,3.622984691415364e-05,0.5764482968085812,-0.9442050824462569,30.89921771756408,1,1
2024-10-25,0.0013070055365998548,0.5777553023451811,-0.8528869685275413,30.662005568302497,1,1
2024-10-28,-0.0027958815094720215,0.5749594208357091,-0.7879494211876653,31.27301223264287,1,1
2024-10-29,0.00015957232946813048,0.5751189931651772,-0.8055429029987557,31.271848827005545,1,1
2024-10-30,-9.491060586104463e-05,0.5750240825593161,-0.8256595631141015,31.32370266825848,1,1
2024-10-31,0.0014216386772336912,0.5764457212365498,-0.8348287146667378,31.056743762190425,1,1
2024-11-01,0.0029217012850118636,0.5793674225215617,-0.7849722288300405,30.471085627229478,1,1
2024-11-04,-0.0012269998473356945,0.578140422674226,-0.8187501695532154,30.763417193382455,1,1
2024-11-05,0.000679257849146,0.5788196805233721,-0.8385442836180187,30.650536127104452,1,1
2024-11-06,0.004387502950914699,0.5832071834742868,-0.7277336924902182,29.741354602820522,1,1
2024-11-07,-0.0025006315773458392,0.580706551896941,-0.8037622269565232,30.310142005844288,1,1
2024-11-08,1.052049275589769e-06,0.5807076039462166,-0.8449835611108548,30.341924467088752,1,1
2024-11-11,0.006387494032568355,0.5870950979787849,-0.6959321913530753,28.989197500054402,1,1
2024-11-12,0.0009924774133697528,0.5880875753921546,-0.7526986643688942,28.807173703382112,1,1
2024-11-13,-0.0013457076746905528,0.5867418677174641,-0.7465688416118312,29.13099542860381,1,1
2024-11-14,-0.0017031354010094341,0.5850387323164546,-0.7356625089096734,29.534280052838618,1,1
2024-11-15,0.01480661037190597,0.5998453426883606,-0.5306195334787411,26.32241725498043,0,1
2024-11-18,0.0031903319862017997,0.6030356746745624,-0.540469148853605,25.69082973427657,0,1
2024-11-19,0.001719705256873658,0.6047553799314361,-0.5057103965748664,25.363980886534744,0,1
2024-11-20,0.0048172649790618315,0.609572644910498,-0.42643958964346657,24.385683643730847,0,1
2024-11-21,-0.002388638220664962,0.6071840066898331,-0.4833043238469581,24.91859317545914,0,1
2024-11-22,0.0021772603504381814,0.6093612670402713,-0.38780650471809636,24.492051298281893,0,1
2024-11-25,0.006681184851703434,0.6160424518919747,-0.3197946456609061,23.110515790733842,0,1
2024-11-26,0.000664874983614315,0.616707326875589,-0.30244162224288684,23.00265622971018,0,1
2024-11-27,-0.004128897623344131,0.6125784292522449,-0.3168820485002109,23.90818803858728,0,1
2024-11-28,-0.0005875375099202767,0.6119908917423247,-0.3145524148073468,24.064668046512654,0,1
2024-11-29,0.002305657587456266,0.614296549329781,-0.2778296377764147,23.605434523962163,0,1
2024-12-02,-0.0003610504129102454,0.6139354989168707,-0.3072041782168783,23.714706418487815,0,1
2024-12-03,0.009663556850176978,0.6235990557670477,-0.1883603121515503,21.666863698652474,0,1
2024-12-04,-0.0008318805607927891,0.6227671752062549,-0.20856234682623292,21.87459077665901,0,1
2024-12-05,-0.0006605755428617144,0.6221065996633932,-0.17098504675936027,22.046916290823805,0,1
2024-12-06,0.0023570069529845173,0.6244636066163777,-0.14649817797998727,21.575418651317232,0,1
2024-12-09,-0.001366562135801307,0.6230970444805763,-0.1931727482375287,21.900614239038088,0,1
2024-12-10,-0.002483281989013514,0.6206137624915629,-0.21382983643645162,22.4682131833997,0,1
2024-12-11,-0.011534655676038712,0.6090791068155241,-0.3575552121740783,24.99824776616931,0,1
2024-12-12,0.0011314160078266854,0.6102105228233509,-0.3202849510279085,24.792286510581555,0,1
2024-12-13,-0.00016144126992419716,0.6100490815534266,-0.18702740709139634,24.85843711047169,0,1
2024-12-16,-0.002817562364623272,0.6072315191888034,-0.2120706950370017,25.489748272368427,0,1
2024-12-17,0.00506199080124547,0.6122935099900488,-0.11256641346037917,24.44107590089321,0,1
2024-12-18,0.003046495558277418,0.6153400055483262,-0.06433148989261313,23.823316618577703,0,1
2024-12-19,-0.005519639969852741,0.6098203655784735,-0.11719268863257054,25.03650229347689,0,1
2024-12-20,0.006071449846286107,0.6158918154247597,0.011775712777642456,23.7721890698393,0,1
2024-12-23,-0.0026588071030445434,0.6132330083217151,-0.050079911196434714,24.36967784569768,0,1
2024-12-24,-0.0020836894469891958,0.6111493188747259,0.041179643334590975,24.84659109063372,0,1
2024-12-25,-0.0038323296197379517,0.6073169892549879,-0.006014269818511643,25.70066487462003,0,1
2024-12-26,-0.00030010803369944134,0.6070168812212885,-0.03028729310629708,25.797169804953654,0,1
2024-12-27,-0.001174318208192495,0.605842563013096,-0.07523340754008372,26.08300560126663,0,1
2024-12-30,-0.0007037482466375345,0.6051388147664585,-0.13407478485854707,26.267952574932384,0,1
2024-12-31,-0.0017994122133168915,0.6033394025531416,-0.16536002896341132,26.69321984414365,0,1
2025-01-01,0.004979772038294838,0.6083191745914364,-0.1535723094846665,25.631587151632566,0,1
2025-01-02,-0.0009624255359397717,0.6073567490554966,-0.12272781987442491,25.874723667976095,0,1
2025-01-03,-0.008205320307954025,0.5991514287475426,-0.22709499471084646,27.716692701680444,0,1
2025-01-06,-0.004740832105915788,0.5944105966416268,-0.26980185059480905,28.781045660895167,0,1
2025-01-07,-0.000667367522496991,0.5937432291191298,-0.26658535009674805,28.958323207344268,0,1
2025-01-08,-0.0003927966753476035,0.5933504324437822,-0.34723425909274636,29.076318678155275,0,1
2025-01-09,0.008133115519981481,0.6014835479637637,-0.3431261931269946,27.317688730059796,0,1
2025-01-10,-0.0025139393443679406,0.5989696086193957,-0.30665960958162675,27.89630024027941,0,1
2025-01-13,0.002849947060199541,0.6018195556795953,-0.3745733048159108,27.30613885613914,0,1
2025-01-14,-0.0013854020577725402,0.6004341536218228,-0.4256270554274695,27.64166478397511,0,1
2025-01-15,0.002696490646765793,0.6031306442685886,-0.46235445659542485,27.07981688960619,0,1
2025-01-16,-0.0024037075463454187,0.6007269367222432,-0.4701741659360277,27.643181696375063,0,1
2025-01-17,-0.00231787561602187,0.5984090611062213,-0.5293354890157069,28.189697721168734,0,1
2025-01-20,-0.0037235627344226895,0.5946854983717986,-0.5337493192623504,29.05175141792859,0,1
2025-01-21,-0.0010797097419360095,0.5936057886298626,-0.5258927531242658,29.32487708926551,0,1
2025-01-22,0.003011683621003588,0.5966174722508661,-0.4636643605192364,28.6806614756724,0,1
2025-01-23,0.000768974685718135,0.5973864469365843,-0.3508925444482061,28.539469186071425,0,1
2025-01-24,0.0056796803807757455,0.60306612731736,-0.20084969128288682,27.28501797652938,0,1
2025-01-27,0.005735421540113188,0.6088015488574732,-0.08263225302209595,26.02280044012964,0,1
2025-01-28,-0.00036767987195394534,0.6084338689855192,0.06539172337073881,26.137458692306875,0,1
2025-01-29,-0.003876802654964085,0.6045570663305552,0.008530510685133358,27.045929646288364,0,1
2025-01-30,0.004419831530126777,0.608976897860682,0.06707147597410287,26.07737703197154,0,1
2025-01-31,0.005157859845678157,0.6141347577063602,0.11746103700529907,24.941757042435505,0,1
2025-02-03,-0.00043117083557891404,0.6137035868707813,0.1408442074257919,25.071171073520265,0,1
2025-02-04,0.0002441939817543633,0.6139477808525357,0.15075312726649673,25.047698481898685,0,1
2025-02-05,-0.001526507789308408,0.6124212730632272,0.19826113664684444,25.4285390595703,0,1
2025-02-06,0.0013328749182165926,0.6137541479814438,0.159660469283338,25.154417028344366,0,1
2025-02-07,-0.00034752524245315223,0.6134066227389906,0.04178237019160111,25.26666365424265,0,1
2025-02-10,0.005099942413666178,0.6185065651526568,0.20864923636766194,24.114409940216106,0,1
2025-02-11,0.00021846586424918975,0.618725031016906,0.2821841760821376,24.095805828895013,0,1
2025-02-12,-0.0010313773460412286,0.6176936536708648,0.2647477075666691,24.368141206892307,0,1
2025-02-13,0.004883842108165323,0.6225774957790301,0.3001730721503076,23.25593453511965,0,1
2025-02-14,0.0027911765605074766,0.6253686723395375,0.3460138346535234,22.635168368765406,0,1
2025-02-17,-0.006377035017174011,0.6189916373223635,0.1807734793899271,24.16352126979289,0,1
2025-02-18,-0.006094042572226914,0.6128975947501366,0.08754645503669045,25.615403352854848,0,1
2025-02-19,0.0004125855888385272,0.6133101803389751,0.054261822159082214,25.55183883964482,0,1
2025-02-20,0.00018503764960196113,0.6134952179885771,0.011349426830654843,25.540738842459202,0,1
2025-02-21,-0.0018710348140521548,0.6116241831745249,-0.024974789268739733,26.011173552375077,0,1
2025-02-24,-0.0024689572370526795,0.6091552259374723,-0.04130707459829952,26.624417602725757,0,1
2025-02-25,-0.00030521498552931554,0.608850010951943,-0.042466813259640836,26.72855447055488,0,1
2025-02-26,-6.212970571979268e-05,0.6087878812462232,-0.007236129977212242,26.775330635991246,0,1
2025-02-27,-0.0014944312754363392,0.6072934499707868,0.08409111127120596,27.16459242053914,0,1
2025-02-28,0.0019391753079996054,0.6092326252787864,0.1685897289527089,26.730690305819742,0,1
2025-03-03,-0.006798250188967981,0.6024343750898185,0.13708328480082593,28.403458981039947,0,1
2025-03-04,0.0036599540519072007,0.6060943291417257,0.19161104854153144,27.560598119025965,0,1
2025-03-05,-0.0033285189854886203,0.6027658101562371,0.11616517548068965,28.389325823749928,0,1
2025-03-06,0.004091095834634179,0.6068569059908713,0.17432520425909892,27.440024678465665,0,1
2025-03-07,-0.008715572697312334,0.5981413332935589,-0.02484320523558568,29.563038751405706,0,1
2025-03-10,-0.003512773776314042,0.5946285595172448,-0.0737754513140602,30.421955756924525,0,1
2025-03-11,0.009271195335641573,0.6038997548528864,0.07436645184468377,28.267549088686675,0,1
2025-03-12,-0.00151244353995005,0.6023873113129363,-0.029891044312662242,28.648735823038116,0,1
2025-03-13,-0.0032734289444372126,0.5991138823684992,-0.12386464084647415,29.440320956669158,0,1
2025-03-14,0.000638755770722573,0.5997526381392217,-0.15912575906615958,29.32375002039055,0,1
2025-03-17,-0.0021257580624562808,0.5976268800767655,-0.12150684635396386,29.853029743426212,0,1
2025-03-18,-0.004622958802744439,0.593003921274021,-0.25781181724159435,30.97117556859803,0,1
2025-03-19,0.0028652201159535223,0.5958691413899745,-0.21225161193369382,30.330712023265157,0,1
2025-03-20,-0.001942028853540183,0.5939271125364343,-0.16280065264389387,30.81995990913097,0,1
2025-03-21,-0.0035700940030381255,0.5903570185333962,-0.2883031305243376,31.696369940042953,0,1
2025-03-24,-0.005125796311188872,0.5852312222222072,-0.26213562071572694,32.94273874670386,0,1
2025-03-25,-0.001517066554985348,0.5837141556672218,-0.3140724257833442,33.33318255820348,0,1
2025-03-26,0.00264532139391973,0.5863594770611416,-0.23616022938211706,32.737034507651444,0,1
2025-03-27,-0.0017026862539611276,0.5846567908071805,-0.277395869874374,33.1747762816258,0,1
2025-03-28,-0.003920510138182955,0.5807362806689975,-0.25213391818007086,34.14551708820708,0,1
2025-03-31,-0.005930467935780901,0.5748058127332166,-0.2905760594858134,35.598494240204296,0,1
2025-04-01,-0.0034479352779321552,0.5713578774552844,-0.4179177075992128,36.451851587090324,0,1
2025-04-02,-0.004336915345473697,0.5670209621098108,-0.5779174154088472,37.518912870962865,0,1
2025-04-03,-0.0005342735943539231,0.5664866885154569,-0.5531936767750114,37.67838009677162,0,1
2025-04-04,0.002564901294048564,0.5690515898095054,-0.1502657013250849,37.09501174582051,0,1
2025-04-07,0.0008493999754690862,0.5699009897849745,-0.14299961372039394,36.922499711673694,0,1
2025-04-08,0.0018198474800459829,0.5717208372650204,-0.19277149431314625,36.51388887316542,0,1
2025-04-09,0.0017494929491465377,0.5734703302141669,-0.08918359492627516,36.12033814422458,0,1
2025-04-10,0.0035551527740122772,0.5770254829881792,-0.13727025886986582,35.28346908367013,0,1
2025-04-11,0.00014795005523222672,0.5771734330434115,-0.2717331238975648,35.27926835917422,0,1
2025-04-14,-0.017239623704531647,0.5599338093388798,-0.6648796028141015,39.55498842306334,1,1
2025-04-15,-0.002388828432908222,0.5575449809059716,-0.6537105957964606,40.124836925151456,1,1
2025-04-16,0.005161302591732945,0.5627062834977046,-0.47619200255727817,38.990018207620174,0,1
2025-04-17,0.002138872496048527,0.5648451559937531,-0.4304977288350177,38.539488164393646,0,1
2025-04-18,0.0023775655890762816,0.5672227215828294,-0.34856760484836874,38.03272894386691,0,1
2025-04-21,-0.011281897872493608,0.5559408237103358,-0.7435365563834014,40.6317580250789,1,1
2025-04-22,-0.004860125013757405,0.5510806986965784,-0.6646967636889669,41.73573688261528,1,1
2025-04-23,0.002302205461074132,0.5533829041576526,-0.6779979284899473,41.260396274806205,1,1
2025-04-24,0.008601774323285703,0.5619846784809382,-0.5962978202626803,39.38864824108655,0,1
2025-04-25,0.0011975717097266023,0.5631822501906648,-0.8266394867438456,39.15951566323214,1,1
2025-04-28,-0.0012579815014432383,0.5619242686892216,-0.7915603764759651,39.467319447950395,1,1
2025-04-29,-0.00028987936182226426,0.5616343893273994,-0.8499605964412206,39.56322052285226,1,1
2025-04-30,0.005060405174696799,0.5666947945020961,-0.8223573695560518,38.47343919806485,1,1
2025-05-01,-0.0036744420087672976,0.5630203524933288,-0.8973505409626756,39.31879250406814,1,1
2025-05-02,-0.00039298706632807435,0.5626273654270008,-0.7322217144955423,39.4379596759499,1,1
2025-05-05,0.0026460772889146346,0.5652734427159154,-0.6873571373166741,38.87973968224642,1,1
2025-05-06,0.0020117713166201098,0.5672852140325355,-0.6959793790026997,38.461318017240565,1,1
2025-05-07,-0.005456085657564684,0.5618291283749708,-0.7902984816856621,39.72056300031946,1,1
2025-05-08,-9.545782266425135e-05,0.5617336705523065,-0.8983109535564703,39.77398138356497,1,1
2025-05-09,-0.0038448586779480614,0.5578888118743585,-0.9688513059085276,40.67330384749171,1,1
2025-05-12,-0.005576912367793967,0.5523118995065645,-0.8691823225152854,41.9651323973414,1,1
2025-05-13,0.004848185883924827,0.5571600853904892,-0.6093139820440655,40.90561532935429,0,1
2025-05-14,-0.000587082030471174,0.556573003360018,-0.5364931771565816,41.069655817465,0,1
2025-05-15,-0.005182646766702669,0.5513903565933154,-0.6051408562680091,42.27384480396158,0,1
2025-05-16,-0.0008578030057780392,0.5505325535875373,-0.6180709234911864,42.49945134678278,0,1
2025-05-19,-0.001419635467533303,0.549112918120004,-0.6406218494765705,42.85364359701281,1,1
2025-05-20,0.0026872935539898448,0.5518002116739938,-0.5398699001049979,42.272614293246036,0,1
2025-05-21,0.004962868791602561,0.5567630804655964,-0.4437536155588554,41.168389294085735,0,1
2025-05-22,0.004150386854289583,0.560913467319886,-0.42902307420367836,40.251763844431814,0,1
2025-05-23,0.002767161847852911,0.5636806291677389,-0.4631211770969228,39.65093183770756,0,1
2025-05-26,-0.004546762028628333,0.5591338671391105,-0.48880436507058467,40.72636998093311,0,1
2025-05-27,-0.0008616144356157088,0.5582722527034948,-0.4098790185288567,40.95600898006012,0,1
2025-05-28,0.0027677255585347852,0.5610399782620296,-0.320949902377408,40.34964815280192,0,1
2025-05-29,-0.005156482871535939,0.5558834953904936,-0.5375462561617197,41.57505686920898,0,1
2025-05-30,0.0016863156287224715,0.5575698110192161,-0.3562098374555017,41.21773805112662,0,1
2025-06-02,-0.007856408872929292,0.5497134021462868,-0.3584992039261533,43.07249836127554,0,1
2025-06-03,-0.0001246945949889837,0.5495887075512979,-0.2213311517506294,43.13305943854147,0,1
2025-06-04,0.004468663754420166,0.554057371305718,-0.22496250025155728,42.13593699866533,0,1
2025-06-05,0.007087859753200291,0.5611452310589182,0.003985410191979872,40.536168520719336,0,1
2025-06-06,0.0013570422448647163,0.562502273303783,0.05006169485130702,40.2586986373231,0,1
2025-06-09,-0.0017062211971218774,0.5607960521066612,-0.016684604016183036,40.68185517340974,0,1
2025-06-10,-0.0015782254822379964,0.5592178266244232,0.0016607796980915232,41.07744186871781,0,1
2025-06-11,0.00022240190452178354,0.559440228528945,0.09101570366047568,41.05795885512997,0,1
2025-06-12,0.0016148119748612172,0.5610550405038063,0.12334019126256451,40.713934102042934,0,1
2025-06-13,-0.002965401701203531,0.5580896388026028,0.10189898638381825,41.43991341719835,0,1
2025-06-16,0.0026645185391388077,0.5607541573417416,0.13392118953250237,40.84650112499085,0,1
2025-06-17,-0.004464774179946132,0.5562893831617954,-0.0632089705971743,41.93017543787281,0,1
2025-06-18,0.0018024553137107764,0.5580918384755063,0.06356859872676925,41.53787955977618,0,1
2025-06-19,-0.0010698558267365071,0.5570219826487698,-0.17959717198226358,41.82293147590213,0,1
2025-06-20,0.0015335896443990009,0.5585555722931688,-0.23410835329903107,41.490249899604635,0,1
2025-06-23,0.004165453135904469,0.5627210254290732,-0.19683277955669257,40.52673644487821,0,1
2025-06-24,-0.004073706107448104,0.5586473193216251,-0.25221851865022354,41.532391214385335,0,1
2025-06-25,0.0020057083740960967,0.5606530276957212,-0.27612015955496344,41.084878202539954,0,1
2025-06-26,0.00245520830649529,0.5631082360022165,-0.2251074587749576,40.52728604630902,0,1
2025-06-27,-0.0018122093182951395,0.5612960266839213,-0.3095715495422687,40.99612454358869,0,1
2025-06-30,0.0009381203232882687,0.5622341470072095,-0.3015560638871925,40.80094357259867,0,1
2025-07-01,-0.00656080861809489,0.5556733383891146,-0.3519681835864478,42.4305481560824,0,1
2025-07-02,0.006922579996567764,0.5625959183856823,-0.29958135407433767,40.791698301604654,0,1
2025-07-03,0.002156192983761464,0.5647521113694438,-0.26558697011630505,40.308554928130036,0,1
2025-07-04,-0.000914334285893987,0.5638377770835499,-0.2854952371586465,40.559942256454256,0,1
2025-07-07,0.003914557205473191,0.567752334289023,-0.20617171329432477,39.64754683416858,0,1
2025-07-08,0.00457146945005172,0.5723238037390748,-0.15326849868111703,38.57598303073525,0,1
2025-07-09,-0.003979929179121747,0.568343874559953,-0.13665175199537985,39.56756491607606,0,1
2025-07-10,0.0013278349814126737,0.5696717095413657,-0.13635161105810917,39.27928345204698,0,1
2025-07-11,0.011273440535523843,0.5809451500768895,0.04240149824476143,36.57787134320223,0,1
2025-07-14,0.0065204052446609885,0.5874655553215505,0.10992613982592311,35.08458040155094,0,1
2025-07-15,0.007997002092424675,0.5954625574139752,0.17937604315071032,33.25996416441809,0,1
2025-07-16,-0.0007271089600881136,0.5947354484538871,0.13421911711003626,33.45845928487146,0,1
2025-07-17,0.0038293098983387787,0.5985647583522259,0.20132614124207138,32.60873542004328,0,1
2025-07-18,-0.001776235906201698,0.5967885224460242,0.11252726543898313,33.05026268469369,0,1
2025-07-21,0.00196318327457906,0.5987517057206032,0.22361226930695954,32.627473327969085,0,1
2025-07-22,-9.810166717136618e-05,0.5986536040534318,0.2742128257846356,32.682313391628405,0,1
2025-07-23,-0.008207359464035604,0.5904462445893962,0.14309620491231678,34.63545058393333,0,1
2025-07-24,-0.00019655328530545062,0.5902496913040908,0.06521892289137775,34.7127728937609,0,1
2025-07-25,-0.0029215790447981384,0.5873281122592926,0.013684871939090749,35.42221209502589,0,1
2025-07-28,-0.003716259258959757,0.5836118530003328,-0.09863509825862458,36.318604965060345,0,1
2025-07-29,-0.0017221736790751715,0.5818896793212577,-0.10065371421168458,36.75176624528543,0,1
2025-07-30,0.0011320926751718953,0.5830217719964296,-0.04112125121309709,36.518793087399594,0,1
2025-07-31,0.004957790802487772,0.5879795627989174,0.0508718581793113,35.38411438423036,0,1
2025-08-01,-0.009807823082322465,0.578171739716595,-0.04577299727233789,37.71936895295042,0,1
2025-08-04,-0.0010941881499663246,0.5770775515666287,-0.14822074086724463,38.00220815471563,0,1
2025-08-05,-0.004844854171967327,0.5722326973946613,-0.26316970804118345,39.15086988334846,0,1
2025-08-06,-0.0035260240658851294,0.5687066733287762,-0.3623044328347533,39.99441482831749,0,1
2025-08-07,0.01000006368326024,0.5787067370120365,-0.21080091022956055,37.720322978885136,0,1
2025-08-08,-0.0026459996789641926,0.5760607373330723,-0.1970308499579686,38.34793116778301,0,1
2025-08-11,0.00486280486631047,0.5809235421993828,-0.12520218885826093,37.28127266598439,0,1
2025-08-12,-9.975987132641211e-05,0.5808237823280564,-0.044103598882220166,37.33579416955693,0,1
2025-08-13,-0.0009444724526691189,0.5798793098753873,-0.046159825740677056,37.58217154480232,0,1
2025-08-14,0.0012059370362714674,0.5810852469116587,-0.04693937507471993,37.3389555143425,0,1
2025-08-15,-0.0002084033923334503,0.5808768435193253,0.04107339049625601,37.41878213553977,0,1
2025-08-18,0.0013287075716465753,0.5822055510909719,0.01947343760357912,37.144162226507454,0,1
2025-08-19,-0.005268043199375839,0.5769375078915961,-0.06702335475626142,38.398266008906,0,1
2025-08-20,0.006522583013869531,0.5834600909054657,0.14624100968974374,36.92141964412947,0,1
2025-08-21,-0.0035169279158219725,0.5799431629896438,0.21038364900057735,37.76109245051084,0,1
2025-08-22,0.0052179325526500835,0.5851610955422939,0.19664697813846596,36.59240198238735,0,1
2025-08-25,-0.0037391753787197226,0.5814219201635742,0.053513160215672824,37.48265948292255,0,1
2025-08-26,0.00607866619336282,0.587500586356937,0.16442673667827068,36.11732455329385,0,1
2025-08-27,0.002678648108790463,0.5901792344657275,0.24792005689556273,35.53691597918741,0,1
2025-08-28,-0.002629704910275071,0.5875495295554525,0.31336355576938996,36.17232266130208,0,1
2025-08-29,-0.0018589864560533665,0.5856905430993992,0.2066581242086146,36.63245094422442,0,1
2025-09-01,0.00827638558012599,0.5939669286795252,0.34131718439442543,34.749429745385676,0,1
2025-09-02,0.0013037559065663857,0.5952706845860916,0.3290922706376638,34.48428715587453,0,1
2025-09-03,0.003667468477994134,0.5989381530640857,0.42739405010748815,33.67599633006961,0,1
2025-09-04,0.003833330181595147,0.6027714832456809,0.47661181198346214,32.82821663459248,0,1
2025-09-05,-0.006678093299974912,0.5960933899457059,0.3971372391607149,34.394910255631096,0,1
2025-09-08,0.00029808352797994534,0.5963914734736859,0.46685646559648425,34.35894428992174,0,1
2025-09-09,0.008118573126327508,0.6045100466000134,0.5516460329770226,32.52891329207946,0,1
2025-09-10,0.006950389624186762,0.6114604362242002,0.6741072432327592,30.98892979461418,0,1
2025-09-11,-0.003909523240285199,0.6075509129839151,0.5783780941264531,31.89779150506869,0,1
2025-09-12,-0.003140026430419665,0.6044108865534954,0.5168788739349998,32.63500231495668,0,1
2025-09-15,0.002620860231265813,0.6070317467847612,0.5491169730061105,32.076700014299746,0,1
2025-09-16,0.003246238934117996,0.6102779857188793,0.5437323444873622,31.374788749280004,0,1
2025-09-17,0.0033070962891160387,0.6135850820079953,0.6550158200047993,30.657129699269856,0,1
2025-09-18,-9.537650949716309e-05,0.6134897054984981,0.5638605919803117,30.710813909069916,0,1
2025-09-19,0.012030006470817142,0.6255197119693152,0.662257385315638,27.993088794599156,0,1
2025-09-22,-0.007485336785116194,0.618034375184199,0.5685077744789617,29.675004348993742,0,1
2025-09-23,-0.00029859133655185514,0.6177357838476472,0.4640361514083997,29.772187164175794,0,1
2025-09-24,-0.002604701982795847,0.6151310818648513,0.5380767252432727,30.376004589366683,0,1
2025-09-25,0.0036026306762599364,0.6187337125411113,0.5818265139408981,29.614056305893456,0,1
2025-09-26,-0.0042492760709847005,0.6144844364701266,0.5051699788180405,30.58452676733325,0,1
2025-09-29,-0.0011632200397639044,0.6133212164303627,0.5074734002953935,30.873611671945053,0,1
2025-09-30,0.0037434827252369497,0.6170646991555997,0.5601134090642275,30.07382483394848,0,1
2025-10-01,-0.000759387521383832,0.6163053116342159,0.5736724377077542,30.274868155371887,0,1
2025-10-02,0.0018626814191928897,0.6181679930534087,0.6769547752780897,29.889925474183958,0,1
2025-10-03,-0.0009363247694646621,0.617231668283944,0.6788684947017664,30.132527858799527,0,1
2025-10-06,-0.0034898177782313137,0.6137418505057127,0.5851211937338036,30.953791860837498,0,1
2025-10-07,-0.006468582877799169,0.6072732676279136,0.5025734005068707,32.45190969842034,0,1
2025-10-08,0.00036852579280099334,0.6076417934207146,0.40199395713397656,32.40093829571574,0,1
2025-10-09,-0.002584165598580117,0.6050576278221345,0.451341896344638,33.01816912121624,0,1
2025-10-10,-0.00036427753447297763,0.6046933502876615,0.421215619555495,33.132987536602045,0,1
2025-10-13,-0.0021742054158645327,0.6025191448717969,0.38806998588420616,33.66209019626182,0,1
2025-10-14,-0.0015002733561887307,0.6010188715156082,0.3462411666683154,34.03860309320208,0,1
2025-10-15,-0.002314475262199714,0.5987043962534084,0.35350598591783866,34.60478951137665,0,1
2025-10-16,-0.0006085178140677067,0.5980958784393408,0.3420524887760793,34.77782366701089,0,1
2025-10-17,0.0008685255762936537,0.5989644040156344,0.3563726301928986,34.60740812618107,0,1
2025-10-20,-0.0014029301674866857,0.5975614738481477,0.31431070570459324,34.96821014525946,0,1
2025-10-21,-0.0014933570086481673,0.5960681168394996,0.24874756479192267,35.35201130140802,0,1
2025-10-22,-0.0014353142744979726,0.5946328025650016,0.2456289796042966,35.72385371043199,0,1
2025-10-23,0.0029386612173488416,0.5975714637823505,0.2790362763901741,35.05652722951172,0,1
2025-10-24,0.00020140327499550094,0.597772867057346,0.2171940205580768,35.04046571094793,0,1
2025-10-27,-0.002829975418872072,0.5949428916384739,0.21224075030227824,35.75183447729384,0,1
2025-10-28,3.818177696659521e-06,0.5949467098161706,0.2122819958494111,35.782924263716794,0,1
2025-10-29,-0.0010128537886102986,0.5939338560275603,0.10240135548336894,36.06024591316246,0,1
2025-10-30,-0.003576573649917712,0.5903572823776426,0.03394033796777839,36.963212241899214,0,1
2025-10-31,-0.0010981417371080458,0.5892591406405345,0.03764491148900626,37.26300939413317,0,1
2025-11-03,-0.002881535957092419,0.5863776046834421,0.02001022961102676,38.0014733991213,0,1
2025-11-04,0.0011700169035583027,0.5875476215870005,-0.18845212324754412,37.74580541774551,0,1
2025-11-05,0.0003757131131588732,0.5879233347001593,-0.23186552429785637,37.68494590141056,0,1
2025-11-06,0.003268851174166949,0.5911921858743263,-0.20790396574432457,36.90432081133949,0,1
2025-11-07,0.001216281585627824,0.5924084674599541,-0.2637896111272314,36.63337172028869,0,1
2025-11-10,-0.000269847839666501,0.5921386196202876,-0.23137329987545854,36.73294952296871,0,1
2025-11-11,0.0057906600291773224,0.5979292796494649,-0.17520185990210016,35.30664490720339,0,1
2025-11-12,-0.0013937301815962482,0.5965355494678686,-0.30050031651013254,35.68740038383077,0,1
2025-11-13,0.0003764513399028426,0.5969120008077714,-0.3049559264060404,35.62473322819256,0,1
2025-11-14,0.0033800856564798775,0.6002920864642513,-0.1893815585240104,34.80178115955972,0,1
2025-11-17,-0.004709869692308978,0.5955822167719422,-0.2522835438789904,36.026953178594546,0,1
2025-11-18,-1.8884057319233823e-05,0.595563332714623,-0.2882155855743958,36.06373474619465,0,1
2025-11-19,0.006450011711710507,0.6020133444263336,-0.18251408895946625,34.456265226843314,0,1
2025-11-20,0.001822342029173367,0.603835686455507,-0.3058344064137416,34.02949324390189,0,1
2025-11-21,-0.0009158515968080012,0.602919834858699,-0.30712893083473375,34.29312403016171,0,1
2025-11-24,-0.0011022063055771403,0.6018176285531219,-0.31393635703737394,34.60541191602978,0,1
2025-11-25,-0.0009086886273100798,0.6009089399258118,-0.3646986595633418,34.8697230079545,0,1
2025-11-26,0.0021311485654523154,0.6030400884912641,-0.31042134000386784,34.35392997976611,0,1
2025-11-27,0.0009843415633274807,0.6040244300545916,-0.2568974104946905,34.131895371423035,0,1
2025-11-28,-0.0037597037184238296,0.6002647263361678,-0.13847226795455747,35.1394831645131,0,1
2025-12-01,0.002919684944473073,0.6031844112806408,-0.11027882846777236,34.41367425837399,0,1
2025-12-02,0.0003162637609676227,0.6035006750416084,-0.102779713429474,34.36339428173552,0,1
2025-12-03,0.0026076866637922617,0.6061083617054007,-0.017630495002865898,33.71300149434943,0,1
2025-12-04,0.006151511231300441,0.6122598729367011,-0.0005272162767535702,32.130267345719,0,1
2025-12-05,0.003984632332961149,0.6162445052696623,0.0141653688195923,31.125852669890538,0,1
2025-12-08,0.0041153142243687746,0.6203598194940311,0.1653418399959122,30.087902632321608,0,1
2025-12-09,0.0008211389547380828,0.6211809584487692,0.08334409318814659,29.90659753269923,0,1
2025-12-10,0.0023248769717048225,0.623505835420474,0.16191453748482965,29.33131534826237,0,1
2025-12-11,0.001453275434980931,0.624959110855455,0.21773164936135206,28.98232443708688,0,1
2025-12-12,-0.00465341686701197,0.620305693988443,0.20460667173799527,30.240337365399757,0,1
2025-12-15,0.002164393191903924,0.622470087180347,0.2432988628010964,29.703749242785875,0,1
2025-12-16,0.0029546823991808734,0.6254247695795279,0.3080481696303125,28.95651377899613,0,1
2025-12-17,-0.006119565696332884,0.619305203883195,0.22182005759456275,30.606102024680126,0,1
2025-12-18,-0.007015495359513533,0.6122897085236815,0.13935421211398608,32.47553055584609,0,1
2025-12-19,0.0029942479676943277,0.6152839564913758,0.10864710297918065,31.73380742409449,0,1
2025-12-22,-0.0005117222125257489,0.6147722342788501,0.11568756322107428,31.898354693066448,0,1
2025-12-23,0.003285481164613638,0.6180577154434638,0.2970477035497471,31.07456929333924,0,1
2025-12-24,0.0006268573232657588,0.6186845727667295,0.3824700220681689,30.94304462052497,0,1
2025-12-25,0.0031914997687890576,0.6218760725355186,0.4427808293400606,30.13776557392407,0,1
2025-12-26,0.005345896858179945,0.6272219693936986,0.5313270423812534,28.764867497403003,0,1
2025-12-29,-0.001429834288088625,0.6257921351056099,0.3842549061428738,29.170554750416848,0,1
2025-12-30,0.003240370403309138,0.6290325055089191,0.47504105569384436,28.351498308063878,0,1
2025-12-31,-0.0012797745681969103,0.6277527309407221,0.4100700467464022,28.720166802624085,0,1
