date,excess,cum_excess,roll_t,cusum,weak_today,cusum_latched
2015-01-05,-0.0055700326798821045,-0.0055700326798821045,-0.0,1.318731935490897,0,0
2015-01-06,0.002997344566817537,-0.0025726881130645677,-0.0,0.6609228406917736,0,0
2015-01-07,0.0010329882127142534,-0.0015396999003503143,-0.0,0.454478025307058,0,0
2015-01-08,0.0011238530307065573,-0.00041584686964375706,-0.0,0.22564135639998684,0,0
2015-01-09,-0.0050518930406173055,-0.005467739910261063,-0.0,1.4365197141595523,0,0
2015-01-12,-0.0022550234868481274,-0.00772276339710919,-0.0,1.9935692339674769,0,0
2015-01-13,-0.006761320286399605,-0.014484083683508795,-0.0,3.6064159533931526,0,0
2015-01-14,-0.004780196483961852,-0.019264280167470647,-0.0,4.746564696054129,0,0
2015-01-15,-0.0014163902595658306,-0.020680670427036477,-0.0,5.106490795168916,0,0
2015-01-16,5.5042973372383935e-05,-0.020625627453664093,-0.0,5.125690869368525,0,0
2015-01-19,0.0036913977305591517,-0.016934229723104943,-0.0,4.293693026562472,0,0
2015-01-20,-0.0074143294428332986,-0.02434855916593824,-0.0,6.063629122824291,0,0
2015-01-21,0.001086541427307173,-0.02326201773863107,-0.0,5.8438565407592815,0,0
2015-01-22,0.00020868343797564998,-0.02305333430065542,-0.0,5.827245786818211,0,0
2015-01-23,0.00017718628987550584,-0.022876148010779914,-0.0,5.817734803428367,0,0
2015-01-26,-0.0032412666016916076,-0.026117414612471523,-0.0,6.613664841600478,0,0
2015-01-27,0.0026026644610143623,-0.02351475015145716,-0.0,6.030790488429949,0,0
2015-01-28,-0.003546401297935154,-0.027061151449392314,-0.0,6.903651220406513,0,0
2015-01-29,-0.0030002617187964817,-0.030061413168188795,-0.0,7.648222201650183,0,0
2015-01-30,-0.00844019511038832,-0.03850160827857711,-0.0,9.690467676857907,0,0
2015-02-02,0.0049299785586262536,-0.03357162971995086,-0.0,8.56826837695741,0,0
2015-02-03,-0.0014178304090791652,-0.03498946012903003,-0.0,8.931589133906956,0,0
2015-02-04,0.003888196043052739,-0.03110126408597729,-0.0,8.050342995532539,0,0
2015-02-05,-0.002363549829716711,-0.033464813915694,-0.0,8.638030177872066,0,0
2015-02-06,-0.004098949288380038,-0.03756376320407404,-0.0,9.637563620525263,0,0
2015-02-09,0.001057757137822143,-0.0365060060662519,-0.0,9.419806050192019,0,0
2015-02-10,0.0016800160196148517,-0.03482599004663705,-0.0,9.052961786221067,0,0
2015-02-11,-0.0025188533173545794,-0.03734484336399163,-0.0,9.685882358419775,0,0
2015-02-12,0.002244623105355122,-0.03510022025863651,-0.0,9.180426363831456,0,0
2015-02-13,-0.0011019193162600934,-0.036202139574896604,-0.0,9.477369572951943,0,0
2015-02-16,0.001296409322891016,-0.034905730252005586,-0.0,9.196005785826888,0,0
2015-02-17,0.0026786691503753604,-0.032227061101630226,-0.0,8.577137200989823,0,0
2015-02-18,0.003181055737632333,-0.029046005363997894,-0.0,7.833624698334186,0,0
2015-02-19,0.0012245566544268232,-0.02782144870957107,-0.0,7.566408876461716,0,0
2015-02-20,0.006560883670681084,-0.021260565038889987,-0.0,5.986792405177584,0,0
2015-02-23,-0.001141092881041241,-0.022401657919931227,-0.0,6.296564980390083,0,0
2015-02-24,0.0005859594439155113,-0.021815698476015714,-0.0,6.185178702358461,0,0
2015-02-25,0.006420104538960697,-0.015395593937055018,-0.0,4.6371527071736445,0,0
2015-02-26,0.0042625609255078235,-0.011133033011547194,-0.0,3.6290155508656614,0,0
2015-02-27,0.003156025612175188,-0.007977007399372005,-0.0,2.8912561666765084,0,0
2015-03-02,0.00159874918047856,-0.006378258218893445,-0.0,2.532407704775027,0,0
2015-03-03,-0.0018753676220552174,-0.008253625840948662,-0.0,3.025148734786283,0,0
2015-03-04,0.00475621374910903,-0.0034974120918396323,-0.0,1.883350679889961,0,0
2015-03-05,0.0026514001392297284,-0.000846011952609904,-0.0,1.2624242246684685,0,0
2015-03-06,0.0027922468755799744,0.0019462349229700704,-0.0,0.6045360531871267,0,0
2015-03-09,-0.0088730826046626,-0.00692684768169253,-0.0,2.8354995596544494,0,0
2015-03-10,0.001080400610712624,-0.005846447070979906,-0.0,2.6054702482048824,0,0
2015-03-11,0.004271060120734306,-0.0015753869502455999,-0.0,1.5959982934834835,0,0
2015-03-12,0.0006221996111614029,-0.000953187339084197,-0.0,1.4763603241138181,0,0
2015-03-13,0.003606283994423821,0.0026530966553396243,-0.0,0.6244451460760285,0,0
2015-03-16,0.004677478391785613,0.0073305750471252375,-0.0,0.0,0,0
2015-03-17,-0.005276868432990961,0.002053706614134276,-0.0,1.3246758642774792,0,0
2015-03-18,-0.008147416631062818,-0.0060937100169285415,-0.0,3.344898848393266,0,0
2015-03-19,0.0033539723489193936,-0.002739737668009148,-0.0,2.5719753613980583,0,0
2015-03-20,0.0030695388595818303,0.0003298011915726824,-0.0,1.8658200712094788,0,0
2015-03-23,9.801701369989039e-05,0.0004278182052725728,-0.0,1.8741962512394466,0,0
2015-03-24,0.0023117397540945712,0.002739557959367144,-0.0,1.3455910852193982,0,0
2015-03-25,-0.0006660338770509192,0.002073524082316225,-0.0,1.5397584075600979,0,0
2015-03-26,0.0003121270718201871,0.002385651154136412,-0.0,1.4953460463785837,0,0
2015-03-27,0.00035936586681642343,0.002745017020952835,-0.0,1.4388609754521584,0,0
2015-03-30,-0.004205510947613745,-0.00146049392666091,-0.0,2.512434341743134,0,0
2015-03-31,0.0010260655145509186,-0.00043442841210999147,-0.0,2.2904452644119253,0,0
2015-04-01,-0.0031479687394333255,-0.003582397151543317,-0.0,3.1059418348251264,0,0
2015-04-02,-0.0037675117830319924,-0.00734990893457531,-0.0,4.077720777752633,0,0
2015-04-03,0.00021367578866973323,-0.007136233145905576,-0.0,4.056394820869247,0,0
2015-04-06,0.0019168078741938729,-0.005219425271711703,-0.0,3.607189862468378,0,0
2015-04-07,-0.0014336325020197324,-0.006653057773731435,-0.0,4.000711119741288,0,0
2015-04-08,-0.01194548541330433,-0.018598543187035764,-0.0,7.060106420298833,0,0
2015-04-09,-0.001574887864141288,-0.02017343105117705,-0.0,7.473750381660159,0,0
2015-04-10,0.000360808707835391,-0.01981262234334166,-0.0,7.417894444626736,0,0
2015-04-13,0.003610412211808472,-0.01620221013153319,-0.0,6.5656322755763155,0,0
2015-04-14,0.006367878512968298,-0.009834331618564892,-0.0,5.036047537878208,0,0
2015-04-15,0.0025504075222529884,-0.0072839240963119035,-0.0,4.447724693311835,0,0
2015-04-16,-0.005082194575173596,-0.0123661186714855,-0.0,5.720259582311141,0,0
2015-04-17,0.002514808101508658,-0.009851310569976842,-0.0,5.14031399069906,0,0
2015-04-20,-0.007100492382110982,-0.016951802952087824,-0.0,6.9064015706048405,0,0
2015-04-21,0.0017689186727527571,-0.015182884279335066,-0.0,6.511301399649908,0,0
2015-04-22,-0.0036749384624789674,-0.018857822741814034,-0.0,7.434828628044498,0,0
2015-04-23,-0.003876202808290421,-0.022734025550104453,-0.0,8.408291476209213,0,0
2015-04-24,0.0018810639763545112,-0.020852961573749943,-0.0,7.983128625463872,0,0
2015-04-27,0.0004832903087841822,-0.02036967126496576,-0.0,7.897142171925627,0,0
2015-04-28,-0.001389870344169018,-0.021759541609134778,-0.0,8.270427387405968,0,0
2015-04-29,-0.0008153430099840798,-0.022574884619118857,-0.0,8.503663824383867,0,0
2015-04-30,0.006110398291647313,-0.016464486327471543,-0.0,7.019243182864145,0,0
2015-05-01,-0.00449373873814494,-0.02095822506561648,-0.0,8.15824135280185,0,0
2015-05-04,0.003206073554682429,-0.017752151510934053,-0.0,7.4014859338260575,0,0
2015-05-05,0.00048740117987778583,-0.017264750331056268,-0.0,7.31332268238145,0,0
2015-05-06,-0.006756497232773074,-0.02402124756382934,-0.0,9.020707434955346,0,0
2015-05-07,-0.0022732158403026767,-0.026294463404132017,-0.0,9.610635115138722,0,0
2015-05-08,-0.001831941229897585,-0.0281264046340296,-0.0,10.094049176796052,0,0
2015-05-11,-0.0018710647744851435,-0.029997469408514745,-0.0,10.589226411749738,0,0
2015-05-12,0.0023491767355501812,-0.027648292672964564,-0.0,10.037073483475709,0,0
2015-05-13,0.0032318309358865937,-0.02441646173707797,-0.0,9.262376057766115,0,0
2015-05-14,0.006051300936016353,-0.018365160801061615,-0.0,7.780864033075084,0,0
2015-05-15,0.006485938445340796,-0.01187922235572082,-0.0,6.202535741960597,0,0
2015-05-18,-0.007607447326098139,-0.019486669681818957,-0.0,8.106284074119273,0,0
2015-05-19,0.005595098061804301,-0.013891571620014656,-0.0,6.781048209002839,0,0
2015-05-20,-0.005492052336682255,-0.019383623956696912,-0.0,8.138909211962957,0,0
2015-05-21,0.0037182663911196814,-0.01566535756557723,-0.0,7.277162951174854,0,0
2015-05-22,0.0038451509707481363,-0.011820206594829092,-0.0,6.383847760504477,0,0
2015-05-25,0.004078301272073411,-0.007741905322755681,-0.0,5.433614257315531,0,0
2015-05-26,0.0020868505278532367,-0.005655054794902444,-0.0,4.962912152739013,0,0
2015-05-27,-0.0038132250498600652,-0.00946827984476251,-0.0,5.917475037130487,0,0
2015-05-28,0.0018453906553944975,-0.007622889189368012,-0.0,5.502636891850136,0,0
2015-05-29,0.00037412465555005,-0.007248764533817962,-0.0,5.443635385256832,0,0
2015-06-01,-0.0028157427668918152,-0.010064507300709777,-0.0,6.164545762078786,0,0
2015-06-02,-0.0009393445673883531,-0.01100385186809813,-0.0,6.427072162459779,0,0
2015-06-03,-0.001269938610694434,-0.012273790478792564,-0.0,6.772435675096114,0,0
2015-06-04,-0.0006653723602980402,-0.012939162839090605,-0.0,6.969480881520165,0,0
2015-06-05,0.0013943024871045746,-0.011544860351986031,-0.0,6.653705162145802,0,0
2015-06-08,-0.0015036136978768566,-0.013048474049862887,-0.0,7.062672982833895,0,0
2015-06-09,0.00039969260519354816,-0.012648781444669339,-0.0,6.993981188651959,0,0
2015-06-10,0.0024224764710061787,-0.01022630497366316,-0.0,6.412157317543535,0,0
2015-06-11,-0.002900017554772402,-0.013126322528435562,-0.0,7.181648363195818,0,0
2015-06-12,-0.004726995420575152,-0.017853317949010714,-0.0,8.418905806261684,0,0
2015-06-15,0.005035600649961397,-0.012817717299049318,-0.0,7.170305837188344,0,0
2015-06-16,-0.0012923203834823867,-0.014110037682531704,-0.0,7.529765219312107,0,0
2015-06-17,-6.691924708748993e-05,-0.014176956929619193,-0.0,7.578818154713206,0,0
2015-06-18,-0.00029681493275053285,-0.014473771862369726,-0.0,7.686861197247051,0,0
2015-06-19,-0.0009747903554493153,-0.015448562217819041,-0.0,7.97001643672617,0,0
2015-06-22,-7.384454445718528e-05,-0.015522406762276227,-0.0,8.021154248012575,0,0
2015-06-23,0.0005821985378261621,-0.014940208224450064,-0.0,7.901478221029576,0,0
2015-06-24,0.0018838708117261615,-0.013056337412723903,-0.0,7.439888876769876,0,0
2015-06-25,0.0028505165318420205,-0.010205820880881882,-0.0,6.721760293624394,0,0
2015-06-26,-0.006215799647841607,-0.01642162052872349,-0.0,8.393633840570256,0,0
2015-06-29,-0.004568295367901643,-0.020989915896625133,-0.0,9.619335467674588,0,0
2015-06-30,-0.001620901221900283,-0.022610817118525417,-0.0,10.073855293524185,0,0
2015-07-01,-0.002304829920717572,-0.02491564703924299,-0.0,10.70950530719577,0,0
2015-07-02,-0.002681049333449383,-0.027596696372692374,-0.0,11.446265435566612,0,0
2015-07-03,-0.0036495792285154384,-0.031246275601207813,-0.0,12.440402200229972,0,0
2015-07-06,-0.004385668063664346,-0.03563194366487216,-0.0,13.629085573748117,0,0
2015-07-07,-0.005087090772250068,-0.04071903443712223,-0.0,15.000165873191909,0,0
2015-07-08,-0.003834568180750587,-0.04455360261787281,-0.0,16.036979255808976,0,0
2015-07-09,0.005304034077457825,-0.03924956854041499,-0.0,14.679204671929657,0,0
2015-07-10,-0.00032934871506997646,-0.039578917255484965,-0.0,14.79705315043709,0,0
2015-07-13,-0.006016093227085424,-0.04559501048257039,-0.0,16.40607268707335,0,0
2015-07-14,-0.005924796320312621,-0.05151980680288301,-0.0,17.978065214427012,0,0
2015-07-15,-0.0033500802462540996,-0.05486988704913711,-0.0,18.874054292170314,0,0
2015-07-16,0.011523029547098758,-0.04334685750203835,-0.0,15.9299576914336,0,0
2015-07-17,-0.0045830929649929185,-0.04792995046703127,-0.0,17.095613719598767,0,0
2015-07-20,-0.0007712589154678299,-0.0487012093824991,-0.0,17.318085335493024,0,0
2015-07-21,0.002861630785927511,-0.04583957859657159,-0.0,16.639470804052454,0,0
2015-07-22,-0.003760249013349554,-0.04959982760992114,-0.0,17.607922031092116,0,0
2015-07-23,0.008484832893549678,-0.041114994716371464,-0.0,15.525396813513334,0,0
2015-07-24,-0.004200569507732473,-0.04531556422410394,-0.0,16.58397931863203,0,0
2015-07-27,0.004998194576249336,-0.0403173696478546,-0.0,15.394862009153059,0,0
2015-07-28,-0.015747124841685892,-0.0560644944895405,-0.0,19.263300707915672,0,0
2015-07-29,0.00952931342195353,-0.046535181067586966,-0.0,17.137493391992223,0,0
2015-07-30,0.00037975364532990614,-0.04615542742225706,-0.0,17.085261886558182,0,0
2015-07-31,-0.0037644465892673886,-0.04991987401152445,-0.0,17.95714090593388,0,0
2015-08-03,-0.00587010750550216,-0.05578998151702661,-0.0,19.30102661622337,0,0
2015-08-04,-0.001822772231258753,-0.05761275374828537,-0.0,19.738720296820727,0,0
2015-08-05,-0.003607838773679146,-0.06122059252196451,-0.0,20.577586968267322,0,0
2015-08-06,-0.006289546593737741,-0.06751013911570225,-0.0,22.019018658403425,0,0
2015-08-07,0.00046444660210827457,-0.06704569251359398,-0.0,21.94753485614089,0,0
2015-08-10,0.002088597421555214,-0.06495709509203876,-0.0,21.511473245589006,0,0
2015-08-11,0.005804564849344976,-0.059152530242693784,-0.0,20.23676107629124,0,0
2015-08-12,-0.008820695877364232,-0.06797322612005802,-0.0,22.246462268266388,0,0
2015-08-13,0.0012282734848059326,-0.06674495263525208,-0.0,22.00757179669995,0,0
2015-08-14,-0.0031321025055516326,-0.06987705514080371,-0.0,22.7340820544317,0,0
2015-08-17,-3.652734364735402e-05,-0.06991358248445106,-0.0,22.774214902233386,0,0
2015-08-18,-0.004452963112821961,-0.07436654559727303,-0.0,23.802293163407157,0,0
2015-08-19,0.0018151053055312882,-0.07255144029174174,-0.0,23.42826900020299,0,0
2015-08-20,0.0032853725637396617,-0.06926606772800208,-0.0,22.721800237073023,0,0
2015-08-21,-0.00473351353945532,-0.0739995812674574,-0.0,23.820586070205987,0,0
2015-08-24,-0.0002666524033120777,-0.07426623367076948,-0.0,23.91264230393291,0,0
2015-08-25,0.015198379702409953,-0.05906785396835953,-0.0,20.502399309630917,0,0
2015-08-26,-0.0026460444758555973,-0.061713898444215126,-0.0,21.099529047349797,0,0
2015-08-27,0.006456145652535179,-0.05525775279167995,-0.0,19.747265929517084,0,0
2015-08-28,-0.00786163318181384,-0.06311938597349379,-0.0,21.456100277124868,0,0
2015-08-31,0.005889444953062573,-0.05722994102043121,-0.0,20.244806491946036,0,0
2015-09-01,-0.0021427102300741636,-0.05937265125050538,-0.0,20.727745573906276,0,0
2015-09-02,0.0027014404888558927,-0.056671210761649486,-0.0,20.1886219979369,0,0
2015-09-03,-0.0018197814111807224,-0.05849099217283021,-0.0,20.60686302111705,0,0
2015-09-04,0.0018122361875172902,-0.05667875598531292,-0.0,20.25234854226965,0,0
2015-09-07,0.000858712063762234,-0.05582004392155068,-0.0,20.100305633081607,0,0
2015-09-08,-0.012483406291178088,-0.06830345021272877,-0.0,22.822917194571538,0,0
2015-09-09,0.004299672955853637,-0.06400377725687513,-0.0,21.959721780811083,0,0
2015-09-10,0.003210799336000182,-0.06079297792087495,-0.0,21.322469276274212,0,0
2015-09-11,0.002338959422933771,-0.05845401849794118,-0.0,20.865390631541814,0,0
2015-09-14,-0.004422447641180172,-0.06287646613912135,-0.0,21.826222442694856,0,0
2015-09-15,0.003702142348352679,-0.05917432379076867,-0.0,21.08007709331529,0,0
2015-09-16,-0.005108104878193209,-0.06428242866896187,-0.0,22.188201301272677,0,0
2015-09-17,0.0032854515900800378,-0.06099697707888184,-0.0,21.52869780567921,0,0
2015-09-18,-0.0016249826959220661,-0.0626219597748039,-0.0,21.903758449819186,0,0
2015-09-21,0.001724686730295568,-0.060897273044508336,-0.0,21.569808560955206,0,0
2015-09-22,-0.0051532244187792835,-0.06605049746328762,-0.0,22.70075359869694,0,0
2015-09-23,0.005587394111983099,-0.06046310335130452,-0.0,21.542657872069718,0,0
2015-09-24,-0.002348408485480729,-0.06281151183678525,-0.0,22.073682128698003,0,0
2015-09-25,0.0016615305524033323,-0.06114998128438192,-0.0,21.751098874652016,0,0
2015-09-28,0.0015459782078811042,-0.059604003076500815,-0.0,21.45150687661684,0,0
2015-09-29,0.0008132845475493356,-0.05879071852895148,-0.0,21.308173841113756,0,0
2015-09-30,-0.0030257714920617377,-0.061816490021013214,-0.0,21.996194207340807,0,0
2015-10-01,0.00409313590562839,-0.057723354115384824,-0.0,21.137861725336272,0,0
2015-10-02,0.0031644068253969208,-0.054558947289987905,-0.0,20.480726125785207,0,0
2015-10-05,-0.005063737669917005,-0.05962268495990491,-0.0,21.618857200711076,0,0
2015-10-06,-0.003204153783176377,-0.06282683874308129,-0.0,22.349884461713255,0,0
2015-10-07,-0.0047313031799578855,-0.06755814192303917,-0.0,23.417119307463494,0,0
2015-10-08,-0.003158760567549138,-0.07071690249058832,-0.0,24.139991960261135,0,0
2015-10-09,0.005487369203313961,-0.06522953328727436,-0.0,22.9682206354308,0,0
2015-10-12,-0.0008898524713354811,-0.06611938575860984,-0.0,23.194937918758075,0,0
2015-10-13,0.0030494967504642095,-0.06306988900814564,-0.0,22.555971039463756,0,0
2015-10-14,0.0048107951571373375,-0.0582590938510083,-0.0,21.526110263885577,0,0
2015-10-15,0.0006673653189702372,-0.05759172853203807,-0.0,21.410922070704927,0,0
2015-10-16,0.0025623666182885974,-0.05502936191374947,-0.0,20.87456052326169,0,0
2015-10-19,0.0031506757065870405,-0.05187868620716243,-0.0,20.204970367978657,0,0
2015-10-20,0.0034095974534321715,-0.04846908875373026,-0.0,19.47549918772621,0,0
2015-10-21,0.0018831268301692538,-0.04658596192356101,-0.0,19.085922932419734,0,0
2015-10-22,-0.0003358668519660494,-0.04692182877552706,-0.0,19.193482038089982,0,0
2015-10-23,-0.0025697555815704463,-0.0494915843570975,-0.0,19.806861325981593,0,0
2015-10-26,0.002016168461602949,-0.047475415895494553,-0.0,19.380997450598482,0,0
2015-10-27,0.0022302252197562386,-0.04524519067573832,-0.0,18.904206452394515,0,0
2015-10-28,-0.005954623500227711,-0.05119981417596603,-0.0,20.3005137124477,0,0
2015-10-29,-0.00033521652665804026,-0.05153503070262407,-0.0,20.40894920757451,0,0
2015-10-30,0.00042134947625385526,-0.051113681226370215,-0.0,20.34434142132368,0,0
2015-11-02,-0.0023559772031372835,-0.0534696584295075,-0.0,20.919685080109865,0,0
2015-11-03,0.0035892554105463764,-0.04988040301896113,-0.0,20.120570895634188,0,0
2015-11-04,0.0002971305852823206,-0.049583272433678806,-0.0,20.08365442041141,0,0
2015-11-05,8.774544660529503e-05,-0.04949552698707351,-0.0,20.095191889775865,0,0
2015-11-06,-0.0043502388927758665,-0.05384576587984938,-0.0,21.148025472778045,0,0
2015-11-09,-0.004877557706836217,-0.0587233235866856,-0.0,22.324322845301314,0,0
2015-11-10,-0.006453499220669723,-0.06517682280735532,-0.0,23.867657310776913,0,0
2015-11-11,-0.0024076559800377787,-0.0675844787873931,-0.0,24.459395455613297,0,0
2015-11-12,0.001259219601670573,-0.06632525918572253,-0.0,24.197501468971762,0,0
2015-11-13,0.0024166575069779293,-0.0639086016787446,-0.0,23.662477209624004,0,0
2015-11-16,0.001333177311714649,-0.06257542436702995,-0.0,23.380449768775023,0,0
2015-11-17,-0.0022950916601390814,-0.06487051602716903,-0.0,23.955899948706058,0,0
2015-11-18,0.0033008878956464253,-0.06156962813152261,-0.0,23.203129366795075,0,0
2015-11-19,-0.007248732737993305,-0.06881836086951591,-0.0,24.962325358564396,0,0
2015-11-20,0.0009526679592128628,-0.06786569291030305,-0.0,24.769880274568344,0,0
2015-11-23,0.009693893727145903,-0.058171799183157145,-0.0,22.505391138977675,0,0
2015-11-24,7.230419053549063e-05,-0.05809949499262165,-0.0,22.520676943353827,0,0
2015-11-25,0.008670643952145788,-0.04942885104047587,-0.0,20.535617208992875,0,0
2015-11-26,0.006129976102736292,-0.043298874937739575,-0.0,19.16608319917842,0,0
2015-11-27,-0.004278962549405848,-0.04757783748714542,-0.0,20.171050788618196,0,0
2015-11-30,0.001446477702464866,-0.04613135978468055,-0.0,19.874056427743405,0,0
2015-12-01,-0.006677572804703083,-0.052808932589383635,-0.0,21.432728563075553,0,0
2015-12-02,-0.0014479719117437935,-0.054256904501127426,-0.0,21.793279715599574,0,0
2015-12-03,0.0060994803815028545,-0.04815742411962457,-0.0,20.434183919250074,0,0
2015-12-04,0.0023305466238514507,-0.04582687749577312,-0.0,19.9374985686106,0,0
2015-12-07,0.004519878704605082,-0.04130699879116804,-0.0,18.9398846325031,0,0
2015-12-08,-0.0017464776556581955,-0.043053476446826236,-0.0,19.369602146972337,0,0
2015-12-09,-0.007977903327236703,-0.05103137977406294,-0.0,21.22718874631862,0,0
2015-12-10,-0.003771705404932833,-0.05480308517899577,-0.0,22.11093913322446,0,0
2015-12-11,0.004391744910254267,-0.0504113402687415,-0.0,21.14962007581323,0,0
2015-12-14,0.008564762593440314,-0.041846577675301186,-0.0,19.244296664568903,0,0
2015-12-15,0.004686973736842,-0.037159603938459185,-0.0,18.232497707644285,0,0
2015-12-16,0.010659290731791003,-0.02650031320666818,-0.0,15.891859090872961,0,0
2015-12-17,0.00011512246663260761,-0.026385190740035574,-0.0,15.898898513046833,0,0
2015-12-18,0.003943284174940637,-0.022441906565094937,-0.0,15.070666955288486,0,0
2015-12-21,0.0018750524799439187,-0.020566854085151017,-0.0,14.693015015231039,0,0
2015-12-22,-0.001674093117998595,-0.022240947203149612,-0.0,15.09254047325092,0,0
2015-12-23,0.0025291523534573535,-0.01971179484969226,-0.2063060335192146,14.566542279832468,0,0
2015-12-24,-0.006292708168080895,-0.026004503017773153,-0.34077500549322387,15.992436475728756,0,0
2015-12-25,-0.013160917855174538,-0.03916542087294769,-0.5376918350670474,18.92403438561793,0,0
2015-12-28,-0.005988273308814206,-0.0451536941817619,-0.637231552471019,20.222587397172322,0,0
2015-12-29,0.0079124521557956,-0.0372412420259663,-0.4506999796086001,18.586857560593582,0,0
2015-12-30,-0.0035525697906309156,-0.04079381181659721,-0.468765873321939,19.360111312023783,0,0
2015-12-31,0.008645420397072872,-0.032148391419524344,-0.24957862086515864,17.5835657296197,0,0
2016-01-01,0.0015725817846656462,-0.0305758096348587,-0.16013469130782335,17.29081122380918,0,0
2016-01-04,0.000228170929154658,-0.03034763870570404,-0.13687794825739205,17.27545547961161,0,0
2016-01-05,-0.0037054941567614815,-0.03405313286246552,-0.1898701426135156,18.081117243513788,0,0
2016-01-06,-0.000960956139752949,-0.035014089002218474,-0.2559964582898501,18.31422412118422,0,0
2016-01-07,-0.01316788546863307,-0.04818197447085154,-0.3335575358172051,21.117166552156498,0,0
2016-01-08,-0.001691178111512762,-0.0498731525823643,-0.3723917854762874,21.49214184906732,0,0
2016-01-11,-0.0011853543234038044,-0.0510585069057681,-0.3918590728123952,21.76576501923083,0,0
2016-01-12,0.0006805682056840686,-0.050377938700084036,-0.38479512005513755,21.658295885211018,0,0
2016-01-13,0.007219061794628735,-0.0431588769054553,-0.23743014307502294,20.2023993619517,0,0
2016-01-14,-0.005151787378123773,-0.04831066428357907,-0.3448510639602255,21.288907034843326,0,0
2016-01-15,0.009054327352457928,-0.03925633693112114,-0.16844867074020584,19.468813297092176,0,0
2016-01-18,-0.0018022284418766515,-0.04105856537299779,-0.15198241461609058,19.864436300809725,0,0
2016-01-19,-0.004524781251843774,-0.045583346624841564,-0.09834603767931915,20.813939727707492,0,0
2016-01-20,-0.00012630161811320612,-0.04570964824295477,-0.16896648589112628,20.871582547581923,0,0
2016-01-21,0.0013486255154539755,-0.044361022727500796,-0.13045565400401424,20.62829634887215,0,0
2016-01-22,6.101736187689088e-05,-0.0443000053656239,-0.18400719046759162,20.647783430890048,0,0
2016-01-25,0.003202949680568884,-0.04109705568505502,-0.10635009547856715,20.01866798407218,0,0
2016-01-26,-0.004769720991410267,-0.045866776676465285,-0.11563055771627044,21.03839930370142,0,0
2016-01-27,0.008936895184109606,-0.03692988149235568,-0.00585831085026431,19.219481320656783,0,0
2016-01-28,0.004564466717768419,-0.032365414774587264,0.033948920399170475,18.31904205358435,0,0
2016-01-29,0.002718146002155014,-0.02964726877243225,0.10619615804422264,17.795360207495555,0,0
2016-02-01,-0.003342834504631488,-0.03299010327706374,0.029093702522637727,18.513499357585562,0,0
2016-02-02,-0.0033522423450271037,-0.03634234562209084,-0.0019312794274630302,19.235670336158545,0,0
2016-02-03,-0.004203352230408317,-0.04054569785249916,-0.07757154673921905,20.135682783481613,0,0
2016-02-04,0.003338004871170137,-0.037207692981329026,-0.0684772405424951,19.477407096800572,0,0
2016-02-05,0.0028993942090366435,-0.034308298772292384,-0.07236151408983453,18.908023379259078,0,0
2016-02-08,-0.0011259222781307649,-0.03543422105042315,-0.10468630693617519,19.17443249562054,0,0
2016-02-09,0.002095430927116849,-0.033338790123306296,-0.16670847342512293,18.767817756201307,0,0
2016-02-10,-4.287467951419018e-05,-0.03338166480282049,-0.15156775076252202,18.80884359242421,0,0
2016-02-11,-0.0011089172588855778,-0.03449058206170607,-0.17495166617816818,19.075410796298797,0,0
2016-02-12,-0.0037139050169323253,-0.0382044870786384,-0.31570048186004335,19.897282854187267,0,0
2016-02-15,-0.0011358814406694626,-0.03934036851930786,-0.3910947918868049,20.171391642774246,0,0
2016-02-16,-0.004557288420302985,-0.04389765693961085,-0.4976170077664972,21.18002684562659,0,0
2016-02-17,-0.00395442948902119,-0.047852086428632035,-0.5739203191934321,22.059694445937435,0,0
2016-02-18,0.005148870979156637,-0.0427032154494754,-0.4755759581232378,20.986220300978747,0,0
2016-02-19,-0.0021324722584471025,-0.0448356877079225,-0.5717728168819696,21.475497050887615,0,0
2016-02-22,-0.003226375257869109,-0.04806206296579161,-0.6529895407897767,22.2025041912696,0,0
2016-02-23,0.005002323604511777,-0.04305973936127983,-0.6213538107637274,21.153742435810198,0,0
2016-02-24,0.0030669564313169986,-0.03999278292996283,-0.45939153568905344,20.523762738035025,0,0
2016-02-25,-0.0031490713920505134,-0.04314185432201335,-0.517774358179505,21.237688614600746,0,0
2016-02-26,-0.0030535508375647284,-0.046195405159578075,-0.6201379761870066,21.932970969951654,0,0
2016-02-29,0.009556039966202851,-0.036639365193375226,-0.4915417276123249,19.88256838434697,0,0
2016-03-01,-0.0003582794391171636,-0.03699764463249239,-0.546879661427126,19.991198012474754,0,0
2016-03-02,-4.514070516460655e-05,-0.037042785337656994,-0.6133857484019655,20.032916460148638,0,0
2016-03-03,0.003009013137241688,-0.034033772200415306,-0.49961891517650014,19.413973964411323,0,0
2016-03-04,-0.0023626990254970903,-0.0363964712259124,-0.42193517987990853,19.958815229457542,0,0
2016-03-07,0.004009127459163872,-0.032387343766748525,-0.4126136738233088,19.116922643562482,0,0
2016-03-08,-0.004031727586315245,-0.03641907135306377,-0.5111983188595826,20.02895504225967,0,0
2016-03-09,-0.0001639265806580343,-0.03658299793372181,-0.5148450666616347,20.096791689186627,0,0
2016-03-10,-0.0002893830860306675,-0.03687238101975247,-0.5513513163292776,20.19241374071676,0,0
2016-03-11,0.0014259212562423619,-0.03544645976351011,-0.5221210060448276,19.909165407721222,0,0
2016-03-14,-0.0035150570062566578,-0.038961516769766766,-0.5747641765600155,20.72237113109828,0,0
2016-03-15,-4.93980255729734e-07,-0.038962010750022494,-0.5797804421007725,20.754490381240497,0,0
2016-03-16,-0.00031030096450605413,-0.039272311714528545,-0.5264650079404362,20.85601705530005,0,0
2016-03-17,0.0037252099141502244,-0.03554710180037832,-0.48824057991763076,20.048647712452606,0,0
2016-03-18,0.0020681161722934617,-0.03347898562808486,-0.4158834839719145,19.613868389975305,0,0
2016-03-21,0.0013620586663324209,-0.03211692696175244,-0.34490222672967946,19.337061050506104,0,0
2016-03-22,-0.002090035521509339,-0.03420696248326178,-0.376842799133988,19.845420660541713,0,0
2016-03-23,0.006779759715828666,-0.02742720276743311,-0.3078600434894431,18.325314601200205,0,0
2016-03-24,0.0030096129930595322,-0.02441758977437358,-0.24608243294723378,17.673830851920123,0,0
2016-03-25,-0.002119799023067413,-0.02653738879744099,-0.11144938404444518,18.18873333349554,0,0
2016-03-28,-3.0732983205493045e-05,-0.026568121780646485,-0.08979294804826472,18.227774607475606,0,0
2016-03-29,0.007698238775800786,-0.018869883004845697,0.013161047424188147,16.488136333537053,0,0
2016-03-30,-0.003864131702734629,-0.022734014707580324,-0.09117143213316506,17.398698623201504,0,0
2016-03-31,0.004282692255948801,-0.018451322451631523,-0.12053915620852136,16.455712095366735,0,0
2016-04-01,0.0017398466839654474,-0.016711475767666076,-0.13192336470883384,16.091516237302002,0,0
2016-04-04,-0.005213142270817452,-0.02192461803848353,-0.13373824398355114,17.316473426365206,0,0
2016-04-05,0.0025028605210228893,-0.019421757517460638,-0.13390620682051538,16.777127961625457,0,0
2016-04-06,-0.0026534601759832487,-0.022075217693443887,-0.07198942061013686,17.417227647384962,0,0
2016-04-07,0.0009999208051568475,-0.021075296888287038,-0.08281234067693174,17.219252234021425,0,0
2016-04-08,-0.0007006143616633284,-0.021775911249950368,-0.041063390376999694,17.413288464301456,0,0
2016-04-11,0.000430824139489801,-0.021345087110460566,0.019573894472765193,17.345101596046625,0,0
2016-04-12,0.009171363845322853,-0.012173723265137713,0.12135028607820131,15.23191019113222,0,0
2016-04-13,0.00019182135623518816,-0.011981901908902524,0.11727709139216953,15.21995227574897,0,0
2016-04-14,0.0007964594673937201,-0.011185442441508804,0.14786730367863837,15.068350537056054,0,0
2016-04-15,-0.0019034479762016017,-0.013088890417710405,0.13261186108674516,15.541624743457595,0,0
2016-04-18,-0.005074929019140567,-0.018163819436850973,-0.02378238520500183,16.755603482058206,0,0
2016-04-19,-0.0020984714910050723,-0.020262290927856044,0.009754774561727502,17.275243719493854,0,0
2016-04-20,0.0015028550142917934,-0.01875943591356425,-0.014130051276833944,16.956489124707655,0,0
2016-04-21,0.0002707593595214254,-0.018488676554042825,-0.017169354552421717,16.92498286985539,0,0
2016-04-22,-0.0011794797859655806,-0.019668156340008406,0.06133368240160807,17.23527400148664,0,0
2016-04-25,-0.003155731255027648,-0.022823887595036053,0.04887594749300053,18.01581072916506,0,0
2016-04-26,-0.00023934862308447845,-0.02306323621812053,0.0713280684439061,18.104736445688356,0,0
2016-04-27,0.0003651567538935417,-0.022698079464226986,0.10286664129699082,18.049410937351855,0,0
2016-04-28,0.0026260654046240143,-0.02007201405960297,0.1067542653831423,17.449732321954144,0,0
2016-04-29,0.003030831960422205,-0.017041182099180766,0.10393493621329078,16.75015966144912,0,0
2016-05-02,-0.002081877948201874,-0.01912306004738264,-0.010714748245794988,17.28603911511281,0,0
2016-05-03,-0.0070023004362758205,-0.02612536048365846,-0.2012798912622826,19.020101491921555,0,0
2016-05-04,0.0012915536558585606,-0.0248338068277999,-0.07597038649855192,18.741537296648698,0,0
2016-05-05,-0.0011280717580358726,-0.025961878585835773,-0.1720213070097017,19.046226902764783,0,0
2016-05-06,-0.0009815786438145157,-0.02694345722965029,-0.10805682503210957,19.316777285961443,0,0
2016-05-09,0.005101078698320168,-0.02184237853133012,-0.08818106753801869,18.102363904416986,0,0
2016-05-10,0.0031660465209025846,-0.018676332010427538,-0.0979236050428505,17.363213522682585,0,0
2016-05-11,0.003120023861234123,-0.015556308149193414,-0.11168958663659492,16.633497820937137,0,0
2016-05-12,-0.005413801268488361,-0.020970109417681775,-0.21835426178069972,17.990434414130576,0,0
2016-05-13,-0.0004884450171796153,-0.02145855443486139,-0.17119399642545247,18.14146622862771,0,0
2016-05-16,-0.0011959266301111446,-0.022654481064972535,-0.2146674873593407,18.466558772760447,0,0
2016-05-17,0.000991880605435394,-0.02166260045953714,-0.205826034302261,18.254203596027804,0,0
2016-05-18,0.0003905325600124113,-0.02127206789952473,-0.16016291026105908,18.18947556320213,0,0
2016-05-19,-0.0033859967724777667,-0.0246580646720025,-0.19492135106697522,19.06502931462409,0,0
2016-05-20,0.0013212804335299422,-0.023336784238472557,-0.1579240523332215,18.767324778890604,0,0
2016-05-23,-0.003386818689579067,-0.026723602928051624,-0.19655729406106506,19.648843957585388,0,0
2016-05-24,0.0008095916117938308,-0.025914011316257795,-0.20492310663993285,19.47745931587468,0,0
2016-05-25,0.0012967261112540366,-0.02461728520500376,-0.16499144005211164,19.181883294642002,0,0
2016-05-26,0.0074979589631032385,-0.01711932624190052,-0.0633944761574837,17.309935584086855,0,0
2016-05-27,-0.004136680249800262,-0.021256006491700785,-0.15623628272555998,18.376885602169665,0,0
2016-05-30,-0.009784995329930534,-0.031041001821631317,-0.25158731454939615,20.855967734375135,0,0
2016-05-31,-0.0013964970995266183,-0.03243749892115794,-0.20521942077779268,21.2276244737077,0,0
2016-06-01,0.0033608263213783995,-0.029076672599779536,-0.22910963051490188,20.43804928738296,0,0
2016-06-02,0.0006231475155367473,-0.02845352508424279,-0.20213927633461526,20.31743933346077,0,0
2016-06-03,-0.007316775448803666,-0.03577030053304646,-0.30273563945192017,22.15158544991635,0,0
2016-06-06,-0.00322349095113497,-0.03899379148418143,-0.34343771515830246,22.96749267574898,0,0
2016-06-07,0.0010452664238670363,-0.037948525060314396,-0.3151278986139364,22.74474629327851,0,0
2016-06-08,0.0035364819381596513,-0.03441204312215475,-0.26422360219512525,21.910166695718026,0,0
2016-06-09,1.072117844670207e-05,-0.03440132194370805,-0.272228627713198,21.93954500472238,0,0
2016-06-10,-0.005272688050357018,-0.03967400999406506,-0.3715039943198058,23.272934656857934,0,0
2016-06-13,-0.003181226841123921,-0.042855236835188985,-0.455663723817312,24.087010529130897,0,0
2016-06-14,-0.002532299491570437,-0.045387536326759424,-0.4054946942575526,24.74294853273457,0,0
2016-06-15,-0.002572767121838432,-0.047960303448597856,-0.37807108384682153,25.411092336613525,0,0
2016-06-16,0.0029666876740397823,-0.04499361577455807,-0.3135444310485902,24.707046491624755,0,0
2016-06-17,0.00042775097540278953,-0.04456586479915528,-0.27539199047259094,24.63264744190843,0,0
2016-06-20,-0.0032459282985960606,-0.04781179309775134,-0.2832179811298969,25.47674507000228,0,0
2016-06-21,0.002194415228431858,-0.045617377869319485,-0.20149469000404807,24.958663781602368,0,0
2016-06-22,0.0038151456868425666,-0.04180223218247692,-0.08654664832312826,24.030448254987927,0,0
2016-06-23,0.0005205570735525417,-0.04128167510892437,-0.00791163461051249,23.931381024651287,0,0
2016-06-24,-0.009442540722187498,-0.05072421583111187,-0.08613826758859015,26.35456008098037,0,0
2016-06-27,0.0040019766285165,-0.04672223920259537,-0.10443834251310341,25.399523717720363,0,0
2016-06-28,-0.00445752548555839,-0.05117976468815376,-0.1618268155268077,26.531097432150755,0,0
2016-06-29,0.00022195717632789895,-0.05095780751182586,-0.07507008749823026,26.508420759308343,0,0
2016-06-30,0.0025551858135115816,-0.04840262169831428,0.04375766989150467,25.907246403329577,0,0
2016-07-01,0.0038628140434589413,-0.04453980765485534,0.1449617830405708,24.978727000728345,0,0
2016-07-04,0.0020796784736446207,-0.04246012918121072,0.012603339067349822,24.493372703189515,0,0
2016-07-05,0.0017640670318332715,-0.040696062149377446,0.10300591945188617,24.08467592073393,0,0
2016-07-06,-0.0009167663512341577,-0.041612828500611605,0.10093138923547744,24.346782500498303,0,0
2016-07-07,0.005735543708205091,-0.03587728479240651,0.1415018124431069,22.93134494784379,0,0
2016-07-08,-0.008765336638693295,-0.0446426214310998,0.06996770166980877,25.161630561102875,0,0
2016-07-11,0.004672796054594526,-0.03996982537650528,0.016244523255590275,24.0467113908076,0,0
2016-07-12,-0.007516104341872484,-0.04748592971837776,-0.030667608396142795,25.920200298918978,0,0
2016-07-13,-0.0013541747199563587,-0.04884010443833412,-0.12071012077162685,26.279524307804003,0,0
2016-07-14,-0.007246016784285402,-0.05608612122261952,-0.00031248448311737946,28.072003808402826,0,0
2016-07-15,0.005655717487136202,-0.05043040373548332,-0.05663119248213242,26.746189465835762,0,0
2016-07-18,-0.0004822426909680072,-0.050912646426451325,-0.06916300693826122,26.893418492489555,0,0
2016-07-19,0.004861726064505701,-0.04605092036194562,0.056192563889018124,25.757201187872717,0,0
2016-07-20,-0.005409221680947983,-0.051460142042893606,0.06292106401152366,27.08628069164709,0,0
2016-07-21,-0.008019533924841912,-0.05947967596773552,-0.026956827737618084,29.03379146438666,0,0
2016-07-22,0.0017237824878984249,-0.057755893479837096,0.05008006180439994,28.660237424417602,0,0
2016-07-25,-0.0016932796691894406,-0.059449173149026535,0.11696800194215314,29.092558825998847,0,0
2016-07-26,0.0017840409579158905,-0.05766513219111064,0.1360746800833146,28.700749886734812,0,0
2016-07-27,0.0030692331338559205,-0.05459589905725472,0.1502211033910011,28.000169986400277,0,0
2016-07-28,-0.003057766989138378,-0.0576536660463931,0.02178603543655372,28.763981274042568,0,0
2016-07-29,0.0024550256142750354,-0.055198640432118064,0.18711585527707306,28.206866352643225,0,0
2016-08-01,0.0019060170474472964,-0.053292623384670765,0.1969997135711444,27.779770362346532,0,0
2016-08-02,-0.004778620931752256,-0.05807124431642302,0.17264362596707558,28.968066032090327,0,0
2016-08-03,-0.006628564335383831,-0.06469980865180686,0.07588495529028733,30.600898672459873,0,0
2016-08-04,0.0030333218132304134,-0.061666486838576444,0.1850645337328307,29.906836108833314,0,0
2016-08-05,-0.0014996494227170164,-0.06316613626129346,0.1367730826474931,30.298787981377995,0,0
2016-08-08,-0.0006264861211724721,-0.06379262238246593,0.07985141468420427,30.48192242556459,0,0
2016-08-09,-0.001764440121590217,-0.06555706250405614,0.12342267655023428,30.941970698108918,0,0
2016-08-10,-0.003673102196938784,-0.06923016470099493,0.07351639840204229,31.86925454189198,0,0
2016-08-11,-0.004479322820467857,-0.07370948752146278,-0.21872833988066212,32.99429163701949,0,0
2016-08-12,0.0013281718417663957,-0.07238131567969638,-0.1594444477426019,32.7025670530695,0,0
2016-08-15,-0.0028399496704182153,-0.0752212653501146,-0.29955687641108664,33.430383181549004,0,0
2016-08-16,0.006030573357562743,-0.06919069199255186,-0.09134844563742728,31.980464285316955,0,0
2016-08-17,-0.0026838570966649967,-0.07187454908921685,-0.2210481345751227,32.66750917428725,0,0
2016-08-18,0.0005418600732885316,-0.07133268901592832,-0.18060939509729337,32.566833530591985,0,0
2016-08-19,0.0022955324744901983,-0.06903715654143812,-0.1867830784651326,32.03353903537903,0,0
2016-08-22,0.0011480549329397872,-0.06788910160849833,-0.14198313894607442,31.781713984511406,0,0
2016-08-23,0.0042818696764008145,-0.06360723193209751,-0.10449161689484913,30.749479675225924,0,0
2016-08-24,-0.004041502746086634,-0.06764873467818415,-0.17808585246584635,31.785225918264818,0,0
2016-08-25,0.0044593841486833445,-0.06318935052950081,0.07820520686627493,30.709761810236742,0,0
2016-08-26,0.0020896538011902256,-0.06109969672831059,0.0444825597540167,30.223486140961292,0,0
2016-08-29,0.007282863581771609,-0.05381683314653898,0.10632575985139821,28.441533053331646,0,0
2016-08-30,-5.299288549191197e-05,-0.05386982603203089,0.06991273701233709,28.486571083546778,0,0
2016-08-31,0.0033834183185570237,-0.05048640771347386,0.1891487338092124,27.68191638142607,0,0
2016-09-01,0.004851246536286267,-0.04563516117718759,0.20645766921033376,26.51221965033487,0,0
2016-09-02,0.009113107712915666,-0.036522053464271925,0.42065272954817445,24.292549542728473,0,0
2016-09-05,0.007519635514159736,-0.02900241795011219,0.4823417212305457,22.50855966603189,0,0
2016-09-06,0.003281940538349297,-0.025720477411762893,0.5558885285875252,21.758234018660023,0,0
2016-09-07,0.00036719976963807324,-0.02535327764212482,0.5355880497683113,21.70251606233079,0,0
2016-09-08,0.00469774123334645,-0.020655536408778367,0.6846203963036358,20.60574345848246,0,0
2016-09-09,-0.0011345598106016531,-0.02179009621938002,0.5850891251690177,20.909938575935875,0,0
2016-09-12,0.0008869216876546582,-0.02090317453172536,0.6344554586882223,20.728030827045334,0,0
2016-09-13,0.0020364459904896317,-0.01886672854123573,0.6400388539964345,20.266154846776615,0,0
2016-09-14,0.001258573989183958,-0.01760815455205177,0.6357401424005727,19.991596735402556,0,0
2016-09-15,-0.001355569680400049,-0.01896372423245182,0.6027778090607471,20.355531401806005,0,0
2016-09-16,-0.012009792729835309,-0.030973516962287128,0.4596182809020755,23.34340831120023,0,0
2016-09-19,0.002405999050413887,-0.02856751791187324,0.43498725234553787,22.80792891438938,0,0
2016-09-20,0.0007598620169673319,-0.02780765589490591,0.39950894722487607,22.660012110901175,0,0
2016-09-21,-0.004499869598054375,-0.03230752549296029,0.4081809083675894,23.763506318596377,0,0
2016-09-22,0.0014557762952572579,-0.03085174919770303,0.4783099410154069,23.449168255240753,0,0
2016-09-23,0.0024122210078292607,-0.028439528189873768,0.5863890722001885,22.9043574012606,0,0
2016-09-26,-0.002441876399189944,-0.030881404589063712,0.597419817569548,23.52252860819176,0,0
2016-09-27,0.0016023829121298728,-0.029279021676933838,0.540762347482222,23.168434383905552,0,0
2016-09-28,0.0022071025993057004,-0.027071919077628136,0.5871365852032469,22.66601134584924,0,0
2016-09-29,0.002297554451816317,-0.02477436462581182,0.5760768841206263,22.13938950385712,0,0
2016-09-30,0.0015542550494188686,-0.02322010957639295,0.5282726041968513,21.79199274336091,0,0
2016-10-03,-0.0005122031466454971,-0.023732312723038447,0.5104805004188977,21.94965408105544,0,0
2016-10-04,-0.0019944490023826532,-0.0257267617254211,0.44185240899363715,22.473724654594573,0,0
2016-10-05,0.004288175046349104,-0.021438586679071996,0.4585778154024808,21.443139882373618,0,0
2016-10-06,0.004417663777092127,-0.017020922901979867,0.47335390758615586,20.381279033625617,0,0
2016-10-07,0.010519365309775887,-0.00650155759220398,0.5963171265143691,17.811494058524243,0,0
2016-10-10,-0.013225152505624784,-0.019726710097828764,0.39681862642229954,21.011255625770925,0,0
2016-10-11,-0.002348452636253178,-0.022075162734081943,0.40009618119526513,21.578682490000507,0,0
2016-10-12,0.005334279555141982,-0.01674088317893996,0.44739436435681734,20.389530164312255,0,0
2016-10-13,-0.0038864618202855954,-0.020627344999225555,0.3579205341334757,21.308756645329424,0,0
2016-10-14,0.007280657990760296,-0.01334668700846526,0.5495210480689394,19.67667235927948,0,0
2016-10-17,-0.00047293909553394503,-0.013819626103999205,0.5475128992782236,19.81569638871808,0,0
2016-10-18,0.008402550247300399,-0.005417075856698806,0.658687703917732,17.935522514585326,0,0
2016-10-19,0.0064958517077063176,0.0010787758510075116,0.7835893810707654,16.511308487166943,0,0
2016-10-20,0.0013936844704840663,0.002472460321491578,0.7528278056003948,16.232876585407816,0,0
2016-10-21,-0.0009631013818708432,0.0015093589396207347,0.7346027954180465,16.480537236847308,0,0
2016-10-24,0.0029054618645159604,0.004414820804136695,0.7745345425607861,15.858382224947567,0,0
2016-10-25,0.0023179189115428204,0.006732739715679515,0.8718297731356274,15.366789335511804,0,0
2016-10-26,0.002823787232286784,0.009556526947966298,0.9846820415555559,14.758248515553838,0,0
2016-10-27,0.028471955020780863,0.03802848196874716,1.384893850113355,8.309673297766963,0,0
2016-10-28,0.01249268099446613,0.050521162963213295,1.565619761579532,5.997126141604975,0,0
2016-10-31,-0.0106165529270762,0.03990461003613709,1.393373403787658,7.972044859527408,0,0
2016-11-01,0.0075839446782879315,0.04748855471442502,1.4552521404411511,6.637737943410948,0,0
2016-11-02,0.0004812101514378264,0.047969764865862845,1.4442203799596285,6.583481188293865,0,0
2016-11-03,0.008832804478175565,0.056802569344038406,1.5811901205261198,5.0229400295201305,0,0
2016-11-04,-0.0006727612475751556,0.05612980809646325,1.5304130004441576,5.17519158088068,0,0
2016-11-07,0.00106750016573834,0.05719730826220159,1.646843623556206,5.015317810307058,0,0
2016-11-08,0.0034329799091401226,0.06063028817134171,1.6780583867701668,4.426807445812614,0,0
2016-11-09,0.012771662600300847,0.07340195077164255,1.7086670318070392,2.1421107856352117,0,0
2016-11-10,-0.004594483036599514,0.06880746773504304,1.6444760455935727,2.9873852843636612,0,0
2016-11-11,-0.00993309049940642,0.05887437723563662,1.3986179770734812,4.781070899531177,0,0
2016-11-14,-0.011736481160897969,0.04713789607473865,1.156921725661524,6.869896745354191,0,0
2016-11-15,-0.030141804079334165,0.016996091995404486,0.7708868756498283,12.088896601099162,0,0
2016-11-16,-0.002624880021912074,0.014371211973492412,0.7219321164500258,12.51745296616325,0,0
2016-11-17,0.00693312590941824,0.021304337882910654,0.8845772963786667,11.496951190733803,0,0
2016-11-18,4.006082729781168e-05,0.021344398710208465,0.9025292082787859,11.522882576968541,0,0
2016-11-21,0.007319901370963523,0.02866430008117199,0.9160782862063155,10.437918933681939,0,0
2016-11-22,0.017640299627102944,0.046304599708274934,1.0762645628705854,7.781944614040901,0,0
2016-11-23,0.0032051871056185902,0.04950978681389352,1.0615732743928956,7.342132790697808,0,0
2016-11-24,0.0014314471125033005,0.05094123392639682,1.0989707695172874,7.162478084170475,0,0
2016-11-25,-0.0005816820143150999,0.050359551912081725,1.1910802923769415,7.28097468583717,0,0
2016-11-28,-6.185910455547587e-05,0.05029769280752625,1.2361345695705903,7.3222343045699105,0,0
2016-11-29,-0.0019366641624519558,0.0483610286450743,1.1625413870816494,7.645529455209013,0,0
2016-11-30,-0.005626559211947917,0.04273446943312638,0.997681157302836,8.528290116249524,0,0
2016-12-01,-0.02330960911702798,0.0194248603160984,0.6438246960424037,12.090381587169968,0,0
2016-12-02,-0.005496252504134209,0.01392860781196419,0.4623209085145309,12.904849013616154,0,0
2016-12-05,0.0086460226324391,0.02257463044440329,0.5572682431137073,11.703241844581258,0,0
2016-12-06,0.005813595879366751,0.02838822632377004,0.5779013949624215,10.908240578515233,0,0
2016-12-07,-0.0072848063143771,0.021103420009392942,0.47214856101358593,11.978432779964844,0,0
2016-12-08,0.0004471264624961828,0.021550546471889125,0.49628906138377354,11.946748919737347,0,0
2016-12-09,0.001965480477309836,0.02351602694919896,0.4899745657238996,11.697160532385967,0,0
2016-12-12,-0.0021898214673677792,0.021326205481831183,0.5377341553953194,12.04458125920609,0,0
2016-12-13,-0.0035149689234164287,0.017811236558414753,0.6543225904814707,12.585508735077347,0,0
2016-12-14,-0.0017104938407719575,0.016100742717642797,0.7050752093216704,12.866234190055117,0,0
2016-12-15,0.003111659500162443,0.01921240221780524,0.6520080382583079,12.443331563455224,0,0
2016-12-16,0.00422079140911269,0.02343319362691793,0.7417132148185508,11.855448641834029,0,0
2016-12-19,-0.006234015022447233,0.017199178604470695,0.5709928050587724,12.8062796248426,0,0
2016-12-20,0.010291970735427161,0.027491149339897856,0.6674420686839874,11.320012504454867,0,0
2016-12-21,0.0096214054585706,0.03711255479846846,0.7709504914740726,9.943188170735167,0,0
2016-12-22,-0.0045272888178746785,0.032585265980593775,0.761200873018923,10.634396924418148,0,0
2016-12-23,-0.011832568465546676,0.0207526975150471,0.6310996488808938,12.394919134036387,0,0
2016-12-26,-0.006584069848434899,0.014168627666612199,0.7117003863401289,13.377940444236554,0,0
2016-12-27,-0.002986950654925275,0.011181677011686923,0.6966059847790796,13.841625927246882,0,0
2016-12-28,-0.0006359209329346105,0.010545756078752314,0.7029327748800848,13.965971382175374,0,0
2016-12-29,0.025116793330837623,0.03566254940958993,0.9446075908639965,10.330056798463932,0,0
2016-12-30,-0.01921345904024571,0.01644909036934422,0.6416893048560304,12.986468710606172,0,0
2017-01-02,0.008211107932874414,0.024660198302218633,0.7840067042470228,11.933008500350523,0,0
2017-01-03,-0.007376621961767635,0.017283576340451,0.6081424015385417,12.939175383271573,0,0
2017-01-04,-0.010627220751045392,0.006656355589405607,0.5098888467221582,14.375028139597857,0,0
2017-01-05,0.04240385542848392,0.04906021101788953,0.9232685723494218,8.836507738770875,0,0
2017-01-06,-0.008396979730857151,0.04066323128703238,0.8395385092351181,9.819699557993077,0,0
2017-01-09,0.0075085200265415115,0.04817175131357389,0.8972875724267138,9.000702356376458,0,0
2017-01-10,0.006541407781984952,0.054713159095558836,0.9584232143477428,8.290139412283715,0,0
2017-01-11,0.009167235343688528,0.06388039443924737,1.0128893836889827,7.27880455060887,0,0
2017-01-12,-0.0010569101422354947,0.06282348429701187,1.0499247580456417,7.43104200096966,0,0
2017-01-13,-0.005112215351423284,0.05771126894558859,0.9160271225836857,8.04790815663116,0,0
2017-01-16,0.008262839443169342,0.06597410838875793,0.9498408855523365,7.131024783735874,0,0
2017-01-17,-0.0026021675664394703,0.06337194082231846,0.8983096685683953,7.46203426550489,0,0
2017-01-18,0.00797402656448469,0.07134596738680316,1.0055595109250544,6.572963984750692,0,0
2017-01-19,0.007469647528036331,0.07881561491483949,1.1080511586948196,5.741402260098584,0,0
2017-01-20,-0.0064626772632615705,0.07235293765157792,1.0849996512883733,6.5216592553005155,0,0
2017-01-23,0.0021378290807620264,0.07449076673233995,1.073738362738144,6.305522938524751,0,0
2017-01-24,0.012742009327363909,0.08723277605970386,1.1606125280757653,4.850485208626575,0,0
2017-01-25,0.002054895281883516,0.08928767134158738,1.1909949304949334,4.644330438918301,0,0
2017-01-26,0.003952013830679413,0.0932396851722668,1.2082074313444358,4.21579646232413,0,0
2017-01-27,-0.01219785514553369,0.08104183002673311,1.0842919525683077,5.675744082023208,0,0
2017-01-30,0.001248521178480933,0.08229035120521404,1.1067224716540174,5.5624599259635215,0,0
2017-01-31,0.006193355449254616,0.08848370665446866,1.1998051844053548,4.8696473683087484,0,0
2017-02-01,0.0018744945738832927,0.09035820122835195,1.2283612945442104,4.681680000963597,0,0
2017-02-02,-0.005683754896175846,0.0846744463321761,1.2170001757946165,5.384367340622407,0,0
2017-02-03,0.00048014332748977514,0.08515458965966588,1.2601057365785804,5.359540194006182,0,0
2017-02-06,-0.005343158622948706,0.07981143103671717,1.1600444154047362,6.0276911783388645,0,0
2017-02-07,0.003737659769201372,0.08354909080591855,1.215431515175046,5.6131756510950925,0,0
2017-02-08,0.020547206904212474,0.10409629771013101,1.4162515650269163,3.1791191064910356,0,0
2017-02-09,0.005732856312438238,0.10982915402256925,1.422622459353181,2.542314839883585,0,0
2017-02-10,-0.007668927164283297,0.10216022685828595,1.3191910271775618,3.4718591974186657,0,0
2017-02-13,-0.0008629594657916217,0.10129726739249433,1.3410862882503962,3.604978094839013,0,0
2017-02-14,0.0045774064634184,0.10587467385591273,1.411776858425694,3.0975951955091854,0,0
2017-02-15,0.004273294261704657,0.11014796811761739,1.3666726860104967,2.6239851068858693,0,0
2017-02-16,0.002988662556817112,0.1131366306744345,1.3975402307397378,2.3008521662011145,0,0
2017-02-17,0.01765382649302103,0.13079045716745552,1.5430702994843144,0.22445274221351097,0,0
2017-02-20,-0.0006882043123585955,0.1301022528550969,1.509314519047416,0.33707507536552805,0,0
2017-02-21,0.00020247227541578977,0.1303047251305127,1.5334802910845051,0.3452311280224854,0,0
2017-02-22,0.010681366683225267,0.14098609181373797,1.588885153221366,0.0,0,0
2017-02-23,-0.00189740104660446,0.1390886907671335,1.6095006348026404,0.25606222400850326,0,0
2017-02-24,0.0013888478778712344,0.14047753864500476,1.6237588768160494,0.12316855104702146,0,0
2017-02-27,-0.00424965548764764,0.13622788315735712,1.5858756893522536,0.6625974449035025,0,0
2017-02-28,0.004994239212621021,0.14122212236997814,1.6173488436097216,0.09572250117053649,0,0
2017-03-01,-0.0013820725548948113,0.13984004981508333,1.6377993274181417,0.2940767567608388,0,0
2017-03-02,0.0034538414495416847,0.14329389126462502,1.6689519771165915,0.0,0,0
2017-03-03,0.008937206430197417,0.15223109769482243,1.7487960807641603,0.0,0,0
2017-03-06,0.00040952920263956995,0.152640626897462,1.719142235378724,0.0,0,0
2017-03-07,-0.006021661814326935,0.14661896508313507,1.6422410104725622,0.7677972984449207,0,0
2017-03-08,-0.00566476213632129,0.1409542029468138,1.5755429587484464,1.493815264994775,0,0
2017-03-09,0.0030753055891591537,0.14402950853597296,1.6227073311904436,1.1479320015399648,0,0
2017-03-10,-0.0027778427916545466,0.1412516657443184,1.5372920583967153,1.52297446674583,0,0
2017-03-13,0.004221650676356058,0.14547331642067446,1.547879563038136,1.0309940141350875,0,0
2017-03-14,-0.0031805226431708853,0.14229279377750356,1.5377655164504445,1.4594234990099746,0,0
2017-03-15,-0.005372679748761021,0.13692011402874255,1.4868959917579654,2.164348552614272,0,0
2017-03-16,-0.0005057012475557167,0.13641441278118682,1.41513163106635,2.259895676567616,0,0
2017-03-17,0.0021820629935304444,0.13859647577471726,1.4713174841426075,2.0161618685343203,0,0
2017-03-20,-0.00047029472764078097,0.13812618104707647,1.4286912592969871,2.107919201041275,0,0
2017-03-21,-0.003796541947391928,0.13432963909968454,1.3771346698633544,2.6250402440158696,0,0
2017-03-22,-0.005719309130558016,0.12861032996912652,1.3721695210717417,3.3910778318134422,0,0
2017-03-23,0.002594970988810743,0.13120530095793725,1.3729886298740523,3.0891572765519966,0,0
2017-03-24,-0.005648632863833182,0.12555666809410407,1.3441016840833901,3.8517895984138106,0,0
2017-03-27,0.0065967065691830045,0.13215337466328708,1.3929898316050227,3.028253361565901,0,0
2017-03-28,-0.002035309532496494,0.13011806513079058,1.3805557451258665,3.3246348864411,0,0
2017-03-29,-0.004847626629931489,0.1252704385008591,1.3309557947764854,3.9897071476888564,0,0
2017-03-30,-0.006208939400897871,0.11906149909996122,1.192742128139998,4.835361362582581,0,0
2017-03-31,-0.0028962309785235197,0.1161652681214377,1.164121890357745,5.247643457473462,0,0
2017-04-03,-0.00023096875720195545,0.11593429936423574,1.1547665620849377,5.310128779368362,0,0
2017-04-04,-0.0023454947337595206,0.11358880463047623,1.1506406702684056,5.653414891479328,0,0
2017-04-05,0.00011289442852023513,0.11370169905899646,1.199300664115012,5.6703632721321275,0,0
2017-04-06,-0.0032594868924169253,0.11044221216657954,1.1883762295066067,6.139727310843141,0,0
2017-04-07,0.0014098647689794641,0.111852076935559,1.1875393161318357,5.981677446903568,0,0
2017-04-10,0.0056301637535217134,0.11748224068908071,1.234943618943633,5.250466810283028,0,0
2017-04-11,0.003890699545871492,0.12137294023495221,1.28056146925728,4.753787207283178,0,0
2017-04-12,0.006506288353135254,0.12787922858808745,1.3670929886751766,3.898006479781467,0,0
2017-04-13,-0.0004603632768538328,0.12741886531123361,1.365064547271908,3.9929093159158784,0,0
2017-04-14,0.00320701518210496,0.13062588049333856,1.3904591194321112,3.5842566264334708,0,0
2017-04-17,-0.008615231577139417,0.12201064891619914,1.2842699822853836,4.805563709178079,0,0
2017-04-18,0.009734425954023396,0.13174507487022255,1.34060715347691,3.496961762951548,0,0
2017-04-19,0.0016180926902112295,0.1333631675604338,1.3742874929073603,3.3071429131026124,0,0
2017-04-20,0.0058034380014612245,0.139166605561895,1.4916091488832404,2.5391651600740555,0,0
2017-04-21,-0.003941062494910086,0.13522554306698492,1.4431784242031502,3.115565076742252,0,0
2017-04-24,0.005490133009257486,0.1407156760762424,1.5016137572369292,2.3861226164343843,0,0
2017-04-25,-0.0001944377442308189,0.1405212383320116,1.5088257772863567,2.445164610443199,0,0
2017-04-26,-0.0019734172437083763,0.13854782108830324,1.445844440548221,2.7531271979896945,0,0
2017-04-27,0.007686573401377578,0.1462343944896808,1.4839909687587323,1.7045336153470056,0,0
2017-04-28,-0.0036516432859287967,0.14258275120375202,1.4223473384601744,2.2494086889209433,0,0
2017-05-01,0.0009133891546484125,0.14349614035840044,1.4814491577825994,2.1525878450143923,0,0
2017-05-02,0.002302465216661321,0.14579860557506177,1.5065037274434137,1.8579933201284402,0,0
2017-05-03,-0.0006672439293627633,0.145131361645699,1.5113691166954426,1.985140168496503,0,0
2017-05-04,0.003952148796835219,0.14908351044253423,1.5373697496204601,1.4504056583336427,0,0
2017-05-05,0.000945135812788353,0.15002864625532258,1.5423640566373096,1.346349597213452,0,0
2017-05-08,0.00011819578781162342,0.15014684204313422,1.5749538658446798,1.361246178581563,0,0
2017-05-09,-0.005917690254531964,0.14422915178860227,1.5070976909949751,2.2549930190967595,0,0
2017-05-10,0.004206036054244111,0.14843518784284637,1.5756499742258636,1.6736092887458298,0,0
2017-05-11,-0.010468241131850442,0.13796694671099594,1.4668527492999044,3.237766900959654,0,0
2017-05-12,-0.00011577225872931243,0.13785117445226663,1.4542004834841857,3.286591108435556,0,0
2017-05-15,-0.005745621122915502,0.13210555332935114,1.3360270455490524,4.1579383491010296,0,0
2017-05-16,0.0022393306699313156,0.13434488399928246,1.394219595280413,3.862262657850148,0,0
2017-05-17,0.003369552920401793,0.13771443691968424,1.5182754447611166,3.398652449444681,0,0
2017-05-18,0.00010586331129882579,0.13782030023098307,1.5320375931607946,3.415022589358656,0,0
2017-05-19,-0.002051051421734763,0.13576924880924832,1.4833331757433588,3.7517863912510716,0,0
2017-05-22,-0.002252624388697026,0.1335166244205513,1.4569598113838267,4.120258252696906,0,0
2017-05-23,0.0008227776216812584,0.13433940204223255,1.5341285615364262,4.02874281070184,0,0
2017-05-24,0.0004239211503767791,0.13476332319260934,1.5679913948794586,3.996745192254617,0,0
2017-05-25,0.0001218982698006798,0.13488522146241003,1.5596466744613462,4.010243105425345,0,0
2017-05-26,-0.0003454485997682027,0.13453977286264182,1.525058567742662,4.095015472693192,0,0
2017-05-29,-0.010198127033961913,0.1243416458286799,1.42610998879832,5.693664772313573,0,0
2017-05-30,0.0006952699668893916,0.1250369157955693,1.481817808141538,5.619747435283732,0,0
2017-05-31,-0.0008551249015147982,0.12418179089405451,1.5035023001743437,5.782783781071156,0,0
2017-06-01,-0.0003418883739994441,0.12383990252005507,1.5237873561560034,5.8674773071201844,0,0
2017-06-02,0.005833305805006314,0.12967320832506138,1.5984528172378938,4.995393216463741,0,0
2017-06-05,0.0016121853037159963,0.13128539362877736,1.5865404149268179,4.777270343275913,0,0
2017-06-06,-0.005561208903758043,0.1257241847250193,1.5302248105229626,5.67678947852487,0,0
2017-06-07,0.0009432486799210676,0.12666743340494038,1.5688430484835574,5.561448935682867,0,0
2017-06-08,-0.0006961557195250714,0.1259712776854153,1.5428747940104117,5.702824435311417,0,0
2017-06-09,-0.0012870541743018689,0.12468422351111343,1.4973638068401354,5.938187448109073,0,0
2017-06-12,0.0059937250577434065,0.13067794856885684,1.5448215920349162,5.017934487069466,0,0
2017-06-13,0.0024377656154313232,0.13311571418428816,1.6582544532074268,4.662432526340652,0,0
2017-06-14,0.0033121977282363603,0.1364279119125245,1.6523042025786727,4.16534075721109,0,0
2017-06-15,-0.00044004816702803524,0.13598786374549648,1.6903086489435033,4.267937171467231,0,0
2017-06-16,-0.0020575312466309644,0.13393033249886552,1.6692087967273133,4.631892938010056,0,0
2017-06-19,-0.00017462965795792115,0.1337557028409076,1.6447325373509132,4.692220671982707,0,0
2017-06-20,0.0025278581276655062,0.1362835609685731,1.6331190186351776,4.311931431852092,0,0
2017-06-21,-0.0033572443181068157,0.13292631665046628,1.583070679968541,4.894142523726149,0,0
2017-06-22,0.001972149905637432,0.1348984665561037,1.5849173921182576,4.6016439320703855,0,0
2017-06-23,-0.0005234959487479744,0.13437497060735573,1.5885392105503722,4.720237941350965,0,0
2017-06-26,-0.00298317670581808,0.13139179390153766,1.5105865035453216,5.248493055956076,0,0
2017-06-27,0.004603646408424715,0.13599544030996238,1.6362715611139602,4.5113576110320786,0,0
2017-06-28,0.00596940323344733,0.1419648435434097,1.647210365347673,3.543693658898233,0,0
2017-06-29,0.0022639982618529067,0.14422884180526263,1.7404630164605737,3.1965583094202334,0,0
2017-06-30,-0.001511449172277567,0.14271739263298505,1.7389857785722949,3.482939047813227,0,0
2017-07-03,0.002014082504085968,0.14473147513707102,1.8277913010588314,3.1741498435562523,0,0
2017-07-04,0.003758800134397246,0.14849027527146827,1.8116406865071122,2.5668876410265344,0,0
2017-07-05,0.0021333359366153574,0.15062361120808362,1.8354493426457448,2.234834980861149,0,0
2017-07-06,-0.0034820068602570663,0.14714160434782655,1.7593469048439192,2.86404448147446,0,0
2017-07-07,-0.0031957700161744248,0.14394583433165212,1.7811637702023193,3.4461978165403497,0,0
2017-07-10,-0.002062772616914766,0.14188306171473736,1.8407784737687267,3.8347390959035077,0,0
2017-07-11,-0.0009704835430231917,0.14091257817171415,1.8159780389377598,4.035335088791295,0,0
2017-07-12,0.00442695179355738,0.14533952996527152,1.8713796485003913,3.2939926897510072,0,0
2017-07-13,0.0036437792114261368,0.14898330917669766,1.8878178896118707,2.6879896154336187,0,0
2017-07-14,-0.00396930321711794,0.14501400595957972,1.8221740045205579,3.417388023778279,0,0
2017-07-17,-0.0022025248764079284,0.1428114810831718,1.8304279537951167,3.8375178183988656,0,0
2017-07-18,-0.0008852802744147586,0.14192620080875704,1.7999259391581917,4.026294334707818,0,0
2017-07-19,-0.0006112316684940859,0.14131496914026295,1.7768927847504106,4.167153223509115,0,0
2017-07-20,-0.0007687501522211264,0.14054621898804182,1.8156638875316755,4.336846981008255,0,0
2017-07-21,0.0023296491884655167,0.14287586817650733,1.9017677305071352,3.9492409731817344,0,0
2017-07-24,-0.001779203188105301,0.14109666498840204,1.8575359265551048,4.303246605766197,0,0
2017-07-25,-0.00016020577607462737,0.14093645921232742,1.8701509423490146,4.364399935496842,0,0
2017-07-26,-0.0019954123080778317,0.13894104690424958,1.8571556925547297,4.761509052489574,0,0
2017-07-27,0.007343850654474823,0.1462848975587244,1.9376816148550466,3.4430778917499327,0,0
2017-07-28,-0.0027484238908450876,0.1435364736678793,1.9467500240074815,3.978113245049054,0,0
2017-07-31,-0.011392780876577193,0.13214369279130211,1.8740094447820368,6.104271841567311,0,0
2017-08-01,-0.003165461996995718,0.1289782307943064,1.8319235314542357,6.707143156262079,0,0
2017-08-02,0.007485434358078687,0.1364636651523851,1.9233921716942883,5.383966087795457,0,0
2017-08-03,0.000583914654732922,0.13704757980711801,1.875994783461684,5.310765822100258,0,0
2017-08-04,0.0006299032591183913,0.1376774830662364,1.9071062138237678,5.228629216290651,0,0
2017-08-07,-0.005032401326771633,0.13264508173946477,1.8537535464425745,6.17778165316522,0,0
2017-08-08,0.013942961146794091,0.14658804288625885,1.9460121012608274,3.6663979379193483,0,0
2017-08-09,0.0012792502379668194,0.14786729312422567,1.947188692083108,3.472054761122701,0,0
2017-08-10,0.0011207030431487019,0.14898799616737438,1.919574602511056,3.304675763789898,0,0
2017-08-11,-0.0046644127637078805,0.1443235834036665,1.9134454146909707,4.171161678311568,0,0
2017-08-14,-0.001619645745794971,0.1427039376578715,1.8591149577465333,4.493436745999036,0,0
2017-08-15,-0.0064317941358182475,0.13627214352205327,1.778502894947733,5.684234379044921,0,0
2017-08-16,0.003228775054576342,0.1395009185766296,1.7445467958306278,5.135671038782003,0,0
2017-08-17,0.0033407896715367275,0.14284170824816633,1.7747464200041392,4.564665921672618,0,0
2017-08-18,0.006512370241018667,0.149354078489185,1.8010683245013466,3.4168690707407667,0,0
2017-08-21,-0.018862775355536758,0.13049130313364823,1.5641618480462287,6.858465218868659,0,0
2017-08-22,-0.0047139475015046325,0.1257773556321436,1.4437731299793217,7.694882476094159,0,0
2017-08-23,0.006084117821498948,0.13186147345364255,1.4320056711514546,6.686561226090438,0,0
2017-08-24,0.0013027824108583716,0.13316425586450092,1.4147551882099858,6.495911346231593,0,0
2017-08-25,-0.01771120949122331,0.1154530463732776,1.2374511228339728,9.5716098307232,0,0
2017-08-28,0.002446857983228957,0.11789990435650656,1.2183090159898662,9.201763905154822,0,0
2017-08-29,-0.0011843514835947794,0.11671555287291178,1.2178631877722317,9.429226372169044,0,0
2017-08-30,-0.007684008200832027,0.10903154467207976,1.1395353964918533,10.736388651331424,0,0
2017-08-31,0.0046416131714056685,0.11367315784348543,1.1617270260631987,10.00088149158599,0,0
2017-09-01,-0.00531648460987099,0.10835667323361445,1.102680957821839,10.914082797830067,0,0
2017-09-04,0.0006589183128533666,0.10901559154646781,1.120462952797503,10.836737742918938,0,0
2017-09-05,-0.0002739170075076794,0.10874167453896014,1.2306203524669788,10.914466476230585,0,0
2017-09-06,-0.003920543701432747,0.1048211308375274,1.1741472978029506,11.60463679432666,0,0
2017-09-07,0.003729560631003104,0.1085506914685305,1.1998160647903353,11.008498063954262,0,0
2017-09-08,0.007724120344273266,0.11627481181280376,1.3060816045530383,9.735032118440675,0,0
2017-09-11,0.0031677749220179164,0.11944258673482168,1.3208302878740263,9.23379924718509,0,0
2017-09-12,0.004448683418036957,0.12389127015285864,1.3381318207684607,8.513849869984726,0,0
2017-09-13,-0.0014162684476270865,0.12247500170523155,1.3474115650174514,8.785849879588076,0,0
2017-09-14,-0.00657168434355017,0.11590331736168138,1.2731235198219777,9.937526414372513,0,0
2017-09-15,0.007860724838071478,0.12376404219975286,1.3201513049684155,8.632191532593904,0,0
2017-09-18,-0.003635248198464314,0.12012879400128855,1.2675029634957824,9.279883356450279,0,0
2017-09-19,-0.007947695922258888,0.11218109807902966,1.1811686983449547,10.662777363142254,0,0
2017-09-20,-0.008647254301136713,0.10353384377789296,1.1067135186025239,12.157662825630611,0,0
2017-09-21,-0.0019365211369580782,0.10159732264093488,1.107229245879723,12.515153842761947,0,0
2017-09-22,-0.000639348821018707,0.10095797381991617,1.0649062422220474,12.655177991543363,0,0
2017-09-25,-0.004180979121751374,0.0967769946981648,0.9898684304005012,13.397587388993,0,0
2017-09-26,0.0011560484593794833,0.09793304315754428,0.9119203211668548,13.232608477757717,0,0
2017-09-27,-0.0003028939645938996,0.09763014919295038,1.0321093640370462,13.31651745632218,0,0
2017-09-28,-0.0050960134206004416,0.09253413577234994,1.0070509079981338,14.22675424920786,0,0
2017-09-29,-0.004948198660898517,0.08758593711145142,0.916525056460816,15.112639525600963,0,0
2017-10-02,-0.0001008859395048423,0.08748505117194658,0.95045275304361,15.162085074723366,0,0
2017-10-03,0.004076679803632716,0.09156173097557929,0.9234882288426634,14.485432803564079,0,0
2017-10-04,0.00973621669518749,0.10129794767076677,1.0100110138770502,12.820106851402782,0,0
2017-10-05,0.004423716360169362,0.10572166403093614,0.9768879399916067,12.08911833291163,0,0
2017-10-06,-0.0065367449349038,0.09918491909603233,0.8619559548172242,13.251293367876176,0,0
2017-10-09,0.004329040602168433,0.10351395969820076,0.8872501810125907,12.536025234139956,0,0
2017-10-10,0.0006924743841210032,0.10420643408232176,0.901849989565534,12.448195493174094,0,0
2017-10-11,-0.0012181286626820336,0.10298830541963973,0.8657603874921379,12.692216416466804,0,0
2017-10-12,0.0003943057643570637,0.10338261118399679,0.8489875503170395,12.655218342106185,0,0
2017-10-13,-0.0004394187316034499,0.10294319245239333,0.8204914581262543,12.764573410630565,0,0
2017-10-16,0.003958013296432895,0.10690120574882622,0.6241758400405126,12.095887369145942,0,0
2017-10-17,0.009164294877286585,0.1160655006261128,0.5957340777180183,10.500758919249268,0,0
2017-10-18,0.003730226578335703,0.1197957272044485,0.7293653176183923,9.876638656047895,0,0
2017-10-19,-0.007825569492662828,0.11197015771178567,0.5883765985480212,11.289653230458171,0,0
2017-10-20,-0.0011429334032721488,0.11082722430851352,0.5735114901546092,11.522317184718815,0,0
2017-10-23,-0.0003488438421392836,0.11047838046637423,0.4912464167429402,11.615910216506158,0,0
2017-10-24,0.0007616405742981297,0.11124002104067236,0.5043845936709447,11.512685842005856,0,0
2017-10-25,0.004182043989009162,0.11542206502968153,0.5325564667288935,10.797927299649642,0,0
2017-10-26,0.005275358938420089,0.12069742396810161,0.5490593930303734,9.88553854269986,0,0
2017-10-27,0.0067516927497949936,0.1274491167178966,0.4964189120556319,8.708104442732957,0,0
2017-10-30,0.0020028696645206707,0.12945198638241728,0.557487944889572,8.382285581478314,0,0
2017-10-31,0.004682853680752494,0.13413484006316978,0.6943351997069404,7.57344567265794,0,0
2017-11-01,3.925809780328676e-06,0.13413876587295012,0.8076593365676347,7.6047487886067735,0,0
2017-11-02,0.0031578858006871013,0.13729665167363722,1.1642087975279067,7.065484029647046,0,0
2017-11-03,-0.0031961550976977375,0.13410049657593948,1.1584703870745423,7.677940255759106,0,0
2017-11-06,-4.720853003097243e-06,0.13409577572293638,1.0934763500485583,7.710810103522786,0,0
2017-11-07,-0.0026933145056826212,0.13140246121725377,1.0664926561325514,8.236664179678652,0,0
2017-11-08,0.002254069941972685,0.13365653115922646,1.0195201969492647,7.8535617151767285,0,0
2017-11-09,0.0016139990564860015,0.13527053021571248,0.876222391291306,7.586912293958185,0,0
2017-11-10,-0.0008082498178751828,0.13446228039783728,0.8369723073890107,7.769270695423942,0,0
2017-11-13,-0.002177284164073532,0.13228499623376375,0.801220980885241,8.208587148301556,0,0
2017-11-14,-0.008605623525242221,0.12367937270852153,0.7194472195825377,9.85822845341804,0,0
2017-11-15,-0.0009252522878336318,0.1227541204206879,0.7109289535502632,10.06256818849145,0,0
2017-11-16,-0.008106046019031627,0.11464807440165627,0.6483596729427589,11.61283250708446,0,0
2017-11-17,0.00633318501756162,0.12098125941921789,0.7652807666839633,10.467433935370286,0,0
2017-11-20,0.0018569314664686665,0.12283819088568655,1.0395434315546062,10.154982777229305,0,0
2017-11-21,0.005198128499615761,0.1280363193853023,1.147767156831115,9.217822309715588,0,0
2017-11-22,7.513498388196833e-05,0.12811145436918428,1.065187269161766,9.235818034095674,0,0
2017-11-23,-0.0012791079293335938,0.1268323464398507,0.9949401526493945,9.507776595903163,0,0
2017-11-24,-0.00039451986991748556,0.12643782656993321,1.0677719994228565,9.614198096309808,0,0
2017-11-27,-0.007171499944789246,0.11926632662514397,0.9876353354606427,11.006650299140661,0,0
2017-11-28,-0.0023907014731964047,0.11687562515194756,0.9433580490383439,11.489978877110529,0,0
2017-11-29,-0.002536491006973194,0.11433913414497437,0.9397642012053589,12.003034748442433,0,0
2017-11-30,0.0005640896365843038,0.11490322378155868,0.9817349621924203,11.927588755332462,0,0
2017-12-01,-0.004629845633891962,0.11027337814766672,0.9512089977790886,12.846601471471617,0,0
2017-12-04,0.006503932965334497,0.11677731111300121,0.9839667540606238,11.631033737766494,0,0
2017-12-05,0.00041578263400700397,0.11719309374700822,0.9463025552534529,11.58354166605769,0,0
2017-12-06,0.003707008211067722,0.12090010195807593,1.0483944094124875,10.902658422959849,0,0
2017-12-07,-0.0008352594515524684,0.12006484250652347,0.9405532388703751,11.095751468328665,0,0
2017-12-08,-0.01216737649952691,0.10789746600699655,0.7166085640520261,13.487535742116382,0,0
2017-12-11,0.0015286221457055786,0.10942608815270213,0.7787838740626584,13.230564760612681,0,0
2017-12-12,0.005696404902099808,0.11512249305480195,0.9623637079049833,12.179977093445629,0,0
2017-12-13,0.003535117020596246,0.1186576100753982,1.0677155096840716,11.54080306802204,0,0
2017-12-14,-0.00010041094278894554,0.11855719913260926,1.0978615665417226,11.59193692796828,0,0
2017-12-15,0.004160176059597328,0.12271737519220659,1.1461372439562623,10.82699519540552,0,0
2017-12-18,-0.0012942466692851492,0.12142312852292143,0.9055082917130045,11.107460072620674,0,0
2017-12-19,0.0005823187251252275,0.12200544724804666,1.1391635107702116,11.027074685041509,0,0
2017-12-20,-0.005505542205956394,0.11649990504209026,0.9926588454188991,12.12779797758873,0,0
2017-12-21,0.00020088178938704833,0.1167007868314773,1.0783550212360262,12.120844614028037,0,0
2017-12-22,0.0038261358823954623,0.12052692271387276,1.2432373313513623,11.406452647936055,0,0
2017-12-25,-0.004944724945487835,0.11558219776838492,0.8157849284863067,12.405539883734042,0,0
2017-12-26,0.003751897702484625,0.11933409547086955,0.9694062895359357,11.703488456640601,0,0
2017-12-27,-0.0029132795051447545,0.1164208159657248,0.8436682389541369,12.30699783263283,0,0
2017-12-28,-0.0022131483906568127,0.11420766757506799,0.7373349222337412,12.774850771425815,0,0
2017-12-29,-0.0005232070647706089,0.11368446051029739,0.6210444076209479,12.910379851256504,0,0
2018-01-01,-0.00035174671462697934,0.1133327137956704,0.6299000180447519,13.012383209613095,0,0
2018-01-02,0.0033505020982436285,0.11668321589391403,0.7365036794428634,12.373832282685816,0,0
2018-01-03,0.006271110297789429,0.12295432619170346,0.7131896879740878,11.14677319286795,0,0
2018-01-04,0.006477794381008714,0.12943212057271217,0.8248536443042405,9.882566978262565,0,0
2018-01-05,-0.004350025678307476,0.1250820948944047,0.6730095400042371,10.78164185901497,0,0
2018-01-08,-0.0012682279784846993,0.12381386691592,0.5658307012948322,11.066800781174894,0,0
2018-01-09,0.004236240448621198,0.1280501073645412,0.7019251448443838,10.248636346634964,0,0
2018-01-10,0.000576765080395968,0.12862687244493717,0.6824446026373803,10.164709518746118,0,0
2018-01-11,-0.00011282709946467011,0.1285140453454725,0.5270317798611591,10.21952781139164,0,0
2018-01-12,0.001359378407322825,0.12987342375279534,0.5182429794949606,9.975134610154132,0,0
2018-01-15,-0.0015035100623293784,0.12836991369046596,0.4490100970095682,10.314487109451209,0,0
2018-01-16,0.005157726378871149,0.13352764006933712,0.6779751219694155,9.286642288295738,0,0
2018-01-17,-0.0026720412773345277,0.1308555987920026,0.6269579874039931,9.867337201835204,0,0
2018-01-18,-0.0022478403852403475,0.12860775840676225,0.5192998132329881,10.36278933869689,0,0
2018-01-19,0.003766136805573541,0.13237389521233578,0.5433248349177495,9.614799257776705,0,0
2018-01-22,0.0008765248838077779,0.13325042009614355,0.629946739870368,9.464862991456588,0,0
2018-01-23,0.000781401121923036,0.1340318212180666,0.633839488226306,9.33376388190017,0,0
2018-01-24,0.00027661975135714743,0.13430844096942374,0.7085528087530998,9.307706452907594,0,0
2018-01-25,0.003988760208862143,0.13829720117828587,0.7117073867262815,8.497580935747635,0,0
2018-01-26,-0.003956496873776487,0.13434070430450937,0.407105882813715,9.366311822789,0,0
2018-01-29,7.15473942575753e-05,0.13441225169876694,0.3318538808038496,9.383164041452732,0,0
2018-01-30,-0.009375477072421258,0.1250367746263457,0.30799251994883825,11.412829917697279,0,0
2018-01-31,-0.0025151884419450724,0.12252158618440062,0.28559624848656456,11.971782779433426,0,0
2018-02-01,0.00566029536686858,0.1281818815512692,0.29987194395516553,10.81298371083832,0,0
2018-02-02,0.001982302885020784,0.13016418443628996,0.2694142602588428,10.42895526825253,0,0
2018-02-05,-0.004476607563013324,0.12568757687327664,0.1687487808455971,11.404990495307748,0,0
2018-02-06,-0.006027545777107573,0.11966003109616907,-0.15351693873851824,12.70888230495025,0,0
2018-02-07,-0.0024129821689835547,0.11724704892718552,-0.1772186461399907,13.248262311758568,0,0
2018-02-08,0.002313093000056909,0.11956014192724243,-0.14804470185405685,12.791816626217809,0,0
2018-02-09,-0.0021516807885057897,0.11740846113873664,-0.32835011273548953,13.280195386903245,0,0
2018-02-12,0.003569531351329348,0.12097799249006598,-0.25197041123243047,12.55164417544195,0,0
2018-02-13,0.0038740653571758543,0.12485205784724183,-0.21711244817372777,11.75620022111766,0,0
2018-02-14,0.0010288976804357923,0.12588095552767764,-0.1439971097138569,11.5680503837504,0,0
2018-02-15,-0.00046845797227641046,0.12541249755540124,-0.22056173180519822,11.700850504093411,0,0
2018-02-16,-0.002815728527208165,0.12259676902819307,-0.24042644393816875,12.3421502486475,0,0
2018-02-19,-0.0014199401535963001,0.12117682887459677,-0.30870300784505494,12.682533364669158,0,0
2018-02-20,0.00010546004650178781,0.12128228892109856,-0.4354540664547598,12.691519457826443,0,0
2018-02-21,0.0006153962567344237,0.12189768517783299,-0.4325462965893906,12.588402826369618,0,0
2018-02-22,-0.0004653468045533642,0.12143233837327963,-0.3555975326507274,12.723171751078654,0,0
2018-02-23,7.322332241705017e-05,0.12150556169569668,-0.2754399517670473,12.73891883898395,0,0
2018-02-26,0.0013512807089380082,0.12285684240463468,-0.30009446168225234,12.46908475482875,0,0
2018-02-27,0.0008622077609940716,0.12371905016562876,-0.24866182639350806,12.307484448966477,0,0
2018-02-28,7.367118992730173e-05,0.12379272135555607,-0.3080644166376371,12.32285852729303,0,0
2018-03-01,-0.0005785011006133363,0.12321422025494273,-0.2713482356565478,12.48625126736328,0,0
2018-03-02,-0.003793776336477552,0.11942044391846518,-0.2492513569426142,13.38477025297706,0,0
2018-03-05,0.004737168681641741,0.12415761260010692,-0.1741736751516812,12.333244526601677,0,0
2018-03-06,0.0026345993450724607,0.1267922119451794,-0.16770532980903638,11.763241973213574,0,0
2018-03-07,0.007004087715866564,0.13379629966104595,-0.06121152368599809,10.188909037381354,0,0
2018-03-08,0.001144613425645458,0.1349409130866914,0.008652853425735596,9.960759127479486,0,0
2018-03-09,-0.0008763885276736488,0.13406452455901774,0.07745571844390302,10.19303784011237,0,0
2018-03-12,0.0006424494762169925,0.13470697403523474,0.04975908753343823,10.077420499153815,0,0
2018-03-13,-0.0030142517978620086,0.13169272223737272,0.0873963732147543,10.805989915884817,0,0
2018-03-14,0.0018453493095380614,0.13353807154691077,0.019802810924598856,10.410292960431207,0,0
2018-03-15,0.010732323578119003,0.1442703951250298,0.2001510731015353,7.943060800283607,0,0
2018-03-16,-0.0008999775052451441,0.14337041761978464,0.25657704530739645,8.178605607524387,0,0
2018-03-19,-0.0035325784251623304,0.1398378391946223,0.2953027657290015,9.01396445334343,0,0
2018-03-20,0.0008271133272727887,0.1406649525218951,0.34851909626269967,8.857494179426958,0,0
2018-03-21,0.00575559413577202,0.1464205466576671,0.4322933818605599,7.57061448310291,0,0
2018-03-22,-0.009342981876994245,0.13707756478067284,0.3303149837984494,9.734524582803527,0,0
2018-03-23,-0.0018796881395600107,0.13519787664111282,0.3021781320197055,10.186970687418242,0,0
2018-03-26,-7.217501964551249e-05,0.1351257016214673,0.34736783710388647,10.235200434142559,0,0
2018-03-27,-0.0035864353858822843,0.131539266235585,0.2767335723200355,11.077888746953734,0,0
2018-03-28,-0.00997457219771598,0.12156469403786903,0.05699643226138648,13.369005587224533,0,0
2018-03-29,-0.00044457374516178707,0.12112012029270725,-0.0035348276259105672,13.499412616359855,0,0
2018-03-30,0.016886191373472186,0.13800631166617944,0.1383527462838141,9.772550331426421,0,0
2018-04-02,-0.0011956167740597278,0.13681069489211972,0.12829270639850265,10.052654375980037,0,0
2018-04-03,0.0022197161166669374,0.13903041100878666,0.11486285187267203,9.621561786209947,0,0
2018-04-04,-0.005766951253492623,0.13326345975529402,0.1543846441785186,10.86220125996274,0,0
2018-04-05,0.001875501931583589,0.1351389616868776,0.04696595825790415,10.50218124462943,0,0
2018-04-06,0.004783937507444217,0.13992289919432183,0.09060160669845821,9.529325754148504,0,0
2018-04-09,0.003484812365673983,0.14340771155999582,0.05869738698038388,8.829392125910957,0,0
2018-04-10,-0.002268063730090503,0.14113964782990532,0.08193396473257514,9.339056047754669,0,0
2018-04-11,0.002526176978309712,0.14366582480821502,0.04096444085297868,8.836677806442204,0,0
2018-04-12,0.0005803673253612944,0.1442461921335763,0.05172164759005962,8.745409280115137,0,0
2018-04-13,0.0017341590558406967,0.14598035118941702,0.10321246523823743,8.406958858370173,0,0
2018-04-16,0.00196044789514093,0.14794079908455796,0.023822878297689438,8.01807686219926,0,0
2018-04-17,0.002289164994259657,0.1502299640788176,0.10684829382972268,7.556283079928977,0,0
2018-04-18,0.004850938068135408,0.15508090214695303,0.16151175839162563,6.537307173746047,0,0
2018-04-19,-3.949098300446276e-05,0.15504141116394857,0.12892480494993738,6.577867220890528,0,0
2018-04-20,0.0007416169607079452,0.15578302812465653,0.14857662760005572,6.448366880070572,0,0
2018-04-23,-0.008869196356248115,0.14691383176840841,-0.030078973821630096,8.422807227937827,0,0
2018-04-24,0.0035080629181025265,0.15042189468651093,0.00544575431825151,7.6984709526839215,0,0
2018-04-25,-0.0008350115740504305,0.1495868831124605,-0.00775387501296297,7.91095445665341,0,0
2018-04-26,-0.0047605292253544585,0.14482635388710602,0.008279403483946,8.977639939928414,0,0
2018-04-27,-0.006928634784339088,0.13789771910276694,-0.1456701895769391,10.514942072303924,0,0
2018-04-30,-0.008383345740648385,0.12951437336211855,-0.11728809332511239,12.35519140367905,0,0
2018-05-01,0.0031176176188739643,0.13263199098099251,-0.07235270674175251,11.723345895823156,0,0
2018-05-02,-0.002536863026869089,0.13009512795412342,-0.02794140369779863,12.297289484243416,0,0
2018-05-03,0.00463477102026529,0.13472989897438872,0.005342538441514854,11.335160468510855,0,0
2018-05-04,-0.0034661331572697555,0.13126376581711896,-0.08950642480881948,12.110690097639566,0,0
2018-05-07,-0.008808334422072529,0.12245543139504643,-0.21163656765111608,14.037046809711537,0,0
2018-05-08,0.0023404621993759664,0.12479589359442239,-0.15112281388640658,13.57302897316104,0,0
2018-05-09,-0.002466298969812759,0.12232959462460963,-0.15405104159355681,14.13001259537133,0,0
2018-05-10,0.0015809498358396535,0.12391054446044929,-0.14358493454100804,13.824093315339086,0,0
2018-05-11,-0.00981351330814912,0.11409703115230016,-0.2820100978285067,15.964497111689624,0,0
2018-05-14,0.004621653831872292,0.11871868498417246,-0.2201563554367371,15.022644601722906,0,0
2018-05-15,-0.002687058091826889,0.11603162689234557,-0.2518861841191638,15.621030890692234,0,0
2018-05-16,0.0005449886467770497,0.11657661553912262,-0.10669650587216725,15.53771688745069,0,0
2018-05-17,0.008133370357153431,0.12470998589627605,-0.0044645352905284255,13.838814480079089,0,0
2018-05-18,0.003437755284065703,0.12814774118034175,0.05410319258367075,13.147459420902573,0,0
2018-05-21,-0.0014229516492149292,0.1267247895311268,0.03934831692140785,13.479705896870453,0,0
2018-05-22,0.0043573637009086,0.13108215323203543,0.019244153010853082,12.587486287273132,0,0
2018-05-23,-0.001462410501200758,0.12961974273083468,-0.0227513701184973,12.929943568182805,0,0
2018-05-24,-0.0005047686607012844,0.1291149740701334,0.04644853352263299,13.06966813472508,0,0
2018-05-25,0.0018337288880619909,0.13094870295819538,0.05863327272550763,12.708127608182094,0,0
2018-05-28,-0.0011523637089037682,0.12979633924929163,0.052381152715056715,12.988663058012898,0,0
2018-05-29,4.3205703514423736e-05,0.12983954495280606,0.07060926534384046,13.011303638290473,0,0
2018-05-30,0.0014256581331646336,0.1312652030859707,0.008068876069188347,12.732385301575261,0,0
2018-05-31,-0.0016601960923608103,0.12960500699360988,-0.048251842866728754,13.128366542198888,0,0
2018-06-01,-0.005762490511124959,0.12384251648248493,-0.17262339341884733,14.430053260099564,0,0
2018-06-04,-0.0005748973709466796,0.12326761911153825,-0.17447098374962292,14.588289474820641,0,0
2018-06-05,2.8439515024836204e-05,0.12329605862656308,-0.14591524277768717,14.614018798227342,0,0
2018-06-06,0.0043984709138062345,0.1276945295403693,-0.08301353746960118,13.66914960348999,0,0
2018-06-07,0.0019460857885606336,0.12964061532892995,-0.09100393210468996,13.268829389665141,0,0
2018-06-08,0.003050723431080081,0.13269133876001005,-0.0032195812499706896,12.61992320374489,0,0
2018-06-11,0.0034492417832377607,0.13614058054324782,0.017006223255740756,11.879686106459515,0,0
2018-06-12,0.0009999832095507625,0.1371405637527986,0.03786222688566414,11.68728957494565,0,0
2018-06-13,-0.009275096296901608,0.127865467455897,-0.04793188755422138,13.812164029733792,0,0
2018-06-14,-0.0027427587489903763,0.12512270870690662,-0.14798126443753853,14.451384129960028,0,0
2018-06-15,0.010294822284614194,0.13541753099152082,-0.08853352812738859,12.1959461958754,0,0
2018-06-18,-0.003636391177034566,0.13178113981448625,-0.16820164368910462,13.0169883006723,0,0
2018-06-19,-0.0018245581557914652,0.12995658165869478,-0.17241663271100846,13.445755458902054,0,0
2018-06-20,0.004345069093282447,0.13430165075197723,-0.14072866720889815,12.52830535441941,0,0
2018-06-21,0.007576561188959308,0.14187821194093653,-0.08886450378660823,10.903790727338675,0,0
2018-06-22,-0.0017415973267789699,0.14013661461415755,-0.14096532757989558,11.312821632607434,0,0
2018-06-25,0.005383739577435051,0.1455203541915926,-0.021758754618061402,10.173572090012764,0,0
2018-06-26,0.008197081653428903,0.1537174358450215,0.1304808397637278,8.426062417050533,0,0
2018-06-27,0.007579761326337017,0.16129719717135854,0.25804287284713134,6.832668923914525,0,0
2018-06-28,0.010989078877770947,0.1722862760491295,0.41274478611579346,4.530093361238111,0,0
2018-06-29,-0.002230852809773112,0.17005542323935638,0.32552666453022905,5.0243707340877295,0,0
2018-07-02,-0.004215486252885736,0.16583993698647065,0.22190289855194917,5.933867203452602,0,0
2018-07-03,-0.003682018307902698,0.16215791867856796,0.2257285100634089,6.7333325093260665,0,0
2018-07-04,0.0011723826349268299,0.1633303013134948,0.27025813299074225,6.5203990194266375,0,0
2018-07-05,-0.0058379953357147706,0.15749230597778002,0.2044226470341336,7.7787630551161495,0,0
2018-07-06,-0.004466914106428109,0.15302539187135192,0.1535232012489248,8.746407805951259,0,0
2018-07-09,0.0002687120164020899,0.153294103887754,0.16713318862506615,8.722092551101536,0,0
2018-07-10,-0.0017827190642590222,0.15151138482349497,0.1132358199103337,9.129933594441095,0,0
2018-07-11,-0.0025252974734180493,0.14898608735007693,0.10342344637308212,9.696969779633482,0,0
2018-07-12,-0.007385520786063965,0.14160056656401296,0.008665187855464692,11.300180111299618,0,0
2018-07-13,0.0030578755658536563,0.14465844212986662,0.0745665833311839,10.687073163433988,0,0
2018-07-16,0.005083572927000879,0.1497420150568675,0.04519569871901284,9.64299329724107,0,0
2018-07-17,-0.0018705176624247343,0.14787149739444275,0.05669255040467775,10.070594374804832,0,0
2018-07-18,0.0027484607666882223,0.15061995816113097,0.24422226193153365,9.518500963716875,0,0
2018-07-19,0.004685216629574017,0.155305174790705,0.34767396098021935,8.551019498983317,0,0
2018-07-20,0.0015095513568772984,0.1568147261475823,0.26999871584304624,8.260996364269976,0,0
2018-07-23,0.0034522753529061378,0.16026700150048842,0.3077534383316653,7.552711766614028,0,0
2018-07-24,-0.021135029523495427,0.139131971976993,0.01856078648563258,12.12865230004802,0,0
2018-07-25,0.004135865604507106,0.1432678375815001,0.13565305247578988,11.357489107739195,0,0
2018-07-26,-0.006599831803556639,0.13666800577794347,-0.12826615916510456,12.673785812108008,0,0
2018-07-27,-0.0004124257092359076,0.13625558006870755,-0.1501597648189993,12.785752942718618,0,0
2018-07-30,-0.00409634772475262,0.13215923234395494,-0.21735409262037156,13.616501319174837,0,0
2018-07-31,0.0008557326219975874,0.13301496496595253,-0.14630718802408765,13.481304849304133,0,0
2018-08-01,0.0011034897415222952,0.13411845470747483,-0.11108722573919518,13.296484095389822,0,0
2018-08-02,0.004070488767710989,0.13818894347518582,0.024852464401608956,12.524249799357854,0,0
2018-08-03,0.004187259140953931,0.14237620261613976,0.037257590746698405,11.727260885596387,0,0
2018-08-06,-0.005023307295637406,0.13735289532050235,-0.07104002494413016,12.755581138792454,0,0
2018-08-07,5.603993236345025e-05,0.1374089352528658,-0.1551602584967242,12.776475059403133,0,0
2018-08-08,-0.0016689745882272522,0.13573996066463853,0.07029989916494318,13.141436225344156,0,0
2018-08-09,0.008379265448892467,0.144119226113531,0.24464477022456504,11.493222779972546,0,0
2018-08-10,0.009111974147780214,0.1532312002613112,0.2838829552598148,9.716921007352061,0,0
2018-08-13,0.0014722533464662125,0.15470345360777743,0.28612312223432457,9.460491178641988,0,0
2018-08-14,0.01687867130465503,0.17158212491243247,0.7482187524841302,6.168136725874897,0,0
2018-08-15,-0.006838435620229558,0.1647436892922029,0.6219845245407605,7.475415408796108,0,0
2018-08-16,-0.0007475955094823211,0.16399609378272056,0.6278394327206958,7.64634161664943,0,0
2018-08-17,-0.008107420989283106,0.15588867279343746,0.6218417865093382,9.193415944375177,0,0
2018-08-20,-0.005670536892694092,0.15021813590074337,0.48439125530654575,10.277303661540564,0,0
2018-08-21,-0.0021917828105803353,0.14802635309016304,0.5269390372024042,10.715637912912154,0,0
2018-08-22,0.002111808370577175,0.15013816146074022,0.5460665571257561,10.354257435765485,0,0
2018-08-23,0.003816008591577885,0.1539541700523181,0.5996852093894883,9.671940941119976,0,0
2018-08-24,0.004128758102108799,0.1580829281544269,0.7065401065935575,8.928897325953693,0,0
2018-08-27,0.0015465584209817672,0.15962948657540868,0.6782153278683941,8.669917669583612,0,0
2018-08-28,0.004429395847548687,0.16405888242295735,0.6366469482082215,7.864109066082894,0,0
2018-08-29,-0.004071475122819953,0.1599874073001374,0.5397606216581133,8.667557251300263,0,0
2018-08-30,-0.0015062793909754798,0.15848112790916194,0.46112793324141754,8.985633306208474,0,0
2018-08-31,0.007229377591413552,0.16571050550057548,0.5739636301675425,7.637369221743016,0,0
2018-09-03,-0.00013192413666664312,0.16557858136390882,0.6621158221861014,7.69443621675614,0,0
2018-09-04,0.005983802102111684,0.1715623834660205,0.638532860155299,6.583297423010153,0,0
2018-09-05,-0.0009127195943555114,0.170649663871665,0.6757139142939664,6.789366567089428,0,0
2018-09-06,-4.609842614130828e-05,0.17060356544552369,0.7860927144714827,6.830216344870512,0,0
2018-09-07,0.0011920410312592868,0.17179560647678296,0.9250637610808201,6.632296877394791,0,0
2018-09-10,-0.0033189756390741678,0.1684766308377088,0.9056635132552785,7.308002754680683,0,0
2018-09-11,-0.005643891651706836,0.16283273918600197,0.8352931306784974,8.438313285109276,0,0
2018-09-12,-0.0012177234385839378,0.16161501574741802,0.876694441815169,8.707011273731162,0,0
2018-09-13,-0.001953564482783005,0.15966145126463502,0.8343402214177139,9.120810024628495,0,0
2018-09-14,-0.001958173877341987,0.15770327738729303,0.8116302228675729,9.53740095981223,0,0
2018-09-17,0.0030176631262533895,0.16072094051354643,0.92302190010009,8.973825030218421,0,0
2018-09-18,0.006204321876703301,0.16692526239024974,1.0732545537517364,7.776746645005157,0,0
2018-09-19,-0.007585535933629584,0.15933972645662015,0.9665374756814408,9.307076829281042,0,0
2018-09-20,-0.0006212514209778941,0.15871847503564226,0.9044612154706473,9.460929683222462,0,0
2018-09-21,-0.0033743917118610515,0.15534408332378122,0.7330324762256841,10.158521675519445,0,0
2018-09-24,-0.0005129544028291088,0.1548311289209521,0.6671374920635613,10.292033933583678,0,0
2018-09-25,-0.008273683850713233,0.14655744507023888,0.6419803412836772,11.970619190429762,0,0
2018-09-26,0.0004570995600749026,0.14701454463031377,0.5904385490084706,11.912540387602434,0,0
2018-09-27,-0.002624243940312541,0.14439030069000122,0.5450434932275989,12.464723513121438,0,0
2018-09-28,0.005835579006339188,0.1502258796963404,0.6389500913154791,11.335136337021074,0,0
2018-10-01,-0.00035027973916491634,0.1498755999571755,0.6288645503128425,11.436730750913773,0,0
2018-10-02,-0.00019134206917028658,0.1496842578880052,0.6322343954428817,11.506970354581231,0,0
2018-10-03,0.002305203265742744,0.15198946115374795,0.6104226452378566,11.075732897925226,0,0
2018-10-04,0.0013632882954048918,0.15335274944915284,0.5085316923584748,10.832535678020768,0,0
2018-10-05,-0.0021775891211739547,0.15117516032797887,0.42826092839923824,11.30648599920529,0,0
2018-10-08,0.004003729406679626,0.1551788897346585,0.592398654932855,10.52215815075919,0,0
2018-10-09,-5.596264146489076e-05,0.15512292709319359,0.6073971448063504,10.565599750321411,0,0
2018-10-10,-0.003924597774112148,0.15119832931908145,0.5575017699053967,11.403992849526707,0,0
2018-10-11,0.01645931535319387,0.1676576446722753,0.7539711298562394,8.04730674839865,0,0
2018-10-12,-0.000935996022242335,0.16672164865003297,0.6864579707396904,8.261372465185886,0,0
2018-10-15,0.0008442581072431584,0.16756590675727612,0.6285943948581202,8.128249248372802,0,0
2018-10-16,0.0034069614021122723,0.1709728681593884,0.5854637914960473,7.490120607530298,0,0
2018-10-17,-0.0016071190273526117,0.16936574913203578,0.5369150297655199,7.839249668415126,0,0
2018-10-18,-0.008194238107229516,0.16117151102480626,0.3621040058383112,9.49657913135883,0,0
2018-10-19,-0.005454853466240226,0.15571665755856604,0.2881989642601121,10.600495136085224,0,0
2018-10-22,0.004683420185042043,0.16040007774360807,0.3082530411088083,9.712974608678758,0,0
2018-10-23,0.00726324524510045,0.1676633229887085,0.4462123224170177,8.317671656234701,0,0
2018-10-24,-0.002809049956883419,0.1648542730318251,0.4086185401448935,8.89843276939945,0,0
2018-10-25,-0.002793398377200483,0.1620608746546246,0.4072683413576831,9.478339803893043,0,0
2018-10-26,-0.008836534268683489,0.1532243403859411,0.25823196617680033,11.250556922363458,0,0
2018-10-29,-0.0029854809303117786,0.15023885945562931,0.19741442751668722,11.863775449880135,0,0
2018-10-30,-4.9389473912241316e-05,0.15018946998171706,0.2074363010632808,11.905436520376671,0,0
2018-10-31,-0.0027007253464057766,0.14748874463531128,0.2004866460116058,12.468287347564068,0,0
2018-11-01,0.00013365581089286462,0.14762240044620414,0.31781880499283527,12.473916790225433,0,0
2018-11-02,0.002818665408750839,0.15044106585495498,0.3673109082985713,11.946382795873717,0,0
2018-11-05,-0.004471939480259216,0.14596912637469575,0.4172361463453772,12.869655428799437,0,0
2018-11-06,0.007271622939643224,0.15324074931433898,0.429260340288588,11.450705986672421,0,0
2018-11-07,0.0008681333370680392,0.15410888265140701,0.41619302318351403,11.310579590286864,0,0
2018-11-08,-0.001309079632018479,0.15279980301938853,0.33028493885866866,11.603615072786162,0,0
2018-11-09,0.0024031767189201933,0.1552029797383087,0.36116546691836465,11.15385336854309,0,0
2018-11-12,0.006842497844528652,0.16204547758283736,0.4676463179022024,9.808040025917526,0,0
2018-11-13,0.0027067576139693465,0.1647522351968067,0.5085517537605272,9.297800268907444,0,0
2018-11-14,-0.006673037938419442,0.15807919725838726,0.5154882882738799,10.67208272335944,0,0
2018-11-15,0.0015331569801632107,0.15961235423855047,0.5678346832963018,10.397109485952683,0,0
2018-11-16,-0.000667884771461036,0.15894446946708943,0.5930099227257823,10.563549700899566,0,0
2018-11-19,-0.008476270419651755,0.15046819904743766,0.46974332148765785,12.311354981231972,0,0
2018-11-20,-0.0040516514660125765,0.14641654758142508,0.47759614158562885,13.154507832986784,0,0
2018-11-21,0.001528272496816765,0.14794482007824183,0.41324401985228376,12.879952967458262,0,0
2018-11-22,-0.004465443078137808,0.14347937700010402,0.34788688382019534,13.812406004819827,0,0
2018-11-23,-0.0037433117641438697,0.13973606523596016,0.24925030000958492,14.600064848927843,0,0
2018-11-26,-0.0008812591809627116,0.13885480605499745,0.24863973188415273,14.810410776616882,0,0
2018-11-27,0.003673239347760128,0.14252804540275757,0.46388724485117205,14.09491401768165,0,0
2018-11-28,0.002346939601382376,0.14487498500413995,0.4747234930841739,13.648105026912445,0,0
2018-11-29,0.003800283456010258,0.1486752684601502,0.450037334924225,12.901332758579185,0,0
2018-11-30,0.0030835054490357377,0.15175877390918593,0.44409459715619265,12.300014954694566,0,0
2018-12-03,0.00010637433162757567,0.1518651482408135,0.44687102903678927,12.310100212559092,0,0
2018-12-04,-0.005549606210131586,0.14631554203068192,0.3161552679595996,13.49251701804372,0,0
2018-12-05,-0.004083157573098129,0.1422323844575838,0.278404249869643,14.369377977369394,0,0
2018-12-06,-0.00011870973950164204,0.14211367471808214,0.2690303685040863,14.425990067788089,0,0
2018-12-07,-0.005024603643115815,0.13708907107496632,0.2755917629508743,15.505388972725049,0,0
2018-12-10,0.005829218287542373,0.1429182893625087,0.34989907863668485,14.322961328098895,0,0
2018-12-11,0.013072794200733488,0.15599108356324218,0.4669444854431051,11.638832107931053,0,0
2018-12-12,-0.0007731960457872499,0.15521788751745494,0.5230085225258084,11.825909438677995,0,0
2018-12-13,0.0017546357854414626,0.1569725233028964,0.49710352867522145,11.504029079591117,0,0
2018-12-14,-0.00114980772921899,0.1558227155736774,0.5207443282708015,11.76911498706157,0,0
2018-12-17,-0.0002997832621408549,0.15552293231153655,0.5462904877120751,11.862225802828814,0,0
2018-12-18,0.003059669504706021,0.15858260181624256,0.5932574277122606,11.267016531802533,0,0
2018-12-19,0.001713796202930104,0.16029639801917267,0.6204387002964711,10.946474914938026,0,0
2018-12-20,-0.0024672958409380844,0.1578291021782346,0.5437268988210473,11.488611950460987,0,0
2018-12-21,-0.00406327481531189,0.1537658273629227,0.4078700937895332,12.3643190420784,0,0
2018-12-24,-0.0020120917268631943,0.1517537356360595,0.2964241161184977,12.814811891177841,0,0
2018-12-25,0.0015921287710225697,0.1533458644070821,0.3759172719257326,12.514103301263855,0,0
2018-12-26,0.008158749273625792,0.16150461368070787,0.4985511215405473,10.832348998481052,0,0
2018-12-27,-0.0004406997434201563,0.16106391393728772,0.43731667425553494,10.955915298454133,0,0
2018-12-28,-0.003405936878485946,0.15765797705880177,0.3841473149766132,11.699585514938336,0,0
2018-12-31,0.002359466473560121,0.16001744353236189,0.41668044951481864,11.237187472994952,0,0
2019-01-01,-0.004745169031276607,0.15527227450108527,0.3352925262502645,12.267851565312014,0,0
2019-01-02,-0.0035475885774713684,0.1517246859236139,0.3080208706285087,13.046487785499318,0,0
2019-01-03,0.0005127539357020753,0.15223743985931598,0.2473098335258507,12.970307274329468,0,0
2019-01-04,-0.001403755984353862,0.15083368387496213,0.26419811152624606,13.300200861181448,0,0
2019-01-07,0.0026812223120120508,0.15351490618697416,0.3293457560685016,12.760239457110817,0,0
2019-01-08,0.01193837405800628,0.16545328024498043,0.43264973371620724,10.235601566400096,0,0
2019-01-09,-0.0015124355487558683,0.16394084469622455,0.40133130540590856,10.581672542731079,0,0
2019-01-10,-0.010654922751280629,0.15328592194494392,0.24933767513303273,12.837751195949009,0,0
2019-01-11,-0.0005899104322819508,0.15269601151266196,0.23810823695305677,12.99019675957728,0,0
2019-01-14,-0.0003812228433316168,0.15231478866933035,0.1817513442205315,13.100480855952258,0,0
2019-01-15,-0.0032339762552855015,0.14908081241404483,0.19120435431157295,13.800331611406904,0,0
2019-01-16,0.003608531895814193,0.15268934430985903,0.2368350859443702,13.084768378353525,0,0
2019-01-17,0.006586708800454536,0.15927605311031356,0.44546638174046793,11.748751888245762,0,0
2019-01-18,0.0015808685823343529,0.16085692169264793,0.4989691609857266,11.454053886348316,0,0
2019-01-21,0.005276010005230678,0.1661329316978786,0.4941384093426486,10.390069516744123,0,0
2019-01-22,0.003241442993298002,0.1693743746911766,0.5102651887052231,9.749505559888473,0,0
2019-01-23,0.002353368883376546,0.17172774357455314,0.6000024499027775,9.291666728539797,0,0
2019-01-24,0.0033131931707033957,0.17504093674525653,0.7235233368138317,8.6310127190808,0,0
2019-01-25,0.004206937017285673,0.1792478737625422,0.8094021141837722,7.78087124893029,0,0
2019-01-28,-0.0057218430762716365,0.17352603068627057,0.7026495996004192,9.014222424078257,0,0
2019-01-29,-4.5888434203034427e-05,0.17348014225206754,0.7304110677869287,9.055841818748844,0,0
2019-01-30,0.004856786500733073,0.1783369287528006,0.7465293098398992,8.064828019270477,0,0
2019-01-31,0.0022369620891372257,0.18057389084193784,0.7257923823279034,7.62577436180131,0,0
2019-02-01,-0.006048406229173979,0.17452548461276385,0.6315516602581113,8.937196199551769,0,0
2019-02-04,0.00026393445046901404,0.17478941906323286,0.6410837929505704,8.913578754258895,0,0
2019-02-05,-0.008449798925953931,0.16633962013727893,0.5648218697223343,10.736746790812118,0,0
2019-02-06,-0.009471637987522482,0.15686798214975645,0.4574276985385086,12.751532665590101,0,0
2019-02-07,0.005764750857712022,0.16263273300746847,0.52859339101443,11.596575869771891,0,0
2019-02-08,-0.0019916656362336054,0.16064106737123487,0.495088019072959,12.037710761520025,0,0
2019-02-11,-0.01034766365039048,0.1502934037208444,0.3655514451781086,14.205562693763632,0,0
2019-02-12,0.0005516168115366643,0.15084502053238108,0.37160511392386425,14.125973595463917,0,0
2019-02-13,-0.0011697573668806355,0.14967526316550045,0.33967153513912535,14.395991666297117,0,0
2019-02-14,-0.000259442459942541,0.14941582070555792,0.325476704187576,14.481077605645432,0,0
2019-02-15,0.0027995524276748086,0.15221537313323272,0.35979378274152657,13.937046219768995,0,0
2019-02-18,0.004381641422539257,0.15659701455577196,0.42198648602992567,13.064001864217476,0,0
2019-02-19,0.0036623263181643265,0.16025934087393628,0.5163689203165219,12.338749198224512,0,0
2019-02-20,-0.007163992023184794,0.1530953488507515,0.36495258837256295,13.855704413371484,0,0
2019-02-21,-0.002680914899976044,0.15041443395077544,0.2978830911601657,14.439604992804188,0,0
2019-02-22,-0.006887652688673076,0.14352678126210236,0.12270204639751306,15.895198680294296,0,0
2019-02-25,0.004194860429041199,0.14772164169114355,0.16096106004177696,15.065254038007616,0,0
2019-02-26,-0.006083640060644324,0.14163800163049922,0.0951045815732327,16.349170202509743,0,0
2019-02-27,-6.464793094919315e-05,0.14157335369955004,0.08622764810365025,16.394439708720103,0,0
2019-02-28,-0.002188777894210482,0.13938457580533956,0.09662700053490364,16.878001273873355,0,0
2019-03-01,-0.0009759323566747382,0.13840864344866483,0.06119651624197506,17.11227554671308,0,0
2019-03-04,-0.00497612510852042,0.1334325183401444,-0.1371595028660149,18.1813302626692,0,0
2019-03-05,-0.0017620240877842326,0.1316704942523602,-0.14804290396319714,18.580393705371876,0,0
2019-03-06,0.0049118951749223755,0.13658238942728257,-0.04115225280139589,17.58406374173049,0,0
2019-03-07,0.004755830007737737,0.1413382194350203,0.008495887278188353,16.620735620956825,0,0
2019-03-08,0.001253940353846757,0.14259215978886708,-0.048432075586310915,16.390296362616343,0,0
2019-03-11,-0.0010586720665020635,0.14153348772236501,0.05676376115063753,16.645079066133533,0,0
2019-03-12,-0.006950396913330687,0.13458309080903433,-0.007803375985972547,18.14768993861658,0,0
2019-03-13,0.0005339966111146143,0.13511708742014894,-0.00010933616925744368,18.067460293556667,0,0
2019-03-14,0.00839315796132371,0.14351024538147264,0.1512492118369959,16.325251588487028,0,0
2019-03-15,0.0026688324020180485,0.14617907778349068,0.3133594218021605,15.799932856960558,0,0
2019-03-18,0.0024011338501847583,0.14858021163367544,0.34944641050045205,15.328520104429494,0,0
2019-03-19,-0.005106326015833253,0.1434738856178422,0.07106808605285549,16.43574209201094,0,0
2019-03-20,0.0011256160304620715,0.14459950164830426,0.10124214174286392,16.230948312724866,0,0
2019-03-21,-0.005063999893260766,0.1395355017550435,0.006553786458389619,17.334125952513872,0,0
2019-03-22,-1.0109747652870937e-05,0.13952539200739064,0.08148097582797685,17.368271840550932,0,0
2019-03-25,0.0016847218458077365,0.14121011385319837,0.07900300405643249,17.042156983092976,0,0
2019-03-26,-0.004929653230160577,0.13628046062303778,-0.04739245895073257,18.127356645414263,0,0
2019-03-27,0.000393109642971721,0.13667357026600951,-0.0877091921301417,18.075433005688534,0,0
2019-03-28,0.0004951417347165641,0.13716871200072608,-0.051740659925297715,18.00111642388711,0,0
2019-03-29,-0.01146896153053746,0.12569975047018864,-0.23167040448904064,20.510053111482243,0,0
2019-04-01,-0.000582781778866908,0.12511696869132172,-0.24667252849199334,20.66436917992829,0,0
2019-04-02,0.0030959536894975184,0.12821292238081924,-0.22898311773219898,20.04293178909531,0,0
2019-04-03,0.008163679338009763,0.136376601718829,-0.1482570093271147,18.346177918967296,0,0
2019-04-04,-0.008354434057067903,0.1280221676617611,-0.28324592710888274,20.127479734976546,0,0
2019-04-05,0.0004526148164801139,0.12847478247824123,-0.34001299930522416,20.065819924411624,0,0
2019-04-08,-0.0064615402022303444,0.12201324227601089,-0.42070380329451007,21.442728409655597,0,0
2019-04-09,0.002531683120916646,0.12454492539692753,-0.39769870858451767,20.950225893452714,0,0
2019-04-10,0.00365276608997635,0.12819769148690388,-0.2395018097905398,20.22228817044547,0,0
2019-04-11,0.005870938297173108,0.134068629784077,-0.2088809033630489,19.029892035112187,0,0
2019-04-12,0.005343816748717927,0.13941244653279491,-0.1296572922979484,17.950610206152028,0,0
2019-04-15,0.0008700917205206819,0.1402825382533156,-0.05800554218604513,17.80192030499253,0,0
2019-04-16,0.001719701383148909,0.14200223963646452,0.0525909153423002,17.47478416651205,0,0
2019-04-17,0.003780872359421754,0.14578311199588628,0.20943180592164784,16.713209915503224,0,0
2019-04-18,-0.004169400298587976,0.1416137116972983,0.11554374193354823,17.622219061226907,0,0
2019-04-19,-0.0032549479952408223,0.1383587637020575,0.10626906910208703,18.33979007963705,0,0
2019-04-22,0.003973668927510435,0.14233243262956793,0.0978131021375959,17.53230029217071,0,0
2019-04-23,0.00032252821504686843,0.1426549608446148,0.1467056285178743,17.49605461019606,0,0
2019-04-24,-0.007865348504886639,0.13478961233972817,0.1590589273097529,19.202162046215214,0,0
2019-04-25,0.001398736298194503,0.13618834863792267,0.14695658511414578,18.939492559699495,0,0
2019-04-26,0.0013391033516994433,0.13752745198962213,0.1961207994187617,18.68789500357168,0,0
2019-04-29,0.003652834759249931,0.14118028674887206,0.22266144188925485,17.942157359817994,0,0
2019-04-30,-0.0013044628736217567,0.1398758238752503,0.33505576762215006,18.25253993914273,0,0
2019-05-01,0.009195888995075847,0.14907171287032614,0.39245267107883025,16.311659406237712,0,0
2019-05-02,0.002418533202806567,0.15149024607313272,0.4585696222625995,15.833205266679533,0,0
2019-05-03,0.007135161948610374,0.1586254080217431,0.5416011238705607,14.352808203714437,0,0
2019-05-06,0.0007334731372227437,0.15935888115896585,0.4486525225936624,14.230483477983581,0,0
2019-05-07,-0.01532963388460712,0.14402924727435873,0.20183813092158004,17.50631849117044,0,0
2019-05-08,0.0002909924068501069,0.14432023968120883,0.22365981315146968,17.47986642388885,0,0
2019-05-09,-0.006144816683560207,0.13817542299764862,0.0900202943207711,18.753515396446247,0,0
2019-05-10,0.0004782122702019083,0.13865363526785054,0.11466741582850845,18.689194835151696,0,0
2019-05-13,0.004918501837529686,0.14357213710538022,0.1831597227715583,17.724748647699847,0,0
2019-05-14,-0.002097336452285167,0.14147480065309506,0.13334127401741228,18.18168140313034,0,0
2019-05-15,-0.00043023643516548553,0.14104456421792957,0.14250273474937336,18.30127030267613,0,0
2019-05-16,-0.006342879910253936,0.13470168430767565,0.061398089301752466,19.631869018694573,0,0
2019-05-17,0.0012029081943031577,0.1359045925019788,0.05858794509114938,19.418569640162378,0,0
2019-05-20,-0.00021054656742967642,0.13569404593454915,0.07691167356973523,19.493749179078225,0,0
2019-05-21,0.004625331516854051,0.1403193774514032,0.20833388464503677,18.571900152735555,0,0
2019-05-22,0.003931097499507191,0.14425047495091037,0.2650018208934227,17.792799358786162,0,0
2019-05-23,-0.0061556187301118745,0.1380948562207985,0.18632539102322415,19.09741054735175,0,0
2019-05-24,0.006032190797939986,0.1441270470187385,0.20661929022468914,17.886748504899042,0,0
2019-05-27,0.003123981658588357,0.14725102867732684,0.22132824530962952,17.27719888936937,0,0
2019-05-28,-0.00011270423879239356,0.14713832443853445,0.18169782656868827,17.33243231185035,0,0
2019-05-29,-0.009871384973791591,0.13726693946474286,0.01407028024296261,19.41034845114345,0,0
2019-05-30,0.007125223396498601,0.14439216286124146,0.09023742231557143,17.991908581645923,0,0
2019-05-31,0.0010716914068740516,0.1454638542681155,0.2204618668655764,17.807128417867574,0,0
2019-06-03,-0.009216945157278349,0.13624690911083714,0.13851022623746836,19.71389600402704,0,0
2019-06-04,0.002402943554428619,0.13864985266526578,0.04056133793921629,19.264047686117532,0,0
2019-06-05,0.0008846490837863159,0.1395345017490521,0.09739133604502996,19.117872515908754,0,0
2019-06-06,0.003402739557574432,0.14293724130662652,0.16295184414751304,18.460664987638513,0,0
2019-06-07,0.002619110566074668,0.1455563518727012,0.14141728733521755,17.960572947109394,0,0
2019-06-10,5.9048768934214825e-05,0.14561540064163542,0.04717098993491183,17.98053606108663,0,0
2019-06-11,0.00014810529576065787,0.14576350593739607,0.07104035446557933,17.982156405014546,0,0
2019-06-12,0.0028940185524743336,0.1486575244898704,0.03967219090060892,17.416921874255635,0,0
2019-06-13,0.0019956787700791305,0.15065320325994955,-0.038947170497467036,17.035549264326292,0,0
2019-06-14,-0.0031560606901108335,0.1474971425698387,-0.1760892515837376,17.724435307873133,0,0
2019-06-17,0.002663075273772058,0.15016021784361075,-0.2850068560445332,17.20035509715228,0,0
2019-06-18,0.007938986071801072,0.15809920391541182,-0.1532549554145823,15.567970939466669,0,0
2019-06-19,0.005190661131222268,0.1632898650466341,-0.032660797572152234,14.522665059118857,0,0
2019-06-20,0.0013314511908924084,0.1646213162375265,0.03158122541640211,14.278587818157055,0,0
2019-06-21,-0.007918967519149427,0.15670234871837707,-0.08454756096674211,15.961436215764211,0,0
2019-06-24,0.0018549759554340418,0.15855732467381112,0.013619409855775484,15.610520638879352,0,0
2019-06-25,0.006209810875426044,0.16476713554923716,0.14993156451936773,14.354302531147843,0,0
2019-06-26,0.009984605014322122,0.1747517405635593,0.2718242301082618,12.322803273280474,0,0
2019-06-27,-0.0014829891200370863,0.17326875144352222,0.2756439803265757,12.655721776905333,0,0
2019-06-28,-0.0011351321438835714,0.17213361929963863,0.2933816459753149,12.919270068164707,0,0
2019-07-01,-0.006911995062983133,0.1652216242366555,0.299548363085811,14.368882354398998,0,0
2019-07-02,-0.004605046675325315,0.1606165775613302,0.20215951422612768,15.339926316770523,0,0
2019-07-03,0.004123560294032395,0.1647401378553626,0.19013105928659452,14.530511302229085,0,0
2019-07-04,-0.0027792597655976635,0.16196087808976492,0.17854882798265442,15.13058984407259,0,0
2019-07-05,-0.0001999827328463457,0.16176089535691857,0.14126634601254442,15.203634644413148,0,0
2019-07-08,0.0007202980283718863,0.16248119338529046,0.09114650268380321,15.086987111722893,0,0
2019-07-09,0.0012937512231113435,0.1637749446084018,0.0884097362014813,14.850476713346543,0,0
2019-07-10,-0.0008655236364675523,0.16290942097193425,0.03359424438885795,15.06309140976989,0,0
2019-07-11,0.0008639760576185597,0.16377339702955282,0.32528453884081626,14.913808066740707,0,0
2019-07-12,0.0003474418156335533,0.16412083884518638,0.2756664196871398,14.872503434702999,0,0
2019-07-15,0.0024692986757308623,0.16659013752091725,0.3969207865493717,14.380462807917144,0,0
2019-07-16,0.0013146113921128854,0.16790474891303014,0.4197881880054249,14.132307511266465,0,0
2019-07-17,0.005111805440828943,0.1730165543538591,0.5416041158901284,13.06909845514469,0,0
2019-07-18,-0.001428822721626873,0.17158773163223223,0.5112289369930733,13.406886701323469,0,0
2019-07-19,-0.002899309107197614,0.16868842252503463,0.4578416961940989,14.062625962451659,0,0
2019-07-22,0.00150699484082154,0.17019541736585617,0.42439826342209086,13.769290954114815,0,0
2019-07-23,0.014528850422767088,0.18472426778862325,0.552351143776919,10.648443193498142,0,0
2019-07-24,0.00828776276470515,0.19301203055332838,0.7236169348109823,8.967743665467625,0,0
2019-07-25,-0.0016887961316171562,0.19132323442171123,0.7007189526968508,9.3449396035049,0,0
2019-07-26,-0.012467872080911508,0.1788553623407997,0.5530889370500031,11.938348437079606,0,0
2019-07-29,-0.008572794637191917,0.1702825677036078,0.33540703382773707,13.677866508870665,0,0
2019-07-30,-0.004148445526460658,0.16613412217714715,0.16628556253717885,14.527210509357094,0,0
2019-07-31,0.020586649605069524,0.1867207717822167,0.3989959973474946,10.495443264345447,0,0
2019-08-01,0.006823936946837143,0.19354470872905383,0.27885664995265574,9.286456879361353,0,0
2019-08-02,-0.003865939035106107,0.18967876969394773,0.31742749587966457,10.019352098643774,0,0
2019-08-05,0.003265060409750938,0.19294383010369867,0.3682335312963154,9.457676085346185,0,0
2019-08-06,-0.006561529849177286,0.18638230025452138,0.38862339493945935,10.687228608587429,0,0
2019-08-07,0.003469742243001997,0.18985204249752338,0.506042957650433,10.0875488686442,0,0
2019-08-08,-0.0025429073200668724,0.1873091351774565,0.5014873795540814,10.584116907300006,0,0
2019-08-09,0.010286823338506963,0.19759595851596348,0.6010431173935259,8.728325203870792,0,0
2019-08-12,0.0046052028871365605,0.20220116140310004,0.61072734228782,7.927379414838698,0,0
2019-08-13,0.00029396049825412005,0.20249512190135416,0.5628868296681903,7.906125494276299,0,0
2019-08-14,0.001057849819403379,0.20355297172075754,0.5567421193565153,7.745354154522378,0,0
2019-08-15,0.004706554735520703,0.20825952645627824,0.5601456177145077,6.914867219865653,0,0
2019-08-16,-0.004128226598177846,0.20413129985810038,0.5594046213686007,7.704506635290841,0,0
2019-08-19,0.00031879775754794506,0.20445009761564834,0.5826644859996056,7.67786503209626,0,0
2019-08-20,0.002506548003738581,0.20695664561938693,0.5246742394656297,7.246069937367945,0,0
2019-08-21,0.00018815181838034104,0.20714479743776726,0.5287495164917898,7.2431060938086285,0,0
2019-08-22,-0.007836294456923801,0.19930850298084346,0.35211217941446676,8.740128389790112,0,0
2019-08-23,0.0015081942704270835,0.20081669725127055,0.38280750451445694,8.492015269183156,0,0
2019-08-26,-0.007492191245741235,0.1933245060055293,0.28698957872979447,9.922999644366794,0,0
2019-08-27,0.0032942055225489934,0.1966187115280783,0.31331642752077554,9.343253711028149,0,0
2019-08-28,0.01100284640477502,0.20762155793285333,0.48995042503282216,7.324580741885276,0,0
2019-08-29,-0.001062453077932821,0.20655910485492052,0.5486801548600867,7.551059788348082,0,0
2019-08-30,-0.0019405612740973058,0.2046185435808232,0.5395024383900707,7.940245618536295,0,0
2019-09-02,0.007710742802381899,0.2123292863832051,0.658060527137316,6.545863144799965,0,0
2019-09-03,0.005409412000924964,0.21773869838413007,0.7488226152578515,5.583091491901873,0,0
2019-09-04,0.0078715780098488,0.22561027639397888,0.8062079074053262,4.1674455005017395,0,0
2019-09-05,-0.0002458211004426328,0.22536445529353624,0.7280540573605077,4.244381645412351,0,0
2019-09-06,0.00903510173315171,0.23439955702668797,0.9340117879035498,2.6155651029401814,0,0
2019-09-09,0.004312186519408439,0.2387117435460964,0.9942340463262717,1.8627965482411386,0,0
2019-09-10,0.0017475778054225845,0.24045932135151898,1.0588512276404922,1.5760589489236576,0,0
2019-09-11,0.002876082740082183,0.24333540409160118,1.1005284887039815,1.080761698043938,0,0
2019-09-12,0.0021058566142171955,0.24544126070581837,1.2364722346411403,0.7250683524856527,0,0
2019-09-13,0.006716898444958874,0.2521581591507772,1.3106707043405188,0.0,0,0
2019-09-16,0.0009452065844833685,0.2531033657352606,1.356116753368627,0.0,0,0
2019-09-17,-0.0015688920118505636,0.25153447372341003,1.266258342892977,0.3229945650794489,0,0
2019-09-18,0.0008301281388765374,0.2523646018622866,1.2810511336233155,0.20022257075646793,0,0
2019-09-19,0.003922368661370776,0.2562869705236574,1.3312294729132492,0.0,0,0
2019-09-20,0.003933779948501035,0.2602207504721584,1.3506432388740337,0.0,0,0
2019-09-23,-0.009971089212985482,0.2502496612591729,1.1992677893710373,1.9115197954281122,0,0
2019-09-24,0.008977097230450861,0.2592267584896238,1.3305388699014624,0.27546909672956743,0,0
2019-09-25,0.004131572679906449,0.2633583311695302,1.332019170634769,0.0,0,0
2019-09-26,0.003367125851321606,0.2667254570208518,1.373298956737473,0.0,0,0
2019-09-27,0.0003165106157372044,0.26704196763658905,1.4275560158486362,0.0,0,0
2019-09-30,0.0005891297598601135,0.2676310973964492,1.2567510487453288,0.0,0,0
2019-10-01,-0.001537268697467263,0.2660938286989819,1.2489988584993665,0.31974732679221635,0,0
2019-10-02,-0.007741757297150825,0.2583520714018311,1.135206008431189,1.80851294984252,0,0
2019-10-03,0.0008049609425398002,0.2591570323443709,1.1034564250430017,1.690020508850453,0,0
2019-10-04,-0.005536868412312905,0.253620163932058,1.051753109997736,2.7631049905636837,0,0
2019-10-07,0.0008853334835197842,0.25450549741557776,1.1717555858127957,2.628728582236516,0,0
2019-10-08,0.00028894560241848964,0.25479444301799625,1.247217746114516,2.6061288612549496,0,0
2019-10-09,0.0058772332956639915,0.2606716763136602,1.2610809710774669,1.5209619339010085,0,0
2019-10-10,0.00025412229389097435,0.2609257986075512,1.1773427850541467,1.504734895114248,0,0
2019-10-11,-0.00642672519155644,0.25449907341599476,1.128437601004519,2.7636840206181157,0,0
2019-10-14,0.0029513093092346137,0.25745038272522935,1.2010663716908607,2.2338806892605247,0,0
2019-10-15,0.0016817286230889936,0.2591321113483184,1.3424357608105628,1.9444896061179064,0,0
2019-10-16,-0.012943696099920295,0.24618841524839807,1.200252216495468,4.463046434424841,0,0
2019-10-17,0.005303666309611691,0.2514920815580098,1.264848094032411,3.5052319527928693,0,0
2019-10-18,-0.0011211195803456486,0.2503709619776641,1.2853040641495024,3.7465001530720365,0,0
2019-10-21,-0.00037320493079936773,0.24999775704686475,1.2789185500123654,3.8485544578581106,0,0
2019-10-22,-0.0028078149827467412,0.247189942064118,1.2082167267497717,4.410587004892414,0,0
2019-10-23,-0.0009447713101960881,0.24624517075392194,1.2544050041479873,4.621679126118384,0,0
2019-10-24,-0.0029151363596162374,0.2433300343943057,1.1302222341075647,5.209354544539954,0,0
2019-10-25,-0.00410046067729894,0.23922957371700676,1.0662521339459927,6.026090916865113,0,0
2019-10-28,0.0033764225845580014,0.24260599630156476,1.1243769810077917,5.410505556079484,0,0
2019-10-29,-0.0024152334669353464,0.24019076283462942,1.0637668461093897,5.907306657324374,0,0
2019-10-30,-0.0042127320168487085,0.2359780308177807,0.9269980692256654,6.753696515378305,0,0
2019-10-31,0.00091360170091539,0.2368916325186961,0.9049026328330436,6.608751026252781,0,0
2019-11-01,-0.002906931912002952,0.23398470060669316,0.9550253393248396,7.206959999341039,0,0
2019-11-04,-1.1412488334043482e-05,0.2339732881183591,0.9356977966449533,7.241200819456594,0,0
2019-11-05,0.0027262303790036016,0.2366995184973627,0.9780243687165622,6.7370343047438785,0,0
2019-11-06,-0.0011379595912782083,0.2355615589060845,1.0767603553902445,6.993770845939841,0,0
2019-11-07,-0.000752030102973777,0.2348095288031107,1.1201396658471259,7.175109512742368,0,0
2019-11-08,-0.0008235261481063102,0.23398600265500438,1.0903396233804643,7.371571032331216,0,0
2019-11-11,-0.001403419233553885,0.2325825834214505,1.1309691406690399,7.685412275837365,0,0
2019-11-12,0.010716012361197687,0.24329859578264817,1.3050952410875185,5.553983833135352,0,0
2019-11-13,-0.001926353882587504,0.24137224190006068,1.2915364464692454,5.966932861800378,0,0
2019-11-14,0.0024486928529712524,0.24382093475303193,1.2767687366787546,5.5123137975302035,0,0
2019-11-15,0.004107309851102174,0.2479282446041341,1.2979338112917809,4.724476776394768,0,0
2019-11-18,-0.0032090308461961196,0.24471921375793798,1.209519313524963,5.398239266346671,0,0
2019-11-19,0.011321735397812832,0.2560409491557508,1.3017436196390735,3.158401292263863,0,0
2019-11-20,-0.001907017264398436,0.25413393189135236,1.2760862526086587,3.564247502753239,0,0
2019-11-21,0.007270424042006231,0.2614043559333586,1.4348231190876017,2.1639249024917606,0,0
2019-11-22,0.0012510206200534854,0.2626553765534121,1.5036745813732872,1.950948105638572,0,0
2019-11-25,-0.00010069691084438028,0.26255467964256773,1.5039019823532125,2.002784013909225,0,0
2019-11-26,-0.005972901825551412,0.2565817778170163,1.4907445871868412,3.217635947874502,0,0
2019-11-27,-0.01562220859877254,0.24095956921824377,1.201930566970247,6.336319944168243,0,0
2019-11-28,-0.001132694905030389,0.23982687431321337,1.0403131746927812,6.581914101335886,0,0
2019-11-29,-0.0028032454612753454,0.23702362885193803,1.0144513604947467,7.145434391514968,0,0
2019-12-02,0.0012427611132898634,0.2382663899652279,1.008196997871063,6.940832138834606,0,0
2019-12-03,-0.007479520255982384,0.2307868697092455,0.9255388511053755,8.404664105745988,0,0
2019-12-04,0.0020984632322720684,0.23288533294151756,0.9549401794454221,8.037360368836607,0,0
2019-12-05,3.4993063218272938e-06,0.23288883224783938,0.9177417349391301,8.0687004740138,0,0
2019-12-06,-0.0017961798124928993,0.2310926524353465,0.8742366770944195,8.446153230993536,0,0
2019-12-09,0.0031115377465544937,0.23420419018190097,0.9431034624591239,7.876697896877347,0,0
2019-12-10,0.0035008141267739157,0.2377050043086749,1.0372244122971233,7.2295007516081835,0,0
2019-12-11,0.0011483758683088678,0.23885338017698377,1.0766786450637682,7.038016690844154,0,0
2019-12-12,0.006152405295752367,0.24500578547273613,1.1302831736620547,5.866077322781796,0,0
2019-12-13,-0.010087304703544268,0.23491848076919186,0.9020588614901813,7.866969626918435,0,0
2019-12-16,-0.0007424768326359612,0.2341760039365559,0.8983147218928224,8.041562338800166,0,0
2019-12-17,-0.00723003364257759,0.2269459702939783,0.8485894908769441,9.469888321134926,0,0
2019-12-18,0.0016821181420937858,0.2286280884360721,0.8404430185960423,9.178792108723233,0,0
2019-12-19,0.0010307847262752239,0.22965887316234732,0.9128907330808201,9.011779333706256,0,0
2019-12-20,-0.004160816012675734,0.22549805714967158,0.9050183968508381,9.851619113807127,0,0
2019-12-23,0.002711737740226419,0.228209794889898,0.9315891808940235,9.356085562058018,0,0
2019-12-24,-0.0008117492107999013,0.2273980456790981,0.9389663862095484,9.546671488034235,0,0
2019-12-25,-0.006200631778099205,0.2211974139009989,0.8277822950170729,10.796824632400897,0,0
2019-12-26,0.0024526362916726563,0.22365005019267156,0.7188882978522962,10.348335062760714,0,0
2019-12-27,0.001955468920359685,0.22560551911303126,0.7617329161718378,9.995542663344548,0,0
2019-12-30,-0.004359047707179036,0.2212464714058522,0.8458376188506549,10.889563054727057,0,0
2019-12-31,0.0047365271135887035,0.22598299851944093,0.9107840744958016,9.98352854304875,0,0
2020-01-01,0.006612680366194464,0.2325956788856354,0.9946860487944446,8.705027947967869,0,0
2020-01-02,0.0055899067578465775,0.23818558564348197,1.102757725187471,7.63375842381399,0,0
2020-01-03,0.00579242725649204,0.243978012899974,1.1281480221497646,6.523941029199078,0,0
2020-01-06,-0.0004698181897431722,0.24350819471023083,1.0439969394735007,6.648401560687317,0,0
2020-01-07,-0.0029808961971162194,0.2405272985131146,0.9867484723390546,7.270363382472748,0,0
2020-01-08,-0.00471019340895686,0.23581710510415774,0.8630477201717485,8.238082454514279,0,0
2020-01-09,-0.0003965246883997533,0.23542058041575797,0.8185178924271422,8.348920182347038,0,0
2020-01-10,-0.003229423816634603,0.23219115659912337,0.7488874008883013,9.02662975329344,0,0
2020-01-13,0.0016225545138757401,0.23381371111299912,0.7283691291808148,8.733128899788989,0,0
2020-01-14,0.002130065722322933,0.23594377683532206,0.7032902447760015,8.335602143223774,0,0
2020-01-15,0.004121751384268237,0.2400655282195903,0.8267051637619102,7.5325240325695475,0,0
2020-01-16,-0.016136026807316996,0.2239295014122733,0.6142279963233287,10.839469319817502,0,0
2020-01-17,-0.0012516615350058452,0.22267783987726747,0.5406477314331442,11.112412841649792,0,0
2020-01-20,0.008604702914597542,0.231282542791865,0.6152494604440124,9.479055746469134,0,0
2020-01-21,0.0036758518643298095,0.2349583946561948,0.7347152450884382,8.80677239345997,0,0
2020-01-22,-0.0007329453792914212,0.2342254492769034,0.7225453581466613,8.97962204658416,0,0
2020-01-23,0.0037248499909818687,0.23795029926788527,0.8746857390465126,8.29181266040843,0,0
2020-01-24,-0.0001678770002479066,0.23778242226763738,0.9954291540500699,8.356353872099229,0,0
2020-01-27,-0.0005304748191822324,0.23725194744845515,0.9200095141050412,8.491755854555255,0,0
2020-01-28,-0.0018540667795380896,0.23539788066891706,0.9217488127314235,8.887204762251557,0,0
2020-01-29,0.0011342980434098635,0.23653217871232693,1.0725840638872428,8.69574887316845,0,0
2020-01-30,0.001771290673892801,0.23830346938621974,1.0875860132334563,8.376881013240027,0,0
2020-01-31,0.010514785735424734,0.24881825512164446,1.2234147769723527,6.315434595541512,0,0
2020-02-03,0.00026885912155972397,0.24908711424320418,1.229972533025868,6.294925441075838,0,0
2020-02-04,0.0025600289659115025,0.2516471432091157,1.227119012706783,5.823975175195204,0,0
2020-02-05,0.0010477136874836334,0.2526948568965993,1.18737763705518,5.649255116312416,0,0
2020-02-06,-0.01130208059786939,0.24139277629872993,0.993059118959352,7.923692561364378,0,0
2020-02-07,-0.0007332794512838101,0.2406594968474461,1.076220263905982,8.097937133905225,0,0
2020-02-10,-0.004937580424988147,0.23572191642245796,1.0470034261597907,9.093131475581226,0,0
2020-02-11,0.0034118828880348117,0.23913379931049278,1.1772486350188587,8.459300458070825,0,0
2020-02-12,-0.0027357681597404327,0.23639803115075234,1.0923267321236148,9.02691890975623,0,0
2020-02-13,0.0005758623754222232,0.23697389352617457,1.1780781283093937,8.945721092093635,0,0
2020-02-14,-0.002560317527074852,0.2344135759990997,1.1465024749713517,9.483933412354414,0,0
2020-02-17,0.009524389313114775,0.24393796531221448,1.2836603905489332,7.624770220997764,0,0
2020-02-18,0.003964573090682896,0.2479025384028974,1.3432481656287096,6.8809658014548045,0,0
2020-02-19,0.0029470909256878335,0.25084962932858523,1.4429710210195286,6.334945861781934,0,0
2020-02-20,-0.002796483076528981,0.24805314625205624,1.429645710234244,6.917554313666976,0,0
2020-02-21,0.0009359198035606908,0.24898906605561694,1.3828555385978192,6.764548482870507,0,0
2020-02-24,0.003733339385171297,0.2527224054407882,1.3710832157823762,6.054413795084179,0,0
2020-02-25,-0.0016367433564598798,0.25108566208432836,1.3351333478636138,6.412630986578085,0,0
2020-02-26,0.008363272995756059,0.25944893508008443,1.444494043716197,4.769193897869818,0,0
2020-02-27,0.002792943549758215,0.26224187862984266,1.5697530679518434,4.24740010709554,0,0
2020-02-28,0.003272846942441332,0.265514725572284,1.6025081517355921,3.6278484926040044,0,0
2020-03-02,-0.0010358373415947975,0.2644788882306892,1.4934095988196727,3.8667579108967414,0,0
2020-03-03,-0.00416315576277714,0.26031573246791206,1.4072884945020163,4.73493332409033,0,0
2020-03-04,0.006002929048006936,0.266318661515919,1.4487327433430162,3.55917109457626,0,0
2020-03-05,0.0014335830358303734,0.26775224455174934,1.5327239706968772,3.303504527590698,0,0
2020-03-06,-0.004007254391171481,0.26374499016057784,1.4672182746044966,4.143915499904593,0,0
2020-03-09,-0.0068713134539404915,0.25687367670663735,1.4424196492314127,5.5648727835372,0,0
2020-03-10,-0.0024084501500435933,0.25446522655659376,1.4120827544111914,6.081142097925959,0,0
2020-03-11,-0.0036648843509178687,0.2508003422056759,1.344802777505836,6.853300033048744,0,0
2020-03-12,0.0003749084869367411,0.2511752506926126,1.4129724706528597,6.809396502116936,0,0
2020-03-13,0.0067420849534022215,0.2579173356460148,1.4866346248578162,5.468383007770643,0,0
2020-03-16,0.007676232532930231,0.265593568178945,1.5686171965311662,3.945017734040668,0,0
2020-03-17,0.004161768818953995,0.269755336997899,1.7770013754348717,3.140550593359076,0,0
2020-03-18,-0.009221874847349579,0.2605334621505494,1.6585783631014792,5.029274829837886,0,0
2020-03-19,0.0019186202951983853,0.2624520824457478,1.6447314185136181,4.680310236597605,0,0
2020-03-20,0.00040940736327727727,0.2628614898090251,1.5565687867036055,4.630622773923773,0,0
2020-03-23,-0.0017338088519875281,0.26112768095703753,1.6472521603866115,5.010601937259383,0,0
2020-03-24,-0.003878754698817901,0.25724892625821966,1.5912940481142364,5.825024271118631,0,0
2020-03-25,0.007171806423855792,0.26442073268207544,1.7604352334152458,4.407120867388462,0,0
2020-03-26,-0.0030198256508590015,0.26140090703121643,1.6906632940203519,5.045815052139533,0,0
2020-03-27,0.0032953030631304578,0.2646962100943469,1.6865170883406009,4.413379929257562,0,0
2020-03-30,0.008557464456840778,0.2732536745511877,1.7150274880435383,2.7143541303757797,0,0
2020-03-31,0.0035345188537356798,0.2767881934049234,1.6945454270012805,2.039447426471042,0,0
2020-04-01,-0.009838572255937908,0.26694962114898546,1.5498569761256593,4.044882836801185,0,0
2020-04-02,0.001962514075190234,0.2689121352241757,1.5527524317248065,3.689634499517385,0,0
2020-04-03,-0.0013506356930385217,0.26756149953113717,1.4907947302013114,3.9894716508669577,0,0
2020-04-06,-0.006816530989725695,0.2607449685414115,1.454946612245325,5.38044729849508,0,0
2020-04-07,-0.011562990332172084,0.2491819782092394,1.3404786912676294,7.7065634768723665,0,0
2020-04-08,0.001589502320057458,0.2507714805292969,1.3127155579809566,7.430662269265166,0,0
2020-04-09,5.675088007630084e-05,0.25082823140937316,1.3094859261698664,7.451620393759748,0,0
2020-04-10,-0.0013619094422893077,0.24946632196708385,1.3949505346802407,7.750370283158044,0,0
2020-04-13,0.0015856405305581332,0.251051962497642,1.3971840155597322,7.4701493231195,0,0
2020-04-14,-0.005588764985428732,0.24546319751221327,1.3094735169383978,8.608396961645685,0,0
2020-04-15,0.006768763615552807,0.2522319611277661,1.344334343002684,7.302317633503656,0,0
2020-04-16,-0.0022189819581156173,0.2500129791696505,1.332870621328073,7.771010166854336,0,0
2020-04-17,0.002585413674160204,0.2525983928438107,1.2595552346325587,7.291842932374359,0,0
2020-04-20,0.0020620975239858145,0.25466049036779653,1.2553398923091672,6.914402708384025,0,0
2020-04-21,0.00804270618843679,0.2627031965562333,1.26516300990138,5.341765759634062,0,0
2020-04-22,-0.0008619540137504199,0.26184124254248287,1.2456298879131784,5.544213702924736,0,0
2020-04-23,-0.0037539742937405703,0.2580872682487423,1.4105896513715332,6.322690194001279,0,0
2020-04-24,0.0008270003991324587,0.25891426864787476,1.4172063856284287,6.189832925020834,0,0
2020-04-27,-0.00032584079730809713,0.2585884278505667,1.4941011191503633,6.287166050652305,0,0
2020-04-28,0.001777808715584625,0.2603662365661513,1.510031036851307,5.960707982053656,0,0
2020-04-29,0.004053491470620282,0.2644197280367716,1.500099334753922,5.171272430973014,0,0
2020-04-30,-0.0017124738091856715,0.26270725422758595,1.5050896005811685,5.550966472074949,0,0
2020-05-01,-0.0027287168133861023,0.25997853741419985,1.4754798813640757,6.139807517745462,0,0
2020-05-04,0.0051310222841740435,0.2651095596983739,1.6209773382949764,5.120588188898846,0,0
2020-05-05,0.004023614793307719,0.2691331744916816,1.6545324000118042,4.328748233372807,0,0
2020-05-06,0.0007853607911483395,0.26991853528282994,1.6669626069365584,4.199654569644158,0,0
2020-05-07,-0.0005182384905141143,0.2694002967923158,1.605034295496668,4.338570969168532,0,0
2020-05-08,-0.004763267252707074,0.2646370295396087,1.4950958029530412,5.358818994663063,0,0
2020-05-11,0.013965557058181427,0.27860258659779014,1.7269239521200481,2.4929939120204563,0,0
2020-05-12,-0.003941193997854921,0.2746613925999352,1.6055736824479834,3.310120990910767,0,0
2020-05-13,0.0031425801442872994,0.2778039727442225,1.605790627491044,2.714719035589677,0,0
2020-05-14,0.0016119691809450567,0.2794159419251676,1.6269071275893001,2.423774563950459,0,0
2020-05-15,-0.0003224515332093899,0.27909349039195824,1.758740170000903,2.520720982320878,0,0
2020-05-18,0.001036603136264685,0.28013009352822293,1.6888286434652735,2.342768752061497,0,0
2020-05-19,-0.003698995555601472,0.27643109797262144,1.6272594780209577,3.128147825231088,0,0
2020-05-20,3.473484594282883e-05,0.2764658328185643,1.7551161076253405,3.1530650073296993,0,0
2020-05-21,-0.006095487354924309,0.27037034546363997,1.6435287537712189,4.4368385258214875,0,0
2020-05-22,0.003935003329993057,0.27430534879363305,1.680089054995688,3.6633768611022894,0,0
2020-05-25,-0.004287011610375143,0.2700183371832579,1.5824090305225176,4.574686257644684,0,0
2020-05-26,0.0011908024631959667,0.2712091396464539,1.5651103361343746,4.362133625907305,0,0
2020-05-27,0.0023302174703530147,0.2735393571168069,1.593011526522475,3.912967718724656,0,0
2020-05-28,-0.0007439785214644314,0.2727953785953425,1.5817267129737154,4.099286310173104,0,0
2020-05-29,0.0008889548521732691,0.27368433344751575,1.5574346011636682,3.945874016618075,0,0
2020-06-01,0.0014527777550320902,0.27513711120254786,1.5508323841107043,3.6731628919603927,0,0
2020-06-02,0.00035222487231158727,0.2754893360748594,1.5961936288939276,3.630904969226738,0,0
2020-06-03,0.0034473221897036435,0.27893665826456304,1.6054755573922974,2.931853827066142,0,0
2020-06-04,0.005708267158653001,0.28464492542321607,1.581131710523438,1.7500832021476955,0,0
2020-06-05,-6.639996186315642e-05,0.2845785254613529,1.5180286916184988,1.7961731878562897,0,0
2020-06-08,-0.00624708284922512,0.27833144261212783,1.4182622955695399,3.160610533735614,0,0
2020-06-09,-0.002156734503871219,0.2761747081082566,1.4975345874055597,3.650590669056647,0,0
2020-06-10,0.006554530768170001,0.2827292388764266,1.5521823496249179,2.284420645514045,0,0
2020-06-11,-0.0016182154952417926,0.2811110233811848,1.4575758443600186,2.6597417915682255,0,0
2020-06-12,0.0006110429599399448,0.2817220663411248,1.3498179331177473,2.561453631685345,0,0
2020-06-15,0.005986232146047378,0.28770829848717216,1.4409666443995441,1.3097046124669658,0,0
2020-06-16,-0.0009733562828150503,0.28673494220435713,1.443059488834828,1.5496792943664797,0,0
2020-06-17,-0.0022179345637920035,0.28451700764056514,1.507821508892275,2.058193658799716,0,0
2020-06-18,-0.00045023086688864407,0.2840667767736765,1.5634618626392895,2.1873635651138312,0,0
2020-06-19,0.006893083145236484,0.29095985991891293,1.5949892474663194,0.7232970101115297,0,0
2020-06-22,-0.005666636910525841,0.2852932230083871,1.5551233121969903,1.9765401382864354,0,0
2020-06-23,-0.003911021071338945,0.28138220193704816,1.506076808359518,2.849056512910153,0,0
2020-06-24,-0.009605124379359835,0.2717770775576883,1.3651780603620547,4.948766270341654,0,0
2020-06-25,-0.00012168727598156842,0.27165539028170677,1.3475444585177485,5.006491906074136,0,0
2020-06-26,0.0006190662502577849,0.2722744565319645,1.366264031086846,4.906915239242713,0,0
2020-06-29,0.0018913288887843437,0.2741657854207489,1.378890271896717,4.534624088254745,0,0
2020-06-30,0.002036026532764452,0.27620181195351334,1.3997054033916592,4.129295460114209,0,0
2020-07-01,0.003460196972221772,0.2796620089257351,1.4115309139796033,3.4145791735505027,0,0
2020-07-02,0.0016748296299949898,0.2813368385557301,1.4159446090849808,3.084231083614977,0,0
2020-07-03,0.0016774131195625213,0.28301425167529265,1.3752476827963278,2.7514998208904022,0,0
2020-07-06,-0.00459463877496807,0.2784196129003246,1.3333978135559434,3.7875894252266313,0,0
2020-07-07,0.0025222453360501744,0.28094185823637474,1.401803765219274,3.268430585269826,0,0
2020-07-08,0.00012650298000210162,0.28106836121637685,1.384675897577042,3.2726848256903383,0,0
2020-07-09,0.0008182377175278415,0.28188659893390466,1.232737625308242,3.1241320732708795,0,0
2020-07-10,0.0010036245336137338,0.2828902234675184,1.146079530098572,2.9334288908732082,0,0
2020-07-13,-0.0076106949933313316,0.2752795284741871,1.0654546919182644,4.663607159739451,0,0
2020-07-14,0.0007339582818287416,0.27601348675601584,1.2496477147885205,4.533592262281706,0,0
2020-07-15,-0.004046565659718147,0.27196692109629766,1.3144793595382007,5.4639342419974,0,0
2020-07-16,0.005792180692398877,0.27775910178869656,1.4420278014454246,4.208658641471876,0,0
2020-07-17,0.0018720769512396217,0.2796311787399362,1.243018340643152,3.8261688624957375,0,0
2020-07-20,-2.265937033934487e-05,0.27960851936959685,1.155741468819214,3.863219157320973,0,0
2020-07-21,0.0005355520319493857,0.28014407140154624,1.2167967390673922,3.7753928756309234,0,0
2020-07-22,0.0004530090746803022,0.28059708047622656,1.179877551786428,3.705457764285115,0,0
2020-07-23,-0.0010382655740327517,0.2795588149021938,1.2594775239894285,3.9724556941128966,0,0
2020-07-24,0.0028878495126949677,0.28244666441488875,1.2519861355742052,3.347287843261606,0,0
2020-07-27,-0.001952658827836217,0.2804940055870525,1.2603228603572014,3.8251132452709053,0,0
2020-07-28,0.006271775105483938,0.28676578069253644,1.2130942318690998,2.4185636578564536,0,0
2020-07-29,0.005086073351107627,0.29185185404364405,1.21914897674005,1.2910785158552707,0,0
2020-07-30,-0.004016474692533497,0.28783537935111053,1.1584942388658617,2.2369351746002533,0,0
2020-07-31,-0.0023136954638969783,0.28552168388721355,1.112062480168243,2.795866588666652,0,0
2020-08-03,-0.0050137542345476795,0.28050792965266585,0.9793829064999086,3.9744773196980847,0,0
2020-08-04,-0.0005985897317861836,0.2799093399208797,1.0290047871199108,4.143132013082646,0,0
2020-08-05,0.00537623900674355,0.28528557892762324,1.0950931542698732,2.940883005266447,0,0
2020-08-06,-0.0009375253819389115,0.2843480535456843,1.0487476396895772,3.1874819808367016,0,0
2020-08-07,-6.0377877648742006e-05,0.2842876756680356,1.0453681798646468,3.23338740610297,0,0
2020-08-10,-0.0008439137359170827,0.2834437619321185,1.147006346068724,3.4607516254993165,0,0
2020-08-11,-4.1376759765583866e-05,0.28340238517235294,1.1260117916886092,3.5023923751132955,0,0
2020-08-12,0.0007358960312713243,0.2841382812036243,1.2453077469687182,3.3621101962043776,0,0
2020-08-13,-0.0076206022258555415,0.27651767897776874,1.0900524833847212,5.188316425857126,0,0
2020-08-14,0.0032533862365335597,0.2797710652143023,0.9941651109345141,4.463926637540823,0,0
2020-08-17,0.00030655438316571216,0.280077619597468,1.0132046589569594,4.424487436667465,0,0
2020-08-18,0.010063722609844733,0.29014134220731275,1.168703604098471,2.0974340567055973,0,0
2020-08-19,-0.0010078217669038155,0.2891335204404089,1.0547761980441743,2.359728882375382,0,0
2020-08-20,0.0005941976360808233,0.2897277180764897,0.9910864961151319,2.255220454293399,0,0
2020-08-21,0.0010301264591896183,0.2907578445356793,0.9017987179067651,2.04921157382437,0,0
2020-08-24,-0.003819379599856673,0.28693846493582265,0.8510021955560643,2.9685360631275923,0,0
2020-08-25,-0.00035889768014906213,0.2865795672556736,0.7265509207532036,3.084026133749148,0,0
2020-08-26,0.001845476936459488,0.28842504419213305,0.693158874791053,2.6843017661294746,0,0
2020-08-27,-0.010905724410254402,0.27751931978187866,0.510796687382547,5.2796174311152395,0,0
2020-08-28,4.81360992717352e-05,0.2775674558811504,0.47215430372655126,5.300658093043539,0,0
2020-08-31,-0.0003864346997059533,0.27718102118144444,0.43793009555141554,5.421232499341894,0,0
2020-09-01,0.001691448302380178,0.2788724694838246,0.37004147151576433,5.063358587795376,0,0
2020-09-02,-0.003105978110119378,0.27576649137370524,0.31363809755136085,5.814815943218717,0,0
2020-09-03,-0.0007868810883825498,0.2749796102853227,0.32452215658683975,6.0296001315858785,0,0
2020-09-04,-0.00038277643378619363,0.2745968338515365,0.3077429270395103,6.151017502219772,0,0
2020-09-07,0.0012085805610159077,0.2758054144125524,0.2705275934289915,5.899106752850819,0,0
2020-09-08,-0.0003012431590952092,0.2755041712534572,0.21213149922910043,6.002260715972393,0,0
2020-09-09,0.0014046623219871426,0.2769088335754444,0.3736176555310233,5.700618215720936,0,0
2020-09-10,0.0019603617254251213,0.2788691953008695,0.2773437315236341,5.26458467643696,0,0
2020-09-11,-0.0015738561936913054,0.2772953391071782,0.1970571492053501,5.674053885080312,0,0
2020-09-14,-0.0031575189831847565,0.2741378201239934,0.10481289337100227,6.4670921643867185,0,0
2020-09-15,0.001688202659343779,0.2758260227833372,0.12417596490492964,6.091221751581217,0,0
2020-09-16,0.004250200220236183,0.2800762230035734,0.17562552470710485,5.091405950284697,0,0
2020-09-17,-0.0007929049793759573,0.2792833180241974,0.18616353940248428,5.315837997723179,0,0
2020-09-18,0.0022726134035553694,0.2815559314277528,0.32936126878526284,4.793251909668598,0,0
2020-09-21,0.0027465407577613133,0.28430247218551413,0.35668622040995557,4.152330047763737,0,0
2020-09-22,-0.0022847366892214923,0.28201773549629267,0.40388051915679885,4.745890921054633,0,0
2020-09-23,-0.0010999968193475427,0.28091773867694514,0.37561184233786044,5.049331097409759,0,0
2020-09-24,0.0012756863734167665,0.2821934250503619,0.38959189039553804,4.764868795252294,0,0
2020-09-25,0.0007568787525067222,0.2829503038028686,0.317845317991552,4.608134055871155,0,0
2020-09-28,0.006564983015019115,0.28951528681788774,0.40615874505100724,2.9938808289200094,0,0
2020-09-29,0.00014203360443572973,0.28965732042232345,0.5016570582479906,2.9906178542692277,0,0
2020-09-30,0.0023025786065498533,0.2919598990288733,0.49256254612778216,2.4475033494092573,0,0
2020-10-01,0.0070760110663761495,0.2990359100952495,0.566926367030713,0.70527841280122,0,0
2020-10-02,0.00215984703002066,0.30119575712527014,0.7951515802567046,0.20228829711715635,0,0
2020-10-05,-0.004900823055498228,0.2962949340697719,0.6476465675074679,1.4532502695597875,0,0
2020-10-06,0.004319331072887393,0.3006142651426593,0.7251290303315372,0.41392289377799685,0,0
2020-10-07,0.0026539689647531546,0.3032682341074125,0.7683654113158324,0.0,0,0
2020-10-08,0.0030069824391956903,0.30627521654660816,0.8523643777166301,0.0,0,0
2020-10-09,0.0006564881312745364,0.3069317046778827,0.8755755540159664,0.0,0,0
2020-10-12,0.0001819246516946017,0.3071136293295773,0.9212182541845592,0.0,0,0
2020-10-13,0.0017824602089834935,0.3088960895385608,1.0079471541800706,0.0,0,0
2020-10-14,-0.002020493219138459,0.30687559631942235,0.9302969808508909,0.5437679357866188,0,0
2020-10-15,-0.0026931381080322675,0.30418245821139006,0.9261228873891922,1.2608161014199104,0,0
2020-10-16,0.00105582125360108,0.30523827946499116,1.004416962311781,1.0234394668585773,0,0
2020-10-19,0.001485650476213868,0.306723929941205,1.012600337706794,0.6743595284166453,0,0
2020-10-20,0.004816049761829311,0.3115399797030343,1.1233799096747092,0.0,0,0
2020-10-21,0.000745962413632279,0.3122859421166666,1.134339946939967,0.0,0,0
2020-10-22,0.0001894832791014261,0.312475425395768,1.098269437077141,0.0,0,0
2020-10-23,-0.006398744540532988,0.30607668085523504,1.0174680858160026,1.6951143177609709,0,0
2020-10-26,-0.0016932224264314152,0.3043834584288036,1.0035924911543816,2.162814493379313,0,0
2020-10-27,-0.0002977839505724784,0.3040856744782311,1.0112689218119613,2.2718069158158816,0,0
2020-10-28,0.007617090194498367,0.31170276467272945,1.135424718373961,0.3233044231904101,0,0
2020-10-29,0.0014751302509373966,0.3131778949236668,1.0140676525083268,0.0,0,0
2020-10-30,-0.0005865589545871568,0.3125913359690797,1.033958671141202,0.182767246607769,0,0
2020-11-02,0.0013587821699232493,0.3139501181390029,1.0185152309304857,0.0,0,0
2020-11-03,0.003660624174465089,0.31761074231346803,1.0123718995797113,0.0,0,0
2020-11-04,-0.0012932468904078803,0.31631749542306015,1.0412715244739548,0.3681627610779443,0,0
2020-11-05,0.005567587240071271,0.3218850826631314,0.9672557597848972,0.0,0,0
2020-11-06,0.0008038261589761869,0.3226889088221076,1.007560687321201,0.0,0,0
2020-11-09,0.0008450361785711782,0.3235339450006788,0.9179783237977553,0.0,0,0
2020-11-10,0.002698058624456167,0.32623200362513494,0.9388471296173518,0.0,0,0
2020-11-11,0.0010035602492187163,0.32723556387435365,0.9551085905600181,0.0,0,0
2020-11-12,-0.0012609041884997247,0.32597465968585393,1.028800791303301,0.36571247610624197,0,0
2020-11-13,0.006466215091642178,0.3324408747774961,1.3897229391456616,0.0,0,0
2020-11-16,0.005015429557900817,0.3374563043353969,1.4798364172678504,0.0,0,0
2020-11-17,0.00027215111675762277,0.3377284554521545,1.5282448995663565,0.0,0,0
2020-11-18,7.496539381768427e-05,0.3378034208459722,1.5106292952650058,0.012258115784019512,0,0
2020-11-19,-0.00045765925321656015,0.33734576159275564,1.628769563954387,0.16554488158615346,0,0
2020-11-20,-0.0010541816444522396,0.3362915799483034,1.5807037759574976,0.47850154081560875,0,0
2020-11-23,0.0018859749333090604,0.33817755488161244,1.6091043854357148,0.005204051746830474,0,0
2020-11-24,0.0004114214638471534,0.3385889763454596,1.643787609430597,0.0,0,0
2020-11-25,-0.005633589134457842,0.33295538721100176,1.504929585796396,1.5565788879574414,0,0
2020-11-26,0.004039068511462394,0.33699445572246417,1.512494007402493,0.5037494287244897,0,0
2020-11-27,-0.0024935115147003903,0.3345009442077638,1.455713833914332,1.2048025474823394,0,0
2020-11-30,-0.0037305869328544466,0.33077035727490933,1.3078493069103083,2.240970822536945,0,0
2020-12-01,-0.0034020753836365093,0.3273682818912728,1.4256136624987958,3.1886700774941286,0,0
2020-12-02,-0.0011027583329260755,0.32626552355834676,1.4199012121991537,3.5177693510681314,0,0
2020-12-03,0.0003752527210735049,0.3266407762794203,1.5478587032514373,3.448149580061706,0,0
2020-12-04,0.004857140454241564,0.33149791673366186,1.5936600301237351,2.1571676146591363,0,0
2020-12-07,-0.0010691058040097866,0.3304288109296521,1.5607956499442808,2.4791338491488317,0,0
2020-12-08,-5.6796688948420465e-05,0.33037201424070367,1.628401704533807,2.5266288284579828,0,0
2020-12-09,-0.0020883131843463434,0.32828370105635735,1.5536995461193965,3.1313194713414845,0,0
2020-12-10,-0.002233059902718617,0.32605064115363874,1.5306281943528697,3.778081467550197,0,0
2020-12-11,0.0069179550531662335,0.33296859620680497,1.7344898379100415,1.8987637147560823,0,0
2020-12-14,-0.0005953084308432017,0.33237328777596176,1.687799752255327,2.092797442414166,0,0
2020-12-15,-0.0003610472527497328,0.33201224052321204,1.65218021425005,2.223626714480909,0,0
2020-12-16,-0.002852155213886877,0.32916008530932517,1.6780368670505252,3.0407597208407964,0,0
2020-12-17,0.006261078166247264,0.33542116347557244,1.6985732797952726,1.3454484471467267,0,0
2020-12-18,0.006049981950656189,0.34147114542622864,1.6911923885613422,0.0,0,0
2020-12-21,-0.0019558222793000933,0.33951532314692856,1.5780097761991498,0.5603375185806656,0,0
2020-12-22,-0.0020133137547452707,0.3375020093921833,1.4606123939588385,1.1384708922146323,0,0
2020-12-23,-0.0005466284051808285,0.33695538098700245,1.4593887713671065,1.3193577525262237,0,0
2020-12-24,-0.00046649733563452686,0.3364888836513679,1.5005901031960047,1.4791399793635638,0,0
2020-12-25,-0.003831073329703713,0.3326578103216642,1.515854316634945,2.566453740431884,0,0
2020-12-28,0.0038718849546618495,0.33652969527632604,1.5804465776872683,1.5326120325317516,0,0
2020-12-29,-3.824827708367507e-05,0.3364914469992424,1.6329293362521033,1.5751420064970165,0,0
2020-12-30,0.0036856123544041844,0.34017705935364656,1.663348880093823,0.5874969446095002,0,0
2020-12-31,-0.0019404164519751187,0.33823664290167144,1.5991851647187918,1.156215634427952,0,0
2021-01-01,0.0023454122602553687,0.3405820551619268,1.5733500005263483,0.5368267465735478,0,0
2021-01-04,-0.00010205181242374723,0.34048000334950307,1.8888680730410714,0.5972732839153737,0,0
2021-01-05,-0.0033657430647678855,0.3371142602847352,1.8517634620111207,1.572594603562862,0,0
2021-01-06,0.006245933105720562,0.34336019339045576,1.8214595726187748,0.0,0,0
2021-01-07,-0.00020189168362973707,0.34315830170682604,1.7607852089576213,0.08796817041567134,0,0
2021-01-08,-0.001490011547381121,0.34166829015944494,1.7479257683813407,0.5353534356608073,0,0
2021-01-11,0.0043602427382318145,0.34602853289767677,1.7571947322101034,0.0,0,0
2021-01-12,0.011917258504401285,0.35794579140207805,1.9206971995829327,0.0,0,0
2021-01-13,-0.0015145373250542743,0.35643125407702375,1.9042511350569193,0.4325000384832466,0,0
2021-01-14,0.0016998963798075984,0.35813115045683136,1.9620284217007855,0.012820481157861163,0,0
2021-01-15,0.006215041483506113,0.36434619194033746,2.0348715990889152,0.0,0,0
2021-01-18,0.0007402585224535053,0.365086450462791,2.0188530394206867,0.0,0,0
2021-01-19,0.002920619171447219,0.3680070696342382,1.9211112076569754,0.0,0,0
2021-01-20,-0.0055528244221055775,0.3624542452121326,1.8187591712612563,1.5111300682335105,0,0
2021-01-21,0.001980551860852795,0.3644347970729854,1.809954363483781,1.0191367183726596,0,0
2021-01-22,0.008690386640218473,0.37312518371320386,1.9160546645413399,0.0,0,0
2021-01-25,0.0037383091364557633,0.37686349284965964,2.191434524033927,0.0,0,0
2021-01-26,0.0021687838557331255,0.37903227670539275,2.238083177363659,0.0,0,0
2021-01-27,-0.002022443297621337,0.3770098334077714,2.2922980132172786,0.5587055968657965,0,0
2021-01-28,0.0030399487663010203,0.3800497821740724,2.28686061138434,0.0,0,0
2021-01-29,-7.222317881204845e-05,0.37997755899526037,2.3333102461511492,0.05093658367589876,0,0
2021-02-01,-0.0021060806695399723,0.3778714783257204,2.2875728037008454,0.6380777355719037,0,0
2021-02-02,-0.0033436340353538326,0.37452784429036656,2.273208410482282,1.554942466769524,0,0
2021-02-03,-0.002347779255636846,0.3721800650347297,2.1007524505423842,2.209041180234883,0,0
2021-02-04,0.0034016558891996574,0.3755817209239294,2.0925351428936776,1.3365259376094234,0,0
2021-02-05,0.0019674861810216712,0.37754920710495105,2.077548033885754,0.8448194157495027,0,0
2021-02-08,0.0043468796338825685,0.38189608673883363,2.1935930758354063,0.0,0,0
2021-02-09,0.0010809145934698341,0.38297700133230345,2.1959286444952792,0.0,0,0
2021-02-10,-0.002648956144757149,0.3803280451875463,2.0914122100726007,0.7424106932978561,0,0
2021-02-11,-0.0014558319144972551,0.37887221327304904,2.094586272433028,1.1659627425400592,0,0
2021-02-12,-0.0013828706548003685,0.3774893426182487,1.9502279187734932,1.5717138003486895,0,0
2021-02-15,0.0017150225419058714,0.37920436516015454,1.9334361051982942,1.1379048560397695,0,0
2021-02-16,0.007284968516098125,0.38648933367625266,1.989302230791741,0.0,0,0
2021-02-17,-0.004925562425758032,0.3815637712504946,1.9183849557922465,1.353690455221561,0,0
2021-02-18,-0.00041211025776844215,0.3811516609927262,1.9853691751227514,1.4958103773037636,0,0
2021-02-19,0.0012232501484854374,0.38237491114121164,1.914618180952186,1.1991122750413248,0,0
2021-02-22,-0.0014466437229619694,0.38092826741824964,1.8664272568941584,1.6218650489506303,0,0
2021-02-23,0.0017810280127315812,0.3827092954309812,1.9667623524536464,1.1704541983653347,0,0
2021-02-24,0.0032997873203031124,0.3860090827512843,2.1485646108546566,0.3028423528344336,0,0
2021-02-25,0.0049850233194832835,0.3909941060707676,2.2680471400987816,0.0,0,0
2021-02-26,0.003876679290291507,0.39487078536105913,2.3955780670343088,0.0,0,0
2021-03-01,-0.0006276382774996849,0.39424314708355945,2.3784490259180155,0.20237245413683969,0,0
2021-03-02,0.003971692287631037,0.3982148393711905,2.3410023108821085,0.0,0,0
2021-03-03,0.0020213827826556048,0.40023622215384613,2.2620236210948073,0.0,0,0
2021-03-04,-0.002925151763548956,0.39731107039029717,2.143382446923231,0.8328694620722307,0,0
2021-03-05,-0.002295119617887681,0.3950159507724095,2.2880467877054684,1.4945442742971928,0,0
2021-03-08,0.001107459142347614,0.3961234099147571,2.274769953606319,1.2216637170525162,0,0
2021-03-09,-0.003730655607579776,0.3923927543071773,2.1985693814804668,2.286135884845362,0,0
2021-03-10,-0.0027557228382107603,0.38963703146896655,2.179456024028843,3.0805055415518687,0,0
2021-03-11,0.00467533556940352,0.3943123670383701,2.3252652969108536,1.8159784373659864,0,0
2021-03-12,-0.0004100054290279722,0.3939023616093421,2.2104403623157163,1.9612458392139287,0,0
2021-03-15,-0.000514132789298216,0.3933882288200439,2.2569866440958637,2.1360890270943527,0,0
2021-03-16,0.00019397111185577836,0.39358219993189963,2.2064103365878807,2.113904351827792,0,0
2021-03-17,-0.003198343536289075,0.3903838563956106,2.0204740729898574,3.04466500344093,0,0
2021-03-18,0.0025420239084417246,0.3929258803040523,2.0048791814825795,2.3615621074462436,0,0
2021-03-19,-0.00713299612406513,0.38579288417998714,2.066555820466324,4.4058522210955235,0,0
2021-03-22,0.0016859366059688457,0.38747882078595597,2.06197979636607,3.9703603098446574,0,0
2021-03-23,-0.001370291190070302,0.38610852959588565,2.0616155308250534,4.384060710418849,0,0
2021-03-24,-0.00023996672585670394,0.38586856287002896,2.1935600022930113,4.483242442406445,0,0
2021-03-25,-0.0014263350042617935,0.38444222786576715,2.424824249586331,4.91681985233754,0,0
2021-03-26,0.003326621603140581,0.3877688494689077,2.453340372130296,4.007712853972859,0,0
2021-03-29,0.0020290877506499,0.38979793721955763,2.4878814594415823,3.465306835714648,0,0
2021-03-30,0.006175848712705622,0.39597378593226323,2.611239981237369,1.7422258872672958,0,0
2021-03-31,0.00028958394154350846,0.3962633698738067,2.5885224532455493,1.6929053268806906,0,0
2021-04-01,0.002369848344616273,0.398633218218423,2.7457212424738917,1.055511670930312,0,0
2021-04-02,-0.00553706282223743,0.3930961553961856,2.525451439069324,2.6565368887091605,0,0
2021-04-05,0.0017928251840268565,0.39488898058021243,2.5999926704137706,2.1847321911007844,0,0
2021-04-06,0.003722671400144556,0.398611651980357,2.6179324938434854,1.1660963993014841,0,0
2021-04-07,0.0004142655829359266,0.3990259175632929,2.5892960322234653,1.0812576205516768,0,0
2021-04-08,-0.0008571998076269056,0.39816871775566604,2.4510791832704086,1.3564304752089824,0,0
2021-04-09,0.0020486518088433884,0.40021736956450943,2.5036236456504475,0.8041285657115661,0,0
2021-04-12,0.0030213570211296177,0.40323872658563903,2.631636102536328,0.0,0,0
2021-04-13,0.0010392367599952686,0.4042779633456343,2.6354184258692586,0.0,0,0
2021-04-14,-0.0013189709272404637,0.40295899241839384,2.616220121693216,0.4121754511412778,0,0
2021-04-15,-0.003168106763986334,0.3997908856544075,2.521444793869418,1.361845837484121,0,0
2021-04-16,-0.0033845590175280863,0.3964063266368794,2.3857463816670688,2.3751031260154507,0,0
2021-04-19,-0.001832107100463729,0.3945742195364157,2.38337006015782,2.938388427821728,0,0
2021-04-20,-0.0017381690902060693,0.3928360504462096,2.403419679390725,3.4765240740138523,0,0
2021-04-21,-0.0007907037716314283,0.3920453466745782,2.303693495513275,3.739763203817643,0,0
2021-04-22,-0.0009744426723601544,0.39107090400221806,2.2167510431723505,4.058295901575181,0,0
2021-04-23,0.00453035926568315,0.3956012632679012,2.2787305074826225,2.7511277342131795,0,0
2021-04-26,-0.0011549168090885073,0.39444634645881266,2.266554256649271,3.1229861763798334,0,0
2021-04-27,2.1804234458249307e-05,0.3944681506932709,2.3640017296096913,3.1485463754564535,0,0
2021-04-28,-0.0012208884900811743,0.39324726220318973,2.152254421516295,3.5437485534595297,0,0
2021-04-29,0.0009181011670227192,0.39416536337021246,2.2511105846348283,3.3012668592328946,0,0
2021-04-30,4.083266333506502e-05,0.3942061960335475,2.1953993133709715,3.3210027127232684,0,0
2021-05-03,0.0047188649765978335,0.39892506101014535,2.2473074519731586,1.926413479227973,0,0
2021-05-04,-0.006161838720811328,0.392763222289334,2.1213344109898924,3.8102814288711864,0,0
2021-05-05,0.0026418016124852904,0.3954050239018193,2.1496273060459803,3.059182960932621,0,0
2021-05-06,0.0068758611441893285,0.4022808850460086,2.3373042761683527,1.048442619025542,0,0
2021-05-07,0.004827016299566628,0.40710790134557523,2.4186356042183133,0.0,0,0
2021-05-10,0.0007076923659353235,0.40781559371151055,2.5639447109520512,0.0,0,0
2021-05-11,0.0012581701859524991,0.409073763897463,2.5188399736721343,0.0,0,0
2021-05-12,0.0010715709728338048,0.4101453348702968,2.6296124567095562,0.0,0,0
2021-05-13,-0.0006437859001372859,0.4095015489701595,2.594717197888322,0.22178741942783764,0,0
2021-05-14,-0.0026984781775852623,0.4068030707925742,2.497172286526901,1.0537073304201188,0,0
2021-05-17,0.0036815133135083156,0.4104845841060825,2.57637445480903,0.0,0,0
2021-05-18,-0.00021697961886784647,0.41026760448721467,2.555474727815574,0.0963896048373166,0,0
2021-05-19,-0.0013651027367473298,0.40890250175046733,2.5015369730400883,0.5357773104368135,0,0
2021-05-20,0.0029105212052055367,0.41181302295567285,2.5468844407415574,0.0,0,0
2021-05-21,0.0007865380747703525,0.4125995610304432,2.500849288842246,0.0,0,0
2021-05-24,-0.003692166490221473,0.40890739454022174,2.3287724898713855,1.146733158826802,0,0
2021-05-25,7.205465207870727e-05,0.40897944919230045,2.331422849036031,1.1570181777125443,0,0
2021-05-26,-0.002064121305478296,0.40691532788682216,2.4264777951049505,1.814955424231988,0,0
2021-05-27,0.0007794904921500458,0.4076948183789722,2.4850188579784454,1.6097604829104029,0,0
2021-05-28,-0.0003340530369116792,0.4073607653420605,2.3700768494677185,1.7439797455374948,0,0
2021-05-31,0.0030699530274369983,0.4104307183694975,2.458305143412697,0.8312929106890311,0,0
2021-06-01,-0.004721516328955375,0.4057092020405421,2.3454038600317255,2.317120918965157,0,0
2021-06-02,0.007481031735984451,0.4131902337765266,2.3657987154718123,0.06021108650236995,0,0
2021-06-03,0.00565563790068742,0.418845871677214,2.4801079355864357,0.0,0,0
2021-06-04,-0.001481100966279041,0.417364770710935,2.495480120795376,0.4698851425171794,0,0
2021-06-07,0.000743214419471313,0.4181079851304063,2.5183046625688257,0.28114173806579595,0,0
2021-06-08,0.0026590945704475467,0.42076707970085386,2.454407023517574,0.0,0,0
2021-06-09,-5.4409244604952016e-05,0.42071267045624894,2.578102760223134,0.04829367227879369,0,0
2021-06-10,0.0021579965699877954,0.4228706670262367,2.702132928682771,0.0,0,0
2021-06-11,-0.0075545708887219815,0.41531609613751475,2.7602387235672734,2.3137409688927795,0,0
2021-06-14,-0.0018448129803212874,0.41347128315719345,2.7244147690476344,2.8899539594180013,0,0
2021-06-15,0.002219808811191527,0.415691091968385,2.753778352279076,2.2644758415160022,0,0
2021-06-16,0.002731098658341759,0.41842219062672675,2.7684115926202395,1.484907927639552,0,0
2021-06-17,-0.0001913267043275995,0.41823086392239917,2.7264592364826705,1.5738838442673215,0,0
2021-06-18,8.213984096353422e-06,0.4182390779064955,2.664186691717908,1.6034332648072431,0,0
2021-06-21,-0.0008542269482028561,0.41738485095829264,2.615235799179446,1.8927353108512728,0,0
2021-06-22,0.00022957924201498189,0.41761443020030764,2.5879809844842177,1.8552215084037391,0,0
2021-06-23,0.006204378457554139,0.42381880865786176,2.792837166665242,0.0,0,0
2021-06-24,-0.00023331444017575542,0.423585494217686,2.7415055858204367,0.10204413455670301,0,0
2021-06-25,0.0065268751494246685,0.43011236936711067,2.8460857986559884,0.0,0,0
2021-06-28,0.0009976305601126566,0.4311099999272233,2.8494524888399075,0.0,0,0
2021-06-29,-0.0011684768464417276,0.4299415230807816,2.8064862940438187,0.38091061654532926,0,0
2021-06-30,-0.0007470712649445611,0.42919445181583704,2.9731939826635787,0.6371253473623353,0,0
2021-07-01,-0.0020110800803013877,0.42718337173553567,2.916454144928558,1.2760041949375174,0,0
2021-07-02,0.003836464999427996,0.43101983673496364,3.0750462020940903,0.14608706836648966,0,0
2021-07-05,-0.00025490907919934586,0.4307649276557643,2.9726124772107094,0.2551442724322128,0,0
2021-07-06,0.002548551271887481,0.43331347892765176,2.9845346668133645,0.0,0,0
2021-07-07,-0.0011594488767098295,0.43215403005094194,2.9609368029503504,0.38529043004051233,0,0
2021-07-08,0.0007688441290041805,0.4329228741799461,2.965452953191923,0.18184832265687845,0,0
2021-07-09,0.0032285467508877375,0.43615142093083387,3.015453586341528,0.0,0,0
2021-07-12,-0.002231505398477109,0.43391991553235676,2.9893082380710494,0.7191706643190525,0,0
2021-07-13,-0.0026819735377774283,0.4312379419945793,2.8784487331305026,1.5795716468209282,0,0
2021-07-14,-0.004298914172526068,0.42693902782205323,2.8238708599965623,2.9418026429408153,0,0
2021-07-15,0.004927475075892113,0.43186650289794537,2.804997852169179,1.4557868626293078,0,0
2021-07-16,-0.0015351955430670454,0.43033130735487835,2.6850692631639674,1.9572456595381085,0,0
2021-07-19,0.002180791589055661,0.432512098943934,2.8149534296686674,1.3193816008955563,0,0
2021-07-20,-0.0017821384414585337,0.4307299605024755,2.8267883593100716,1.900551266937896,0,0
2021-07-21,-0.004062386597506241,0.42666757390496923,2.850571730557823,3.1894238203453904,0,0
2021-07-22,0.004195542195712906,0.4308631161006821,2.937603185136984,1.9276727413012884,0,0
2021-07-23,-0.0015967049457294258,0.4292664111549527,2.811610367471413,2.4501562778420247,0,0
2021-07-26,0.0021167802929470867,0.43138319144789977,2.8712129975515768,1.8290803052661557,0,0
2021-07-27,0.004262733841063127,0.4356459252889629,2.9483064810704174,0.5415653675814571,0,0
2021-07-28,-0.002497263680555979,0.4331486616084069,2.911960836826606,1.3433301396509747,0,0
2021-07-29,-0.00794944433919442,0.4251992172692125,2.7211507151573513,3.8314271966154836,0,0
2021-07-30,-0.00018416436198542526,0.4250150529072271,2.7032332769684055,3.9187600366659354,0,0
2021-08-02,-0.006046950379279709,0.41896810252794736,2.7452191503683188,5.7777848881631675,0,0
2021-08-03,0.0010944138832471263,0.42006251641119446,2.7071159720431845,5.483482074830017,0,0
2021-08-04,-0.0022787402346936946,0.41778377617650075,2.653304596458419,6.198437355006979,0,0
2021-08-05,0.002209689300948505,0.41999346547744926,2.543901167804028,5.5661565503966735,0,0
2021-08-06,0.0024205794565378786,0.42241404493398715,2.610433206201314,4.868130438395686,0,0
2021-08-09,-0.00035304170303218597,0.42206100323095497,2.591497869206057,5.006902117788495,0,0
2021-08-10,-0.0001343218816943425,0.42192668134926065,2.5686084093699626,5.079763886198093,0,0
2021-08-11,-0.0013166109706986158,0.420610070378562,2.6254251091086873,5.5145218813178225,0,0
2021-08-12,0.013989218794200646,0.43459928917276264,2.8115067242049814,1.2465165845971127,0,0
2021-08-13,-0.003127283464674401,0.43147200570808825,2.711133604321735,2.155712171192417,0,0
2021-08-16,0.02199117984091703,0.4534631855490053,3.1565104682832374,0.0,0,0
2021-08-17,0.002537080411684183,0.45600026596068943,3.1996526214473526,0.0,0,0
2021-08-18,-0.0009315513157153851,0.45506871464497406,3.1891141068811844,0.25187222112283325,0,0
2021-08-19,-0.0016694796667999319,0.45339923497817414,3.126536883609638,0.6800802379465354,0,0
2021-08-20,-0.0003936302639379592,0.4530056047142362,3.181913725359824,0.8059608761788131,0,0
2021-08-23,0.0018803755410056596,0.45488598025524185,3.2302476188268114,0.3869708224579363,0,0
2021-08-24,-0.0037682146401015683,0.4511177656151403,3.159879204351644,1.3269319909039397,0,0
2021-08-25,-0.0013962379712147534,0.44972152764392553,3.111202033130682,1.6957048159390413,0,0
2021-08-26,-0.00380806669058357,0.44591346095334194,3.039144512182431,2.6509078274253066,0,0
2021-08-27,-0.0011372647450449635,0.444776196208297,2.9925106809992843,2.9588595747049133,0,0
2021-08-30,0.0018688322209353752,0.44664502842923237,2.990987650010459,2.534995742312855,0,0
2021-08-31,0.00667254612289696,0.45331757455212934,3.1227543607318036,0.9318833830307576,0,0
2021-09-01,-0.0008204216089863631,0.45249715294314297,3.170500526239121,1.1630337054652469,0,0
2021-09-02,-0.002376259627492965,0.45012089331565003,3.0941061865969584,1.7750405995630678,0,0
2021-09-03,-0.002050904294745037,0.448069989020905,2.9847414329199617,2.309553469890086,0,0
2021-09-06,0.0015940902433068552,0.44966407926421187,3.0277689556951346,1.9492980771165842,0,0
2021-09-07,-0.004220081525184679,0.4454439977390272,2.9026637488684885,3.0248440767051976,0,0
2021-09-08,0.0017255346824292916,0.4471695324214565,2.886048404840972,2.6303829652230437,0,0
2021-09-09,0.0036989430340479057,0.4508684754555044,2.9918057720084743,1.7438630375736823,0,0
2021-09-10,-0.002223347202475698,0.4486451282530287,2.9694629559148096,2.3284746794347755,0,0
2021-09-13,0.001305111726648314,0.44995023997967704,2.9699667922367334,2.034802730639907,0,0
2021-09-14,0.00738237322171833,0.45733261320139534,3.06575275564602,0.21506312549301065,0,0
2021-09-15,0.0003083461538160118,0.4576409593552114,2.9716432553906538,0.17078555144798574,0,0
2021-09-16,0.002080989289510298,0.45972194864472166,3.005112797243945,0.0,0,0
2021-09-17,-0.00014638930745363126,0.459575559337268,2.962763216174904,0.06858951359794116,0,0
2021-09-20,-0.003047821954572628,0.45652773738269536,2.795948864882198,0.8666055442829225,0,0
2021-09-21,-0.0005492750090506726,0.4559784623736447,2.7482896600428517,1.0369924291328558,0,0
2021-09-22,0.004789502711746334,0.46076796508539103,2.9265166210005824,0.0,0,0
2021-09-23,-0.003560427819143313,0.45720753726624774,2.7845209937299433,0.931637983764428,0,0
2021-09-24,-0.004881575350222628,0.45232596191602514,2.639727176154035,2.1984489083496417,0,0
2021-09-27,-0.001189469846745774,0.45113649206927936,2.566510397817214,2.530433652293302,0,0
2021-09-28,0.004132468327083187,0.45526896039636255,2.622911812417782,1.5147751244782293,0,0
2021-09-29,0.005266065742452276,0.4605350261388148,2.7036915192804627,0.2124735309615231,0,0
2021-09-30,0.0022158025597902586,0.46275082869860507,2.7108213104530705,0.0,0,0
2021-10-01,-0.003909282734100082,0.458841545964505,2.671952078421478,1.0220471617326983,0,0
2021-10-04,-0.005157720065067756,0.45368382589943723,2.6196051812853467,2.3604136808235996,0,0
2021-10-05,0.005461718511242816,0.45914554441068006,2.687166365087147,1.0146477554682196,0,0
2021-10-06,0.0033913539662272928,0.46253689837690737,2.7175612441170336,0.1955322108725439,0,0
2021-10-07,0.000507381305603273,0.46304427968251066,2.6495484360964876,0.10000242948475677,0,0
2021-10-08,0.0007329560832149585,0.4637772357657256,2.6493224351034024,0.0,0,0
2021-10-11,-0.003257353127867629,0.460519882637858,2.58325398633732,0.8600713309156921,0,0
2021-10-12,0.00881712163583278,0.46933700427369074,2.8409834993733236,0.0,0,0
2021-10-13,-0.0029611341089957363,0.466375870164695,2.815708200615992,0.7692115361020322,0,0
2021-10-14,-0.0019294952772349028,0.4644463748874601,2.7849402329359596,1.282851266035284,0,0
2021-10-15,0.006400224375704417,0.4708465992631645,2.770296214004814,0.0,0,0
2021-10-18,0.0009269215942752495,0.4717735208574398,2.7610149894798792,0.0,0,0
2021-10-19,0.0032388582535798913,0.4750123791110197,2.8253554852911256,0.0,0,0
2021-10-20,0.0007160281261492699,0.47572840723716897,2.8143903750886454,0.0,0,0
2021-10-21,-0.004312504289288854,0.4714159029478801,2.6695590952832795,1.117673577648932,0,0
2021-10-22,-0.0021219096165760137,0.4692939933313041,2.653642209788269,1.6833220357967855,0,0
2021-10-25,0.011459118209281274,0.48075311154058537,2.7180623974653697,0.0,0,0
2021-10-26,0.0002666642784574137,0.48101977581904276,2.7088320442908342,0.0,0,0
2021-10-27,-0.008090234885859368,0.4729295409331834,2.528124497834592,2.004964461425088,0,0
2021-10-28,0.0013984249045818518,0.47432796583776526,2.507492621336132,1.7014694115980507,0,0
2021-10-29,0.0009983583521583584,0.4753263241899236,2.5074060905773496,1.4927265144080861,0,0
2021-11-01,0.004750364993941721,0.4800766891838653,2.604052374895684,0.37294646720037883,0,0
2021-11-02,0.004123133499777836,0.48419982268364314,2.5725397943064747,0.0,0,0
2021-11-03,0.0028469363211039715,0.48704675900474714,2.541063981453701,0.0,0,0
2021-11-04,0.0017713090450748668,0.48881806804982203,2.5660580053280384,0.0,0,0
2021-11-05,-0.0006593454390648216,0.4881587226107572,2.553105304083805,0.19281934322871108,0,0
2021-11-08,-0.0027881521967363715,0.4853705704140208,2.5097997062065405,0.9086775385811403,0,0
2021-11-09,-0.002863189122032179,0.4825073812919886,2.4758559964368336,1.6450968945890982,0,0
2021-11-10,-0.005428341708472518,0.4770790395835161,2.3405606324329273,3.016483485673924,0,0
2021-11-11,-0.0033910473304388637,0.47368799225307723,2.2715055310526497,3.8814033663137892,0,0
2021-11-12,0.0030755283683242918,0.47676352062140154,2.4289203802434254,3.1566676722466527,0,0
2021-11-15,-0.00037218025631174944,0.4763913403650898,2.3581907266461632,3.2804787713444408,0,0
2021-11-16,0.00027333592883667363,0.47666467629392645,2.408181968119199,3.244679780961204,0,0
2021-11-17,0.004416767176229807,0.48108144347015624,2.5476072819574718,2.1746751583836152,0,0
2021-11-18,-0.0014744191357927634,0.4796070243343635,2.5846314694748185,2.5741099071797913,0,0
2021-11-19,-0.007456961187774202,0.47215006314658925,2.4549470133773754,4.473695950515361,0,0
2021-11-22,0.0024121035151227765,0.474562166661712,2.4880599500689193,3.910050590225362,0,0
2021-11-23,-0.006845627562814699,0.4677165390988973,2.279489172629307,5.638845597936288,0,0
2021-11-24,-0.0010679606823794153,0.4666485784165179,2.279509511332999,5.932752807732889,0,0
2021-11-25,-0.0015511148074055848,0.4650974636091123,2.2532389538649618,6.3471959731759595,0,0
2021-11-26,-0.0020287166425496175,0.4630687469665627,2.2543331426822597,6.881864533042539,0,0
2021-11-29,0.006011940456330569,0.46908068742289327,2.384884332064042,5.41784809381179,0,0
2021-11-30,-0.0015111115486673187,0.46756957587422593,2.2557459014525794,5.823240416001588,0,0
2021-12-01,0.0003211305170240579,0.46789070639124997,2.271497813782045,5.7755058557452505,0,0
2021-12-02,-0.004586470729062238,0.4633042356621877,2.1928686040026766,6.952992162317409,0,0
2021-12-03,-0.004671747616516164,0.4586324880456715,2.157795277580423,8.14969065840857,0,0
2021-12-06,-0.0019434890947587346,0.4566889989509128,2.02875267256366,8.66523214554807,0,0
2021-12-07,-0.007715313884700031,0.44897368506621277,1.7896172605435587,10.625283048452342,0,0
2021-12-08,0.007447464468590953,0.4564211495348037,1.9345922031749168,8.82456680545038,0,0
2021-12-09,0.0014626730348640876,0.4578838225696678,1.9935302280561829,8.501410244433833,0,0
2021-12-10,-0.007086972170720372,0.45079685039894746,1.870909149617462,10.262977464793734,0,0
2021-12-13,0.006502410929576511,0.45729926132852394,1.9759684394566275,8.725932323226653,0,0
2021-12-14,0.00381273123821032,0.46111199256673424,2.103157657098102,7.845544705358818,0,0
2021-12-15,-0.0020178535832686543,0.45909413898346557,2.008086488217267,8.360896978907988,0,0
2021-12-16,0.0012258704023197355,0.4603200093857853,2.0287254744425356,8.097968479535767,0,0
2021-12-17,-0.0005587110372158031,0.45976129834856955,1.9616053683413532,8.2651109491294,0,0
2021-12-20,-0.0008105517278266517,0.4589507466207429,1.9812551644018785,8.494279901025388,0,0
2021-12-21,0.0010395175550341803,0.4599902641757771,1.9606606954687507,8.272028070223609,0,0
2021-12-22,0.0027757921012130835,0.4627660562769902,2.006580046637608,7.621414988805881,0,0
2021-12-23,-0.001365107308793254,0.46140094896819694,2.042551604311096,7.9901655000853,0,0
2021-12-24,-0.0023007031161223204,0.45910024585207465,1.9086987327863885,8.592618467047872,0,0
2021-12-27,0.0026219960395257834,0.46172224189160044,1.9541501902269396,7.97198817310108,0,0
2021-12-28,-0.003963187889085043,0.4577590540025154,1.9092973616460462,8.993740604666144,0,0
2021-12-29,-0.00946908795926428,0.4482899660432511,1.6633650651413578,11.390781315734879,0,0
2021-12-30,-0.004485465919787775,0.44380450012346334,1.4172721906551398,12.514662649915413,0,0
2021-12-31,0.00606463575560946,0.4498691358790728,1.5363043606875204,11.07201789327898,0,0
2022-01-03,0.002374407576617934,0.45224354345569073,1.5469250702478559,10.530530810779387,0,0
2022-01-04,-0.0018564700223062279,0.4503870734333845,1.4199060870542075,11.012675884507784,0,0
2022-01-05,-0.0019019274244798426,0.44848514600890466,1.37539563540091,11.507969367444458,0,0
2022-01-06,-0.004190043019164156,0.4442951029897405,1.2558190204541926,12.565252251002363,0,0
2022-01-07,-0.0036580999888728037,0.4406370030008677,1.2902672554625778,13.49210945439964,0,0
2022-01-10,-0.0026082960741951313,0.4380287069266726,1.2136040118281342,14.162893953962225,0,0
2022-01-11,0.0007641075571702302,0.43879281448384283,1.0934363369244564,14.007132743477204,0,0
2022-01-12,-0.0025155103744847404,0.4362773041093581,0.9899271997779774,14.6607526346905,0,0
2022-01-13,-0.0051740059224155465,0.43110329818694254,0.8645522327262912,15.975845882343132,0,0
2022-01-14,0.00018466368516554046,0.4312879618721081,0.9018177389993821,15.962230021244846,0,0
2022-01-17,-0.0038149195052845242,0.4274730423668236,0.7870486610552421,16.942244750035446,0,0
2022-01-18,-4.284503560829194e-05,0.4274301973312153,0.7875377945560077,16.984907137595616,0,0
2022-01-19,-0.002534271829569856,0.42489592550164546,0.7802006999482299,17.650698128314048,0,0
2022-01-20,0.0022432363459216815,0.4271391618475671,0.8739003497694801,17.119771335677846,0,0
2022-01-21,-0.003810575233459407,0.4233285866141077,0.8484783734973879,18.111811031620576,0,0
2022-01-24,-0.0017950369261707933,0.42153354968793694,0.762939442845253,18.596262705980493,0,0
2022-01-25,0.0011256132833540457,0.42265916297129097,0.7491993229385737,18.34325419804885,0,0
2022-01-26,-0.010366924481448228,0.41229223848984276,0.49847594990573313,21.014244715078142,0,0
2022-01-27,-0.007831814892818686,0.40446042359702405,0.3494121211663816,22.97493548208468,0,0
2022-01-28,0.006089853937275834,0.4105502775342999,0.4897143854332412,21.530132836127162,0,0
2022-01-31,-0.004445004195133842,0.4061052733391661,0.4402209961378273,22.632834524044988,0,0
2022-02-01,0.0021481007406447105,0.40825337407981077,0.4971762516253692,22.14785340874337,0,0
2022-02-02,0.0027490773658323973,0.4110024514456432,0.5135952690359046,21.51543147026167,0,0
2022-02-03,0.001473612661580513,0.4124760641072237,0.4224719706193549,21.190131719102638,0,0
2022-02-04,-0.0027792996966651473,0.4096967644105586,0.45839504356189786,21.899443395699485,0,0
2022-02-07,-0.006024444932797026,0.40367231947776155,0.3651472236044175,23.40416693689554,0,0
2022-02-08,0.014669993863629865,0.41834231334139144,0.5676690147449654,19.87383571553947,0,0
2022-02-09,0.004109200273026514,0.42245151361441796,0.6542908116298891,18.968922214354283,0,0
2022-02-10,0.0037109040228543895,0.42616241763727236,0.6838562515596542,18.154228385576705,0,0
2022-02-11,0.0018910330980007376,0.4280534507352731,0.6622463281250126,17.754064476526544,0,0
2022-02-14,-0.006725004718658805,0.42132844601661434,0.4763993329953374,19.330222195638783,0,0
2022-02-15,0.008798499159900192,0.4301269451765145,0.549570472993018,17.357854714450713,0,0
2022-02-16,0.0013819795543607307,0.43150892473087527,0.5808300917281716,17.080354639275203,0,0
2022-02-17,-0.001631613543587822,0.42987731118728745,0.4941916815884207,17.479693853448147,0,0
2022-02-18,0.0019039274198145429,0.431781238607102,0.49238430959966134,17.08092074482531,0,0
2022-02-21,-0.0009014072089613568,0.4308798313981406,0.5245012944999015,17.317842902562457,0,0
2022-02-22,0.0046923256592209285,0.4355721570573616,0.6325443093386606,16.277248738164737,0,0
2022-02-23,0.012191692060434873,0.44776384911779643,0.791735562118741,13.524804190351972,0,0
2022-02-24,-0.00931654871899955,0.43844730039879687,0.6999476732796537,15.606601478595238,0,0
2022-02-25,0.00035318854635031345,0.43880048894514717,0.7479446898028954,15.562294190408345,0,0
2022-02-28,0.0009549610925834323,0.4397554500377306,0.6929144833445299,15.386768364110067,0,0
2022-03-01,5.4955853984455395e-05,0.43981040589171505,0.7000313474691053,15.406768229540258,0,0
2022-03-02,-0.0004210885619387426,0.4393893173297763,0.7014600013491734,15.531329782379448,0,0
2022-03-03,0.0009024476836843711,0.4402917650134607,0.7122206600145173,15.363848175169364,0,0
2022-03-04,0.007057269028183992,0.44734903404164467,0.8650485642665776,13.827136199579845,0,0
2022-03-07,0.011309540378246183,0.45865857441989083,0.9849696859419322,11.366040181296315,0,0
2022-03-08,-0.0004201419080619975,0.45823843251182883,1.092247496040303,11.488011170789576,0,0
2022-03-09,-0.00035150484973248564,0.4578869276620963,1.0617181110265548,11.595717879408449,0,0
2022-03-10,0.001767192090303107,0.45965411975239945,1.1090987271286066,11.244965786945512,0,0
2022-03-11,0.001842329900642221,0.46149644965304165,1.1402278880245036,10.875968961335843,0,0
2022-03-14,0.00030861486609036416,0.461805064519132,1.166782315437083,10.840478209779457,0,0
2022-03-15,-0.0031131083258718866,0.45869195619326014,1.0693650371670507,11.557310004150205,0,0
2022-03-16,0.0014348442614107147,0.46012680045467086,1.06061317398312,11.27271471661854,0,0
2022-03-17,0.00415273555928228,0.46427953601395316,1.0324282540995453,10.383633186093341,0,0
2022-03-18,0.0048308160312651475,0.46911035204521834,1.09847263258156,9.343217070429114,0,0
2022-03-21,-0.001277311560405632,0.4678330404848127,1.0437053579889286,9.658541160642086,0,0
2022-03-22,0.00109677437902147,0.46892981486383417,1.1481135444175332,9.445984439221592,0,0
2022-03-23,-0.0031207426740296994,0.4658090721898045,1.0725694610004133,10.177665443611284,0,0
2022-03-24,0.0017888588871180014,0.4675979310769225,1.0444686812799036,9.807430832454909,0,0
2022-03-25,0.0046945992786433,0.4722925303555658,1.1068091836522245,8.778691222944753,0,0
2022-03-28,-0.0019029290290462056,0.4703896013265196,1.0905775549639865,9.240360133535617,0,0
2022-03-29,-0.00019961595577020256,0.47018998537074935,1.0569755500286195,9.317652913973552,0,0
2022-03-30,0.0006235943599641775,0.4708135797307135,1.0216224931416997,9.207379825826582,0,0
2022-03-31,0.0035613989338641756,0.47437497866457773,1.058517228705332,8.422191868319212,0,0
2022-04-01,-0.00010101099759545103,0.47427396766698227,1.0772057291371673,8.477423376298972,0,0
2022-04-04,-0.003103007518754245,0.471170960148228,1.078243798687312,9.226940016967575,0,0
2022-04-05,0.00027594693112670287,0.4714469070793547,1.1352889130144774,9.194963578866796,0,0
2022-04-06,-0.0023023428325977544,0.46914456424675693,1.1278877660267608,9.763912255545646,0,0
2022-04-07,-0.0007980937209630168,0.4683464705257939,1.1424913663202567,9.982813853800728,0,0
2022-04-08,-0.0024735942952015303,0.46587287623059237,1.1161998471393477,10.597310612245012,0,0
2022-04-11,0.00036015894664530464,0.4662330351772377,1.136586732566644,10.544185141064437,0,0
2022-04-12,0.006518730583376771,0.47275176576061445,1.1638941108393706,9.026429940107832,0,0
2022-04-13,0.00025019426470863286,0.4730019600253231,1.1853802669765734,8.999431060365671,0,0
2022-04-14,-0.0015946645504349103,0.4714072954748882,1.1605206305769669,9.40971160213482,0,0
2022-04-15,0.00292561587658049,0.47433291135146866,1.2224436793639337,8.74429305894431,0,0
2022-04-18,-0.0003138666395503249,0.47401904471191836,1.2038647866697474,8.851345567850483,0,0
2022-04-19,-0.0032984431340231483,0.4707206015778952,1.1518283942521987,9.676531724979961,0,0
2022-04-20,0.003446513691296171,0.47416711526919136,1.133911789012325,8.87798657717721,0,0
2022-04-21,0.004758742355408476,0.4789258576245998,1.3017902165999553,7.76116712604534,0,0
2022-04-22,0.00306963520484947,0.4819954928294493,1.3079332017184258,7.053479690800424,0,0
2022-04-25,-0.008984759944477172,0.47301073288497214,1.0631169519493449,9.256218799330721,0,0
2022-04-26,0.0020417353641179687,0.4750524682490901,1.0232885934570035,8.805133348334921,0,0
2022-04-27,-0.0007123522438181882,0.4743401160052719,1.0018149730948438,9.006439124371642,0,0
2022-04-28,0.0003820027201258922,0.47472211872539777,0.9887300745725717,8.947151438020809,0,0
2022-04-29,8.139207058107095e-06,0.4747302579324559,0.9727797730299904,8.977204250785375,0,0
2022-05-02,-0.0008862807367773034,0.47384397719567856,0.9690728878919,9.223481336332293,0,0
2022-05-03,0.0013223571696832435,0.4751663343653618,1.0305260130325598,8.934030302629846,0,0
2022-05-04,-0.0008320551404314917,0.4743342792249303,0.9636368141976744,9.16935883145202,0,0
2022-05-05,0.0030788938004081227,0.4774131730253384,1.0124893047955954,8.444839137317796,0,0
2022-05-06,0.00500861677651416,0.4824217898018526,1.1061285528106473,7.243124645173311,0,0
2022-05-09,-0.004363693018673698,0.4780580967831789,0.9950414594472731,8.346791486194414,0,0
2022-05-10,-0.002463870135077142,0.47559422664810175,0.9454593585401968,8.983375084769476,0,0
2022-05-11,0.0009834416676445426,0.4765776683157463,1.0173639800190384,8.773187261792996,0,0
2022-05-12,0.0017562761707062815,0.47833394448645256,1.0424299442019598,8.370312242456194,0,0
2022-05-13,-0.0005509794946537529,0.4777829649917988,1.0657510410504154,8.539393294653237,0,0
2022-05-16,-0.005307951734790572,0.4724750132570082,0.9708242057793556,9.899411241393409,0,0
2022-05-17,0.0027650305485945716,0.47524004380560275,1.0165948301707604,9.24264502379956,0,0
2022-05-18,0.003036704111431932,0.4782767479170347,1.0161179744320041,8.515910604182974,0,0
2022-05-19,0.0036556021518044947,0.48193235006883917,1.1433410573625793,7.632305907351916,0,0
2022-05-20,0.0006279622666531963,0.48256031233549235,1.0466404260760462,7.506884014277412,0,0
2022-05-23,0.002239074344409503,0.48479938667990186,0.9979515369510438,6.9743833000377,0,0
2022-05-24,-0.00016404431394536874,0.4846353423659565,1.0182138707652022,7.047913756276508,0,0
2022-05-25,-0.0012372741486313139,0.48339806821732517,0.9880083810584762,7.394900283980494,0,0
2022-05-26,-0.0014259861790750516,0.4819720820382501,0.9265074096354989,7.791820583609977,0,0
2022-05-27,-0.00013005009559027763,0.48184203194265984,0.9253570031248963,7.8572766574173025,0,0
2022-05-30,0.0019406253806594713,0.4837826573233193,0.9221495183618005,7.387299346888389,0,0
2022-05-31,-0.000186570681685567,0.4835960866416337,1.0409740390977797,7.467777946729309,0,0
2022-06-01,-0.00187669891720577,0.48171938772442796,1.0404714792806564,7.9901542661940335,0,0
2022-06-02,0.0006225266504918234,0.4823419143749198,1.016555649496881,7.858787814177976,0,0
2022-06-03,0.002110390143321183,0.484452304518241,1.007402504369353,7.3338249408498335,0,0
2022-06-06,-0.0007771566835938239,0.48367514783464716,0.9983632320374238,7.571757960364137,0,0
2022-06-07,0.002173338023604476,0.48584848585825163,1.0309631551549985,7.0247027988154445,0,0
2022-06-08,0.004544054584279178,0.49039254044253083,1.1110987039580944,5.841345421683085,0,0
2022-06-09,-0.003865405269797853,0.486527135172733,1.0466952213015046,6.904386396928469,0,0
2022-06-10,-0.0032841762633993286,0.48324295890933366,0.9049674288640088,7.812077418847747,0,0
2022-06-13,0.00045225850541855,0.4836952174147522,0.9154265720511142,7.723336127338993,0,0
2022-06-14,-0.004009823883639487,0.4796853935311127,0.7568882254035942,8.83205679774808,0,0
2022-06-15,-0.002395635344099783,0.47728975818701297,0.7045840442868567,9.506750437281116,0,0
2022-06-16,0.0014418119076501337,0.4787315700946631,0.7444337367022487,9.150649881260819,0,0
2022-06-17,0.003332031910354358,0.48206360200501747,0.8058380099147238,8.281328772709998,0,0
2022-06-20,-0.0006714223659138002,0.4813921796391037,0.8266570738278723,8.49515690404867,0,0
2022-06-21,-0.002460510778713402,0.4789316688603903,0.7311511935706334,9.197195294077861,0,0
2022-06-22,0.0011576416168341446,0.4800893104772244,0.7526432255065467,8.91296119045653,0,0
2022-06-23,-0.0013306494557944338,0.47875866102143,0.6937140959882491,9.310369353859457,0,0
2022-06-24,-0.003750127082793783,0.47500853393863623,0.6531316533797906,10.377333835775335,0,0
2022-06-27,-0.005139440127233269,0.46986909381140296,0.5612830283284659,11.827140079874074,0,0
2022-06-28,0.003106840313815879,0.4729759341252188,0.559481560179059,11.00700680207347,0,0
2022-06-29,-0.00629266803868467,0.46668326608653415,0.4957388877804764,12.767686525950936,0,0
2022-06-30,0.005475660962964807,0.47215892704949897,0.6177300308286531,11.312354542391972,0,0
2022-07-01,-0.004240879186694976,0.467918047862804,0.618642373185196,12.488367509307523,0,0
2022-07-04,0.0023479996136894863,0.4702660474764935,0.5808908552227303,11.88810920585874,0,0
2022-07-05,0.0037941063824156436,0.4740601538589091,0.6607317538896735,10.894904198783507,0,0
2022-07-06,-0.0034997708632462238,0.4705603829956629,0.5742881946384708,11.872317357357693,0,0
2022-07-07,-0.007688625369308549,0.46287175762635435,0.4819864118226333,13.982546793170405,0,0
2022-07-08,0.0027710154443791727,0.46564277307073354,0.5851654542152607,13.279437055766508,0,0
2022-07-11,0.0035763979638510648,0.4692191710345846,0.5761699731463733,12.360154236132159,0,0
2022-07-12,0.00228009268827041,0.471499263722855,0.6343048752269013,11.785346500131181,0,0
2022-07-13,0.004872911720801598,0.4763721754436566,0.6743086809985862,10.515762641233183,0,0
2022-07-14,0.005609710303783431,0.48198188574744005,0.6935004459069897,9.055311908401368,0,0
2022-07-15,-0.0026002189389061478,0.4793816668085339,0.6919159360240887,9.77428221926492,0,0
2022-07-18,0.00047890697398805956,0.47986057378252195,0.8241993553213816,9.67938182741935,0,0
2022-07-19,0.0034286747558660135,0.48328924853838795,0.8776673784772041,8.797619578658423,0,0
2022-07-20,-0.004490668554321613,0.47879857998406633,0.9028622319873574,10.027566642983675,0,0
2022-07-21,0.000398100568192933,0.4791966805522593,0.8924268291605567,9.953642272943918,0,0
2022-07-22,0.0040106548922996125,0.4832073354445589,0.9864695759361581,8.912313611140043,0,0
2022-07-25,0.006810158823649078,0.490017494268208,1.0511836662553353,7.123366674881004,0,0
2022-07-26,0.006391606421364484,0.4964091006895725,1.1067225227080406,5.468622440707836,0,0
2022-07-27,0.0020240337957330825,0.4984331344853056,1.1419496167296113,4.972058162408158,0,0
2022-07-28,0.0011042316432612474,0.4995373661285668,1.160411356633797,4.714498025742595,0,0
2022-07-29,-0.0024667669226492175,0.49707059920591756,1.1425692119493385,5.396813079585197,0,0
2022-08-01,0.0020800594250471698,0.49915065863096475,0.985137705443886,4.878636411212163,0,0
2022-08-02,0.002034059674139505,0.5011847183051042,1.0649478167207789,4.37045934420641,0,0
2022-08-03,0.004376900256546054,0.5055616185616503,0.8419171855543528,3.235336255544153,0,0
2022-08-04,0.0007510215144074638,0.5063126400760577,0.8136012200943589,3.067495399119252,0,0
2022-08-05,0.0005153311941812743,0.5068279712702389,0.8371288248464567,2.961610353842145,0,0
2022-08-08,0.0038462884717538302,0.5106742597419928,0.9251747905286604,1.9585674091125342,0,0
2022-08-09,0.0028518423942097736,0.5135261021362025,0.9767765545328915,1.223448225307961,0,0
2022-08-10,-0.00188933864571982,0.5116367634904827,0.9157216471613022,1.76488350908437,0,0
2022-08-11,0.00522333845860214,0.5168601019490848,1.059606687640623,0.3824860458437631,0,0
2022-08-12,0.0005159211471615298,0.5173760230962463,1.090808020343282,0.2755869707896282,0,0
2022-08-15,-0.005105288750535563,0.5122707343457108,1.068192818153721,1.6899686260216762,0,0
2022-08-16,0.0033826822541714605,0.5156534165998823,1.139818345873499,0.8107946320274758,0,0
2022-08-17,-0.0025547847636378566,0.5130986318362444,1.0679278917510735,1.5316505893334824,0,0
2022-08-18,0.0002574175588071586,0.5133560493950515,0.9700138924036299,1.4940418838324716,0,0
2022-08-19,0.004117081819979324,0.5174731312150308,1.0478973487468624,0.40617813157081173,0,0
2022-08-22,0.006896293309123584,0.5243694245241544,1.1917518559064986,0.0,0,0
2022-08-23,0.0021367179052595906,0.526506142429414,1.2593200864973926,0.0,0,0
2022-08-24,-0.0018931202410706854,0.5246130221883433,1.2028410673884222,0.5409186868269359,0,0
2022-08-25,-0.008397226721142393,0.5162157954672009,1.127825285244282,2.839942480960114,0,0
2022-08-26,-0.0034030608025152407,0.5128127346646856,1.0445872441792439,3.769591068864229,0,0
2022-08-29,0.0019515355145043284,0.5147642701791899,1.0179380181598356,3.2862605236646245,0,0
2022-08-30,0.0021136306835703826,0.5168779008627603,1.0874108944342773,2.7577565549044674,0,0
2022-08-31,0.003231457957355101,0.5201093588201154,1.117021613703386,1.9294209250642804,0,0
2022-09-01,0.0028981980351639796,0.5230075568552794,1.0514655375302293,1.188658681237949,0,0
2022-09-02,0.006336132151754335,0.5293436890070338,1.1426000329154504,0.0,0,0
2022-09-05,-0.003556528374605369,0.5257871606324284,1.051244313177323,0.9724851359304908,0,0
2022-09-06,0.007626444563197294,0.5334136051956256,1.167001939523918,0.0,0,0
2022-09-07,-0.002766688619231181,0.5306469165763945,1.1717086255822917,0.751522402309226,0,0
2022-09-08,-0.0017884616762602584,0.5288584549001343,1.1515982672591116,1.2499378965691008,0,0
2022-09-09,-0.0019324041254322219,0.526926050774702,1.0474116991638391,1.7881715569926155,0,0
2022-09-12,0.010622290419040406,0.5375483411937424,1.2575488229610061,0.0,0,0
2022-09-13,-0.019923511512008284,0.5176248296817341,0.9774078854837082,5.0800207472534975,0,0
2022-09-14,-0.0026293196910099157,0.5149955099907242,0.9551888030754989,5.700587069925389,0,0
2022-09-15,0.00160085642945131,0.5165963664201755,0.9186849614056325,5.372901685958787,0,0
2022-09-16,0.009500181628769333,0.5260965480489448,0.9755243538619496,3.259572379730881,0,0
2022-09-19,0.01000903771326326,0.536105585762208,1.0806550367628345,1.076692154219058,0,0
2022-09-20,0.003990508127735728,0.5400960938899437,1.1975805715900616,0.24481101498598468,0,0
2022-09-21,-0.004590715533901916,0.5355053783560418,1.2067102292482632,1.2720984149986405,0,0
2022-09-22,-0.0008232765121130782,0.5346821018439287,1.117087740186506,1.4826056230654945,0,0
2022-09-23,0.0008972563096453918,0.5355793581535742,1.0812946915085566,1.3189862513286064,0,0
2022-09-26,0.005836036460425612,0.5414153946139998,1.1563076130738381,0.07147909944288999,0,0
2022-09-27,0.004207216049463274,0.5456226106634631,1.2056069469789743,0.0,0,0
2022-09-28,0.005002016827874984,0.550624627491338,1.3260083048680325,0.0,0,0
2022-09-29,0.004146757796721414,0.5547713852880595,1.2651512432429246,0.0,0,0
2022-09-30,-0.0008204406785293481,0.5539509446095301,1.298213813682181,0.2113751546733036,0,0
2022-10-03,-0.002090065134798858,0.5518608794747313,1.2957257671450213,0.7028785648407307,0,0
2022-10-04,0.004542540344050323,0.5564034198187816,1.270852570219694,0.0,0,0
2022-10-05,0.0010037029418979832,0.5574071227606796,1.2719795910637968,0.0,0,0
2022-10-06,0.010574803341083048,0.5679819261017627,1.3665291255321301,0.0,0,0
2022-10-07,-0.004969767789997728,0.563012158311765,1.2790576733262542,1.108040012356573,0,0
2022-10-10,0.003789631437318363,0.5668017897490834,1.3993062249925783,0.32027879750002697,0,0
2022-10-11,0.0010560930914993614,0.5678578828405827,1.4468357765995346,0.12340316864615322,0,0
2022-10-12,0.002536507938571778,0.5703943907791544,1.3329454909604364,0.0,0,0
2022-10-13,0.002031915394206869,0.5724263061733613,1.3587754264228145,0.0,0,0
2022-10-14,0.003180099762252926,0.5756064059356143,1.5372229959634143,0.0,0,0
2022-10-17,-0.000614316978855836,0.5749920889567585,1.5070815519120684,0.1674385052388025,0,0
2022-10-18,0.0007362899179437736,0.5757283788747022,1.5031993822509133,0.036205978700474345,0,0
2022-10-19,-0.002719947231942804,0.5730084316427594,1.3928292537946587,0.6746501384771075,0,0
2022-10-20,-0.0024864117970711166,0.5705220198456883,1.2946573386232119,1.2630495176545904,0,0
2022-10-21,0.004967537701022866,0.5754895575467112,1.324214944113903,0.17902723494408024,0,0
2022-10-24,0.002165940537751254,0.5776554980844624,1.3299333654485768,0.0,0,0
2022-10-25,-0.004369901664988838,0.5732855964194735,1.2713648693074597,1.0167208244084036,0,0
2022-10-26,0.0015079022472428178,0.5747934986667164,1.3367904096972472,0.7088808275759944,0,0
2022-10-27,0.0031114107784621934,0.5779049094451786,1.4265673268672314,0.03605449790850013,0,0
2022-10-28,-0.0019398373838542338,0.5759650720613243,1.4834511181949093,0.5087753232280074,0,0
2022-10-31,-0.005610626789333137,0.5703544452719912,1.4466254055252588,1.8214025958653073,0,0
2022-11-01,0.0029899586959976476,0.5733444039679888,1.445418231763132,1.1734523032423563,0,0
2022-11-02,0.007865048813388304,0.5812094527813771,1.5590981282743548,0.0,0,0
2022-11-03,0.0030641244239230786,0.5842735772053003,1.5993779824302967,0.0,0,0
2022-11-04,0.0072472981098635324,0.5915208753151638,1.635933987006915,0.0,0,0
2022-11-07,0.0022488771705217346,0.5937697524856855,1.6911677002029677,0.0,0,0
2022-11-08,0.001916528689729692,0.5956862811754152,1.8423500338700078,0.0,0,0
2022-11-09,0.0028972506506665975,0.5985835318260818,1.849153621743752,0.0,0,0
2022-11-10,0.0032249717944473023,0.6018085036205291,2.009782899559186,0.0,0,0
2022-11-11,-0.002590677527068335,0.5992178260934607,1.9853592634020112,0.6205482914556532,0,0
2022-11-14,0.002593533734035576,0.6018113598274963,2.0474544883852106,0.06114538746897691,0,0
2022-11-15,-0.004490404127521679,0.5973209556999747,2.0063857434073418,1.1209617031278636,0,0
2022-11-16,0.003589609576104646,0.6009105652760793,1.9747546238213098,0.3316123298675855,0,0
2022-11-17,0.003094166604217325,0.6040047318802967,2.043192390752392,0.0,0,0
2022-11-18,0.0009572257130131803,0.6049619575933098,2.052690010730361,0.0,0,0
2022-11-21,-0.00154595705130261,0.6034160005420073,2.1034156992396356,0.3893851380452122,0,0
2022-11-22,0.0025070144527062277,0.6059230149947135,2.2171222173413008,0.0,0,0
2022-11-23,0.0009174826779882067,0.6068404976727017,2.2618056683475265,0.0,0,0
2022-11-24,0.009076411004740756,0.6159169086774424,2.514255376198999,0.0,0,0
2022-11-25,0.0037112879640257795,0.6196281966414682,2.4683085128936484,0.0,0,0
2022-11-28,-0.0018550899601504954,0.6177731066813177,2.4165964054368634,0.4591533391719635,0,0
2022-11-29,-0.0010269338744541845,0.6167461728068635,2.52468157226695,0.7287375146298835,0,0
2022-11-30,0.0020607724839861465,0.6188069452908497,2.4663341394708325,0.2813948451601002,0,0
2022-12-01,-0.0012432933952074181,0.6175636518956422,2.3909690729426316,0.6038916787858966,0,0
2022-12-02,0.0012587807914781412,0.6188224326871203,2.4429272524128987,0.34023592553399273,0,0
2022-12-05,-0.0019375223050630368,0.6168849103820573,2.392804928409438,0.8297383108039,0,0
2022-12-06,-0.003703056865797035,0.6131818535162602,2.3400349650262524,1.7401214136300267,0,0
2022-12-07,0.0045698940706816365,0.6177517475869418,2.4182882933207828,0.6867158645594054,0,0
2022-12-08,0.0009480336246897902,0.6186997812116316,2.4169137916913743,0.4937836204798022,0,0
2022-12-09,0.0010945580681138848,0.6197943392797455,2.3925321728167974,0.26465756841512883,0,0
2022-12-12,0.003351465792058017,0.6231458050718035,2.4634226639952597,0.0,0,0
2022-12-13,-0.0008826726118930123,0.6222631324599105,2.4868496928368624,0.2441612028248729,0,0
2022-12-14,-0.00738145267433096,0.6148816797855795,2.3182369562768756,2.0601272270271016,0,0
2022-12-15,0.006482869374729586,0.6213645491603091,2.4726164288628287,0.5446267069882718,0,0
2022-12-16,-0.0027384991998649732,0.6186260499604441,2.6015418339712033,1.2251620967805288,0,0
2022-12-19,-0.00600267120145433,0.6126233787589898,2.57298714958407,2.683466505572269,0,0
2022-12-20,0.003260882587146823,0.6158842613461366,2.5368697588673,1.945219026336988,0,0
2022-12-21,-0.0019377531011217726,0.6139465082450148,2.4699019039564813,2.436019913774982,0,0
2022-12-22,-0.0019235853287600645,0.6120229229162548,2.468778902806245,2.9255455438288567,0,0
2022-12-23,-0.0018802272274499414,0.6101426956888049,2.4691420013360568,3.4068032652188975,0,0
2022-12-26,0.002965970565435761,0.6131086662542407,2.5839166875132324,2.726872988427572,0,0
2022-12-27,-0.003142106033051928,0.6099665602211888,2.5930911461878323,3.5152456924126465,0,0
2022-12-28,-0.0019255205234571875,0.6080410396977316,2.6047736693639973,4.011906881986704,0,0
2022-12-29,-0.002275278301755356,0.6057657613959763,2.555611526852155,4.595458208806192,0,0
2022-12-30,0.0011470523249618608,0.6069128137209381,2.6147085549912803,4.348296763205608,0,0
2023-01-02,0.001328028261881752,0.6082408419828198,2.7252351426374966,4.055363946027498,0,0
2023-01-03,0.0051829762561266726,0.6134238182389464,2.795622197227205,2.81263750088762,0,0
2023-01-04,-0.001206194890394451,0.612217623348552,2.841324757038968,3.1402472784552224,0,0
2023-01-05,0.001939449400827799,0.6141570727493798,2.8715275182232753,2.69444736958294,0,0
2023-01-06,-0.001143342850455445,0.6130137298989243,2.895378215320781,3.0093910077403474,0,0
2023-01-09,0.007467035526939382,0.6204807654258637,2.960801417572583,1.18374884769712,0,0
2023-01-10,0.00369422333850417,0.6241749887643679,3.0802874747200266,0.3093771113634102,0,0
2023-01-11,-0.002761277201264455,0.6214137115631035,3.0633298528770054,1.019563598760737,0,0
2023-01-12,0.0006751471505628387,0.6220888587136664,3.0564610429045023,0.8852381091506083,0,0
2023-01-13,0.0012270584884642236,0.6233159172021306,3.2826419574042234,0.6132368906044063,0,0
2023-01-16,0.0005174978158218543,0.6238334150179525,3.44405646276128,0.5163596588326876,0,0
2023-01-17,0.0016288018385042034,0.6254622168564568,3.3851961634917855,0.1403937659026026,0,0
2023-01-18,0.002465248818014856,0.6279274656744717,3.5052177308853376,0.0,0,0
2023-01-19,-0.0009040378377450852,0.6270234278367266,3.4563239054120403,0.26034841754197163,0,0
2023-01-20,0.004224940464380613,0.6312483683011072,3.476292520696788,0.0,0,0
2023-01-23,0.0007767554184954411,0.6320251237196026,3.465445500997783,0.0,0,0
2023-01-24,-0.006953708332766374,0.6250714153868362,3.3794768903220285,1.806284459476701,0,0
2023-01-25,-0.0032836928729472496,0.6217877225138889,3.4352890319495715,2.665996649514765,0,0
2023-01-26,-0.00026511769196767743,0.6215226048219212,3.278321529474463,2.7649538597575036,0,0
2023-01-27,0.005704564762863235,0.6272271695847844,3.2984541943431274,1.3481290973032867,0,0
2023-01-30,0.0007762811632115066,0.6280034507479959,3.2547469620816902,1.1842128243471701,0,0
2023-01-31,-0.0041425822597827445,0.6238608684882132,3.148010487071749,2.2675901332651094,0,0
2023-02-01,-0.005376024397503139,0.61848484409071,3.1772739028599375,3.663184366853808,0,0
2023-02-02,0.0027517193920431945,0.6212365634827532,3.1043219893542746,3.0006615869569226,0,0
2023-02-03,0.001103989590129923,0.6223405530728832,3.099916729015755,2.7531925784284508,0,0
2023-02-06,-0.0016244011466129925,0.6207161519262702,3.1000479620901698,3.1986183753537576,0,0
2023-02-07,-0.0030054435572757074,0.6177107083689944,3.015231386723895,3.9991932097739995,0,0
2023-02-08,0.0038977018840958685,0.6216084102530903,3.0901319858290477,3.03211321080399,0,0
2023-02-09,0.0020895761881506215,0.623697986441241,3.0534738559322903,2.5285004325349636,0,0
2023-02-10,-0.0013032883885285406,0.6223946980527124,2.883278807090763,2.8959587632982395,0,0
2023-02-13,0.003852416159970549,0.626247114212683,3.1398526009447876,1.9313145532189928,0,0
2023-02-14,0.0015953506605065068,0.6278424648731895,3.1603718773773433,1.5505768992815292,0,0
2023-02-15,6.380217182413604e-05,0.6279062670450136,3.1452863962368895,1.566000096144773,0,0
2023-02-16,0.0027442127572971237,0.6306504798023107,3.188690711626971,0.8804918584149041,0,0
2023-02-17,-0.0014482895112857583,0.629202190291025,3.1699915930135893,1.2922386300159145,0,0
2023-02-20,0.005086545347092995,0.6342887356381179,3.231458840596899,0.0,0,0
2023-02-21,0.0020644301943347917,0.6363531658324527,3.165001411936564,0.0,0,0
2023-02-22,-0.0006273817175809582,0.6357257841148718,3.012001152690773,0.19724263583452978,0,0
2023-02-23,-0.002699538240920465,0.6330262458739513,2.96880944215115,0.9442340292293439,0,0
2023-02-24,-0.001384092941656173,0.6316421529322951,2.94990070710147,1.3438585337984994,0,0
2023-02-27,2.663309808137657e-05,0.6316687860303765,2.920659632230342,1.3687586006823735,0,0
2023-02-28,0.00043442464771566917,0.6321032106780922,2.897293942823151,1.2841354529948574,0,0
2023-03-01,0.0028595073204217562,0.6349627179985139,2.9386645854181745,0.5440507917877814,0,0
2023-03-02,0.0029591680866438196,0.6379218860851578,3.0458547205861484,0.0,0,0
2023-03-03,-0.0015872591832176589,0.6363346269019401,2.9924564888718024,0.46246911934943047,0,0
2023-03-06,0.0010888545333786524,0.6374234814353188,2.945445393666452,0.19779287048882233,0,0
2023-03-07,-0.0007718499331244341,0.6366516315021944,2.856410859245927,0.4412220027482632,0,0
2023-03-08,-0.0005626438779581367,0.6360889876242363,2.8695409309451247,0.6281993725372603,0,0
2023-03-09,0.001958627085989155,0.6380476147102254,2.8836191286293187,0.11769752209507756,0,0
2023-03-10,-0.004062967270942558,0.6339846474392828,2.864211938752504,1.2796780594582147,0,0
2023-03-13,0.00032313474096916324,0.634307782180252,2.839721815858299,1.2219612653114857,0,0
2023-03-14,0.0023227769106824625,0.6366305590909345,2.804830634821134,0.6052905053902969,0,0
2023-03-15,-0.0032667068513722694,0.6333638522395622,2.777987409211012,1.5526401256153837,0,0
2023-03-16,-0.002432050357853119,0.630931801881709,2.7364609060238214,2.2667521563430366,0,0
2023-03-17,0.0014831286523569974,0.632414930534066,2.7508100429808917,1.8815137024340811,0,0
2023-03-20,-0.0034477719685907238,0.6289671585654754,2.6284545577090546,2.888116162592089,0,0
2023-03-21,0.001875864074270677,0.630843022639746,2.661655658951438,2.389715766534062,0,0
2023-03-22,0.0047736582013227676,0.6356166808410688,2.79429642890057,1.0663444625283636,0,0
2023-03-23,0.0018320002899715362,0.6374486811310404,2.8202325473285565,0.5806780912185208,0,0
2023-03-24,0.0006227450645410043,0.6380714261955813,2.8735793471624493,0.43597129605189844,0,0
2023-03-27,0.003852555050427966,0.6419239812460092,2.949328081452491,0.0,0,0
2023-03-28,0.0041319608897097265,0.6460559421357189,3.0608229750494496,0.0,0,0
2023-03-29,0.0012177141325948903,0.6472736562683138,3.0753355549085124,0.0,0,0
2023-03-30,-0.0012451635496004269,0.6460284927187133,2.9562857144834087,0.387923428995378,0,0
2023-03-31,0.002224426835780188,0.6482529195544935,2.9890308886651322,0.0,0,0
2023-04-03,0.0018656766491399162,0.6501185962036334,3.049790025850823,0.0,0,0
2023-04-04,-0.0001201211215610589,0.6499984750820724,2.999675213480969,0.06677789899550073,0,0
2023-04-05,-0.0006269570512511298,0.6493715180308213,2.9940099304093395,0.28130782348672156,0,0
2023-04-06,-0.00312055102128564,0.6462509670095357,2.997654546523457,1.2268625326046365,0,0
2023-04-07,0.0018436082913012419,0.6480945753008369,2.972994364881453,0.7186394440951401,0,0
2023-04-10,-0.003364511819770857,0.6447300634810661,2.8342961656856303,1.7405853308717667,0,0
2023-04-11,0.00010091459504324882,0.6448309780761093,2.785804345327658,1.7428991435752141,0,0
2023-04-12,0.0035923890690531387,0.6484233671451625,3.0388806167972,0.7116837328337864,0,0
2023-04-13,-0.0010272811402216237,0.6473960860049408,2.985209911241087,1.0475056133751979,0,0
2023-04-14,0.0010583101666991048,0.6484543961716399,3.016704584022855,0.7648810598073761,0,0
2023-04-17,0.0015297615910014322,0.6499841577626413,3.036315872478438,0.3397230686473003,0,0
2023-04-18,-0.0015076156519129003,0.6484765421107284,3.008083286516094,0.8243419742204816,0,0
2023-04-19,0.016179557465733425,0.6646560995764618,3.1924193841834776,0.0,0,0
2023-04-20,0.0030918521670646607,0.6677479517435264,3.2197184260664558,0.0,0,0
2023-04-21,0.007828258598007964,0.6755762103415344,3.342597645561792,0.0,0,0
2023-04-24,0.0008475594508168974,0.6764237697923513,3.3079170160627553,0.0,0,0
2023-04-25,0.006093519641791448,0.6825172894341428,3.3212156310504377,0.0,0,0
2023-04-26,0.0005062290680040342,0.6830235185021468,3.41458816963141,0.0,0,0
2023-04-27,0.0007011355967867737,0.6837246540989336,3.4725074044201656,0.0,0,0
2023-04-28,-0.003111101782041466,0.6806135523168921,3.3969155367941246,0.8589442426739538,0,0
2023-05-01,0.005238450426928941,0.6858520027438211,3.4459841736421994,0.0,0,0
2023-05-02,0.0002661736909682253,0.6861181764347893,3.460308038620336,0.0,0,0
2023-05-03,0.006279650441405013,0.6923978268761943,3.65702654974263,0.0,0,0
2023-05-04,0.002327124000758183,0.6947249508769525,3.6504848718200336,0.0,0,0
2023-05-05,-0.00272491367688185,0.6920000372000706,3.550677565325712,0.7530691677444713,0,0
2023-05-08,-0.0013026727089713909,0.6906973644910992,3.469909926200351,1.1307427644462187,0,0
2023-05-09,-0.002725024383456335,0.6879723401076429,3.4082798591552828,1.8895220340822916,0,0
2023-05-10,-0.00010753389289257139,0.6878648062147503,3.3698998363562542,1.9502888084540881,0,0
2023-05-11,0.0020922888122902657,0.6899570950270406,3.407018351819596,1.4195231392353151,0,0
2023-05-12,-0.0037880192628407406,0.6861690757641998,3.356868564237705,2.4744394586798704,0,0
2023-05-15,0.0016551238767271716,0.687824199640927,3.409881467728349,2.0596221267784136,0,0
2023-05-16,5.9664130660520994e-05,0.6878838637715875,3.413175490817931,2.0754495329604534,0,0
2023-05-17,-0.0053468783532713855,0.6825369854183161,3.276075740536107,3.5660113963382027,0,0
2023-05-18,-0.0014594287190825533,0.6810775566992335,3.253285242041691,3.9935792789711044,0,0
2023-05-19,-0.00011463455015638417,0.6809629221490772,3.2851151973577037,4.056810281809513,0,0
2023-05-22,-0.0013712506385944738,0.6795916715104827,3.250197192603383,4.464453708940712,0,0
2023-05-23,0.004950363320242877,0.6845420348307256,3.2900442177860643,3.133643788990248,0,0
2023-05-24,-0.0009310516831843945,0.6836109831475412,3.287288370509495,3.420715868448963,0,0
2023-05-25,0.011942081034064028,0.6955530641816052,3.392411127751725,0.16346703764142045,0,0
2023-05-26,-0.0004181085187692462,0.695134955662836,3.3174868733873772,0.304645837862426,0,0
2023-05-29,-0.0006550829462865729,0.6944798727165494,3.3782832085620864,0.5086784203976278,0,0
2023-05-30,0.002329210596429462,0.6968090833129789,3.476247819518542,0.0,0,0
2023-05-31,-0.007796777820180446,0.6890123054927985,3.3095619353257204,2.098323303461657,0,0
2023-06-01,-0.0018575576684219553,0.6871547478243765,3.3512953608577942,2.6136337324308605,0,0
2023-06-02,-0.0006293286828853515,0.6865254191414911,3.383476625295189,2.8101078167091833,0,0
2023-06-05,-0.0030869018577828686,0.6834385172837083,3.3038191496131026,3.6533746281588004,0,0
2023-06-06,-0.0017997441043411603,0.6816387731793672,3.220841068589494,4.159299488990831,0,0
2023-06-07,0.0007548883504672975,0.6823936615298345,3.2447674152211157,3.9916374103507013,0,0
2023-06-08,-0.0019325578611426666,0.6804611036686918,3.2546316336060586,4.537658842964241,0,0
2023-06-09,-0.0032047206145022398,0.6772563830541896,3.177627285514852,5.425668680804036,0,0
2023-06-12,-0.0010324707524317065,0.6762239123017578,3.182917184429968,5.733881466478236,0,0
2023-06-13,0.0035861987432283028,0.6798101110449861,3.3067224741138936,4.801391068405255,0,0
2023-06-14,0.005149402214334799,0.6849595132593209,3.480585801230823,3.447925796773889,0,0
2023-06-15,-0.0029628616819010836,0.6819966515774198,3.3782369106011254,4.272932218255406,0,0
2023-06-16,0.0030297507574229476,0.6850264023348428,3.5504095063123415,3.492307650006332,0,0
2023-06-19,-0.006945276318870628,0.6780811260159721,3.3312321215606815,5.390809317799768,0,0
2023-06-20,-0.008608960368889805,0.6694721656470823,3.233938267343381,7.704101655351968,0,0
2023-06-21,-0.0007652234731495545,0.6687069421739328,3.1839808161634386,7.93416142322717,0,0
2023-06-22,-0.0022486582510795106,0.6664582839228532,3.087011551998479,8.551392934329506,0,0
2023-06-23,0.0059569047756696985,0.6724151886985229,3.2352297001267636,7.027206404616225,0,0
2023-06-26,-0.00023780891588102925,0.6721773797826419,3.3857598866572953,7.120840250855409,0,0
2023-06-27,0.005464934217654552,0.6776423140002965,3.4214305866124888,5.728521163465821,0,0
2023-06-28,-0.0004127565823854088,0.6772295574179111,3.3596639377188677,5.867477346385182,0,0
2023-06-29,0.005420758735871932,0.682650316153783,3.401986516677617,4.486902662906765,0,0
2023-06-30,0.003969974605840901,0.6866202907596239,3.390288996690473,3.490248384187317,0,0
2023-07-03,-0.005567302436463593,0.6810529883231603,3.2027041136340113,4.964324583203477,0,0
2023-07-04,-0.004597465674334692,0.6764555226488256,3.1634093838537476,6.179874222005974,0,0
2023-07-05,0.004474347086113604,0.6809298697349392,3.221954088431336,5.062679815661207,0,0
2023-07-06,0.011148123430211326,0.6920779931651505,3.3035202386328413,2.2366328707134118,0,0
2023-07-07,0.0021718474818760557,0.6942498406470266,3.4203722364639013,1.733440929676884,0,0
2023-07-10,-0.0016681375927697709,0.6925817030542568,3.384951730858977,2.178218747730347,0,0
2023-07-11,-0.002919180201652172,0.6896625228526047,3.2733835145511248,2.936024365381246,0,0
2023-07-12,-0.0005128321490555204,0.6891496907035491,3.1709884672022066,3.09588709254513,0,0
2023-07-13,0.00295391671008247,0.6921036074136316,3.1268659754217745,2.387263427718001,0,0
2023-07-14,0.00755520034450625,0.6996588077581379,3.197226286174641,0.520033400929705,0,0
2023-07-17,0.0057601111678520335,0.70541891892599,3.261158163725896,0.0,0,0
2023-07-18,0.00112962778468439,0.7065485467106744,3.322603314582623,0.0,0,0
2023-07-19,-0.0060841567003140406,0.7004643900103603,3.1747904534505498,1.5381740791772132,0,0
2023-07-20,-0.004049874826378153,0.6964145151839821,3.0705177111073176,2.565526007170196,0,0
2023-07-21,-0.0012265672238864027,0.6951879479600958,2.985748527798402,2.899006249228473,0,0
2023-07-24,0.0013459965115999205,0.6965339444716957,2.994986414374062,2.598449702282675,0,0
2023-07-25,0.006261057567573849,0.7027950020392696,3.0739927475974316,1.075528324953554,0,0
2023-07-26,-0.004222195887229255,0.6985728061520403,2.9418873127952874,2.1476826957209774,0,0
2023-07-27,0.0038758969872439144,0.7024487031392842,2.9559800106636134,1.225306889874297,0,0
2023-07-28,0.005047688179272102,0.7074963913185564,3.0602837691840525,0.013757168083652571,0,0
2023-07-31,0.005800952479116772,0.7132973437976731,3.06726207441037,0.0,0,0
2023-08-01,-0.0012152622415919404,0.7120820815560811,3.0387870123326475,0.3287191601637449,0,0
2023-08-02,0.0034644502453493645,0.7155465318014305,3.18325191128434,0.0,0,0
2023-08-03,0.004189215048072707,0.7197357468495031,3.1940014962057464,0.0,0,0
2023-08-04,0.004193931962579637,0.7239296788120828,3.2996426532581307,0.0,0,0
2023-08-07,0.0005932618746599025,0.7245229406867427,3.3050108392113984,0.0,0,0
2023-08-08,0.000721925529747103,0.7252448662164899,3.256176667258201,0.0,0,0
2023-08-09,-0.0009242025406162614,0.7243206636758736,3.1468012007182797,0.26161603979187587,0,0
2023-08-10,0.010037570393707588,0.7343582340695811,3.23787235598552,0.0,0,0
2023-08-11,-0.013067333591768246,0.7212909004778129,2.9972250323885143,3.2014199145311153,0,0
2023-08-14,0.004121960826326121,0.725412861304139,3.215640836499271,2.281878297693711,0,0
2023-08-15,0.0016838056841422325,0.7270966669882812,3.300583149783254,1.9249712949224547,0,0
2023-08-16,0.000631625887989816,0.727728292876271,3.2807088138411706,1.8103746683972366,0,0
2023-08-17,-0.0017351240729057572,0.7259931688033653,3.219513244137994,2.247403696003397,0,0
2023-08-18,-0.0006024814987901324,0.7253906873045751,3.1619012123022148,2.420726699187681,0,0
2023-08-21,0.007405569902287002,0.7327962572068621,3.2164740236488845,0.7058783449027637,0,0
2023-08-22,0.015334469817922832,0.748130727024785,3.2857571975374618,0.0,0,0
2023-08-23,0.0033681242169773815,0.7514988512417624,3.394931726431764,0.0,0,0
2023-08-24,0.009574139871367602,0.76107299111313,3.4126667929302754,0.0,0,0
2023-08-25,-0.001060567624190858,0.7600124234889392,3.4419657064601648,0.2602601728098302,0,0
2023-08-28,-0.004687810637231081,0.755324612851708,3.3893018857824315,1.3066979482712004,0,0
2023-08-29,0.00013544693453280097,0.7554600597862409,3.4231064314692747,1.309401737794995,0,0
2023-08-30,0.0009670102146260755,0.756427070000867,3.3138987808231697,1.1309767193249038,0,0
2023-08-31,0.0033655984745873404,0.7597926684754543,3.860895322905391,0.42653380599487234,0,0
2023-09-01,-0.00513897746014,0.7546536910153143,3.809140824803419,1.5860087909210596,0,0
2023-09-04,0.008765094524711255,0.7634187855400256,3.893402247989779,0.0,0,0
2023-09-05,0.0015269750563216816,0.7649457605963473,3.8021088304478288,0.0,0,0
2023-09-06,-0.0037167251522748023,0.7612290354440725,3.6116819845352786,0.8380322167662114,0,0
2023-09-07,0.0010289932370127427,0.7622580286810853,3.5685855749221163,0.6464397698469693,0,0
2023-09-08,0.0014910067713908084,0.7637490354524761,3.6804154954428734,0.3526688529459016,0,0
2023-09-11,-0.0016065455632126651,0.7621424898892634,3.6662034296625117,0.7375190324817503,0,0
2023-09-12,-0.006287918126865736,0.7558545717623977,3.526878422525776,2.157522015214806,0,0
2023-09-13,-0.00166090756391866,0.754193664198479,3.4149143713468333,2.554224223559878,0,0
2023-09-14,-0.0006137424217057201,0.7535799217767732,3.341535865744104,2.7216717008265356,0,0
2023-09-15,0.00402573148097578,0.757605653257749,3.3289468565392726,1.8602472344187095,0,0
2023-09-18,0.00593865165111658,0.7635443049088656,3.3512211980079476,0.5727570006589207,0,0
2023-09-19,0.0034865231073426626,0.7670308280162083,3.41847527405611,0.0,0,0
2023-09-20,-0.003541131297957506,0.7634896967182507,3.390566240838675,0.8173085729647392,0,0
2023-09-21,0.0004938691282431668,0.7639835658464939,3.331545246829294,0.7395529603743156,0,0
2023-09-22,0.0014614063718472953,0.7654449722183412,3.3387305679174424,0.4448987468426281,0,0
2023-09-25,0.004836036449276145,0.7702810086676173,3.280214530100561,0.0,0,0
2023-09-26,0.006347998806136106,0.7766290074737534,3.465132223298028,0.0,0,0
2023-09-27,-0.014055723111821065,0.7625732843619324,3.090551076222359,3.168312695327083,0,0
2023-09-28,0.0032745241457391543,0.7658478085076715,3.1231834892216597,2.504141380301138,0,0
2023-09-29,-0.00034083065152620796,0.7655069778561453,3.078495752264751,2.608828347877256,0,0
2023-10-02,-0.000476847391978011,0.7650301304641672,3.0389280412134907,2.7431050309390383,0,0
2023-10-03,0.0054011821768310125,0.7704313126409983,3.0680037199518377,1.6101057529809237,0,0
2023-10-04,0.014753832364837405,0.7851851450058357,3.2336917155280327,0.0,0,0
2023-10-05,0.01099889305276008,0.7961840380585957,3.3510169600960116,0.0,0,0
2023-10-06,-0.00010650762021591209,0.7960775304383798,3.395447434284116,0.053331910987405085,0,0
2023-10-09,0.016147912101879158,0.812225442540259,3.588681105825073,0.0,0,0
2023-10-10,-0.006346812187805903,0.8058786303524531,3.4068999119163808,1.2450438594282482,0,0
2023-10-11,-0.005341014867184569,0.8005376154852686,3.282516836370571,2.2951019837881494,0,0
2023-10-12,-0.004368094175557891,0.7961695213097106,3.2825502171049843,3.1595379394249314,0,0
2023-10-13,0.009246968333580036,0.8054164896432907,3.3712833782803,1.426238632569157,0,0
2023-10-16,-0.007591986077998416,0.7978245035652923,3.192018441719995,2.8903084043295686,0,0
2023-10-17,0.0027763125491214874,0.8006008161144138,3.261974452098388,2.4017595591090446,0,0
2023-10-18,-0.005652332306884106,0.7949484838075297,3.2611817734085546,3.4980452186886817,0,0
2023-10-19,-0.0029844529191348887,0.7919640308883948,3.170931698009225,4.091568725992769,0,0
2023-10-20,-0.009423419738299526,0.7825406111500953,2.9031978556842253,5.903574302870337,0,0
2023-10-23,-0.0040811317531123615,0.778459479396983,2.7947981842790557,6.697047152838797,0,0
2023-10-24,0.0043566421710757135,0.7828161215680587,2.761536402522193,5.914218977951885,0,0
2023-10-25,-0.0039404997269711075,0.7788756218410876,2.666714080633197,6.684659533501726,0,0
2023-10-26,0.0033154917440628654,0.7821911135851505,2.685403722833795,6.093732113203885,0,0
2023-10-27,0.007797379790629073,0.7899884933757796,2.7431762456497624,4.655541743988402,0,0
2023-10-30,0.0030299196094199063,0.7930184129851995,2.740640849632153,4.1200312564697645,0,0
2023-10-31,-0.004791855082117093,0.7882265579030824,2.7036611336494394,5.053094791826165,0,0
2023-11-01,-0.001216301964663628,0.7870102559384188,2.649052404388303,5.314063351279536,0,0
2023-11-02,-0.0022454139145348345,0.784764842023884,2.686236913808266,5.771073344273582,0,0
2023-11-03,0.004320703500200031,0.789085545524084,2.6954153762300948,4.981405633304044,0,0
2023-11-06,0.0038847605191162566,0.7929703060432003,2.7055370848526374,4.273259963195414,0,0
2023-11-07,-0.002096267131139709,0.7908740389120605,2.659632820838184,4.705707572782225,0,0
2023-11-08,0.002468461802749882,0.7933425007148104,2.7176977658480466,4.2638897252223105,0,0
2023-11-09,0.001538726436377437,0.7948812271511878,2.7045239888085955,3.9992124910060407,0,0
2023-11-10,-0.0007219236749649173,0.7941593034762229,2.6804754677734413,4.171152792594056,0,0
2023-11-13,0.002033015621575554,0.7961923190977984,2.597829332192943,3.806863167549288,0,0
2023-11-14,0.0022927836215969393,0.7984851027193953,2.579128144668987,3.389757096715656,0,0
2023-11-15,0.002191553894228263,0.8006766566136236,2.638701473862767,2.9904983729635526,0,0
2023-11-16,0.0016291185025469317,0.8023057751161705,2.6776561945757336,2.7004099796570675,0,0
2023-11-17,0.0027477887547917262,0.8050535638709623,2.6869294270929287,2.186328039273828,0,0
2023-11-20,0.004106478305210361,0.8091600421761727,2.7620128237282553,1.3989130607433293,0,0
2023-11-21,0.0033849635297350123,0.8125450057059077,2.7907437179778323,0.7541941440741711,0,0
2023-11-22,0.0015685906550417887,0.8141135963609495,2.843239433305244,0.47162705306888913,0,0
2023-11-23,-0.0037684965123425456,0.8103450998486069,2.8421214231478413,1.2633387664112707,0,0
2023-11-24,0.0002773730648004463,0.8106224729134074,2.7843446778607523,1.2392952337395273,0,0
2023-11-27,-0.0009244291958731628,0.8096980437175342,2.756506716639836,1.459195882467299,0,0
2023-11-28,0.0020570541887371336,0.8117550979062713,2.7699444893515364,1.0707703807576463,0,0
2023-11-29,-0.004110412871341054,0.8076446850349303,2.65762442970559,1.9468940383297926,0,0
2023-11-30,-0.0007504423058052247,0.806894242729125,2.6596421809278508,2.1332691592856494,0,0
2023-12-01,0.006451843904723455,0.8133460866338484,2.869018859547673,0.8306314768727081,0,0
2023-12-04,0.002185874694444883,0.8155319613282933,2.8159056488065795,0.412479713820282,0,0
2023-12-05,0.00891836250768151,0.8244503238359748,2.9682947095863472,0.0,0,0
2023-12-06,-0.01132668983608831,0.8131236339998865,2.8616599137877783,2.343688938738503,0,0
2023-12-07,0.011189150848069367,0.8243127848479559,2.9444734324694495,0.14701077210254754,0,0
2023-12-08,0.00203435900594371,0.8263471438538996,3.0024605007044536,0.0,0,0
2023-12-11,-0.002352271228144439,0.8239948726257552,2.995636087204939,0.4924529144807271,0,0
2023-12-12,-0.022496068099958258,0.8014988045257969,2.5703228059195524,4.94800324648475,0,0
2023-12-13,0.00591260147546966,0.8074114060012666,2.6048193746036263,3.9244994028920015,0,0
2023-12-14,-0.00206627572892777,0.8053451302723388,2.6209540054257356,4.325137084741584,0,0
2023-12-15,0.004803108953964562,0.8101482392263033,2.7090850724380333,3.4959760484970643,0,0
2023-12-18,-6.980588064483823e-05,0.8100784333456584,2.740797776273706,3.540519681594982,0,0
2023-12-19,0.0025629405962705426,0.8126413739419289,2.7590595045997315,3.109659234880311,0,0
2023-12-20,-0.006677386285122372,0.8059639876568065,2.6385279597570355,4.353090187025883,0,0
2023-12-21,-0.0023796345952829027,0.8035843530615236,2.539771070811686,4.815661838329518,0,0
2023-12-22,0.020007957807750172,0.8235923108692739,2.7354445126530615,1.2104477949881476,0,0
2023-12-25,-0.012355196661830749,0.8112371142074432,2.514483638015856,3.3456328442901637,0,0
2023-12-26,0.00018011733196249562,0.8114172315394057,2.532060125570503,3.347566992299299,0,0
2023-12-27,-0.015179557794612346,0.7962376737447934,2.205934929889374,5.928850650318298,0,0
2023-12-28,-0.0011205295209121991,0.7951171442238811,2.1464800246784863,6.143367759450224,0,0
2023-12-29,-0.01114282437119238,0.7839743198526887,2.021001157290568,8.000441326384383,0,0
2024-01-01,-0.00895238556675476,0.775021934285934,1.8879703299292454,9.479504157705827,0,0
2024-01-02,-0.00872787487508846,0.7662940594108456,1.7535739954255154,10.9134966925954,0,0
2024-01-03,0.0019811300378008248,0.7682751894486465,1.7712601237868555,10.629021496959849,0,0
2024-01-04,0.0032991565968852376,0.7715743460455318,1.7908944809352527,10.131247392526834,0,0
2024-01-05,-0.001918760366962873,0.7696555856785688,1.736819035625363,10.472654725952195,0,0
2024-01-08,0.0057032359322266276,0.7753588216107955,1.8145072527364716,9.580209649270396,0,0
2024-01-09,-0.008157692858692573,0.7672011287521029,1.655294353770035,10.935628742401562,0,0
2024-01-10,-0.010013371331211796,0.7571877574208911,1.5115507781390847,12.585126627252107,0,0
2024-01-11,0.0071962539371567946,0.7643840113580479,1.6838382030548895,11.46534625625787,0,0
2024-01-12,0.0006293658692966297,0.7650133772273445,1.733005597101573,11.396811340852711,0,0
2024-01-15,0.0023270812789214965,0.767340458506266,1.7640645039111071,11.054926826782163,0,0
2024-01-16,0.008532268697478727,0.7758727272037447,1.7934301201652938,9.709227656732903,0,0
2024-01-17,0.009426490101242366,0.7852992173049871,1.8871463440590903,8.22692850557046,0,0
2024-01-18,0.003782103984066435,0.7890813212890535,1.9840793002560977,7.655828138978953,0,0
2024-01-19,0.008194645713047673,0.7972759670021011,2.143997981492963,6.3762847973577275,0,0
2024-01-22,-0.0026539879938773997,0.7946219790082237,2.078125127358247,6.831318641883363,0,0
2024-01-23,0.014216051783775677,0.8088380307919995,2.206597364855927,4.586641373769069,0,0
2024-01-24,-0.016003180566814303,0.7928348502251852,1.9985126961922266,7.122104961930669,0,0
2024-01-25,0.007541575734198643,0.8003764259593839,2.116275094967204,6.008495328951307,0,0
2024-01-26,0.0029802904306211915,0.803356716390005,2.106350980448475,5.58858746393966,0,0
2024-01-29,0.008857529091376395,0.8122142454813814,2.1754361397332107,4.271302473524895,0,0
2024-01-30,-0.012142545855753004,0.8000716996256284,2.028655817721383,6.1443665168061,0,0
2024-01-31,-0.001610225470964571,0.7984614741546638,1.9668832156075275,6.4172354988753515,0,0
2024-02-01,-0.005193009992277637,0.7932684641623862,1.885235711759147,7.230259002138968,0,0
2024-02-02,0.006523637483032779,0.7997921016454189,1.9545547291725276,6.278926236547201,0,0
2024-02-05,-0.004689053973741247,0.7951030476716777,1.8670889389965228,7.017875225410467,0,0
2024-02-06,-0.0037130762849582745,0.7913899713867194,1.839642824622813,7.611297251986047,0,0
2024-02-07,-0.005080049644477401,0.786309921742242,1.722929403650674,8.414442838687584,0,0
2024-02-08,-0.002327859621215047,0.783982062121027,1.6724643291486145,8.800639678130207,0,0
2024-02-09,-0.0028838067595293414,0.7810982553614976,1.6457882059098625,9.273645288575544,0,0
2024-02-12,-0.01871827329337626,0.7623799820681213,1.4317297126206645,12.181417612136705,0,0
2024-02-13,-0.0015623494517093927,0.7608176326164119,1.4296947010015293,12.444022104080446,0,0
2024-02-14,0.0013826258631997415,0.7622002584796116,1.4446571903107173,12.270843609143022,0,0
2024-02-15,-0.0032274843496930793,0.7589727741299185,1.4029293342089388,12.784482466886551,0,0
2024-02-16,0.007645788107883036,0.7666185622378016,1.4518344304256383,11.670463222286068,0,0
2024-02-19,0.0061275275865897896,0.7727460898243913,1.4844790948507989,10.785664840423136,0,0
2024-02-20,0.0053561996775569574,0.7781022895019483,1.5591778748146112,10.01553848021629,0,0
2024-02-21,-0.0032537896437661255,0.7748484998581822,1.5101194385371046,10.535830785781314,0,0
2024-02-22,-0.004279984310430013,0.7705685155477522,1.4696631883633104,11.212947718653286,0,0
2024-02-23,0.0011712868738111685,0.7717398024215634,1.4887637876415403,11.067817847498583,0,0
2024-02-26,0.00375056140202047,0.7754903638235838,1.50767780228833,10.52943058067217,0,0
2024-02-27,0.01850751344328831,0.7939978772668721,1.724477976274701,7.735793091209999,0,0
2024-02-28,-0.0016654044934799662,0.7923324727733921,1.7025353403160315,8.012445513774436,0,0
2024-02-29,-0.0009178268151615921,0.7914146459582305,1.6676728694270644,8.180014805144872,0,0
2024-03-01,0.0017385379450479252,0.7931531839032785,1.7229906441474596,7.953787634558545,0,0
2024-03-04,-0.0028930980560674334,0.7902600858472111,1.7177157711444277,8.417849643917828,0,0
2024-03-05,0.007785204363016097,0.7980452902102272,1.7804630757890296,7.28175414346054,0,0
2024-03-06,0.004195902493823205,0.8022411927040504,1.863120713714303,6.685516965323441,0,0
2024-03-07,0.004673061526430329,0.8069142542304807,1.891618990243015,6.015390386828541,0,0
2024-03-08,-0.00037387239067410713,0.8065403818398066,1.837967782526342,6.1037388819689,0,0
2024-03-11,0.0071677115188046705,0.8137080933586113,1.890902664412467,5.049400143026753,0,0
2024-03-12,-0.0007376113903262377,0.812970481968285,1.8760873179153685,5.19308724995627,0,0
2024-03-13,0.0006597611139353026,0.8136302430822203,1.8429014027340251,5.124634103124751,0,0
2024-03-14,0.0018524948298285658,0.8154827379120488,1.8195427597977278,4.872944969814626,0,0
2024-03-15,0.002127882515567826,0.8176106204276167,1.829125681321835,4.577347273968409,0,0
2024-03-18,0.0010664504335576672,0.8186770708611744,1.8543290105848549,4.444318458941349,0,0
2024-03-19,-0.0013485481391823642,0.817328522721992,1.8157738629621105,4.6861973555888765,0,0
2024-03-20,-0.0021236737453900916,0.8152048489766018,1.7722848212394982,5.050535787036848,0,0
2024-03-21,0.0042785719549133,0.8194834209315152,1.8182028612719983,4.409553381635465,0,0
2024-03-22,-0.0013524215940076984,0.8181309993375074,1.810169228277885,4.654961280313451,0,0
2024-03-25,-0.0007683313236015329,0.8173626680139059,1.836702089867149,4.808875602102037,0,0
2024-03-26,0.011717125851971169,0.829079793865877,1.929381008110317,2.971212375829641,0,0
2024-03-27,-0.0002715423003044259,0.8288082515655726,1.9641093966868421,3.045942937802905,0,0
2024-03-28,0.0005074411435666904,0.8293156927091393,1.968485935838323,2.9976555775690614,0,0
2024-03-29,0.0019369320493579502,0.8312526247584973,1.9515708974709427,2.721404159218923,0,0
2024-04-01,0.0012841505115176563,0.8325367752700149,1.9765569937666556,2.547971691849123,0,0
2024-04-02,0.0012900577435925036,0.8338268330136074,1.979008174871766,2.372449466000602,0,0
2024-04-03,0.00012796159746535774,0.8339547946110727,1.9640729062425997,2.3837594480842474,0,0
2024-04-04,-0.00040639390212506357,0.8335484007089476,1.976248617826625,2.4818881417489345,0,0
2024-04-05,-0.006574535582062768,0.8269738651268849,1.7520731134938834,3.589730303707282,0,0
2024-04-08,-0.004305209321083935,0.822668655805801,1.6704498749261094,4.325592196682644,0,0
2024-04-09,-0.005557783207275811,0.8171108725985251,1.527414310959433,5.2688802479124535,0,0
2024-04-10,0.0021279210371003203,0.8192387936356255,1.5410195141990972,4.951645804435468,0,0
2024-04-11,-0.0033628620522451478,0.8158759315833803,1.4402788856774538,5.538386912892181,0,0
2024-04-12,0.00378524003479174,0.8196611716181721,1.4747844741661047,4.943492140004091,0,0
2024-04-15,-0.0010179560804623247,0.8186432155377098,1.456026343191215,5.144684032463718,0,0
2024-04-16,-0.002818586594383071,0.8158246289433267,1.4593571955720426,5.647773178796401,0,0
2024-04-17,0.00474889820864771,0.8205735271519744,1.4544431986373165,4.882512334567644,0,0
2024-04-18,-0.007705372549606784,0.8128681546023676,1.363026083577889,6.210855562341985,0,0
2024-04-19,0.007131550437820426,0.819999705040188,1.3713496469901,5.047730769204627,0,0
2024-04-22,-0.0009542811824640121,0.819045423857724,1.336178558120672,5.2392703219188155,0,0
2024-04-23,-0.0023553639126795926,0.8166900599450445,1.3403240458387398,5.667255945677784,0,0
2024-04-24,-0.004337611128551211,0.8123524488164933,1.3061859713055146,6.432047900119741,0,0
2024-04-25,0.0014898093831173962,0.8138422581996106,1.352168409969078,6.211701334979423,0,0
2024-04-26,-0.0003206609686728177,0.8135215972309379,1.3498551971012158,6.298321113864531,0,0
2024-04-29,-0.001198409694058002,0.8123231875368798,1.314482658883947,6.535605727280263,0,0
2024-04-30,-0.003910798321212271,0.8084123892156676,1.3130830993634033,7.24121062158325,0,0
2024-05-01,-0.0003632520310048806,0.8080491371846628,1.2914521864829314,7.335983563383999,0,0
2024-05-02,0.0016509860719544642,0.8097001232566172,1.3084559972023064,7.08108476138569,0,0
2024-05-03,0.004748252512903485,0.8144483757695207,1.4182166836659258,6.283560199848978,0,0
2024-05-06,0.003169937790697148,0.8176183135602179,1.467734956481521,5.760777323631014,0,0
2024-05-07,0.004004434003565937,0.8216227475637838,1.5110097361106476,5.089140855966992,0,0
2024-05-08,-0.0007739417483525876,0.8208488058154313,1.5175969253397632,5.257540563618833,0,0
2024-05-09,0.006033976547049966,0.8268827823624813,1.5282967524627116,4.220147571769292,0,0
2024-05-10,-0.004751094628346931,0.8221316877341344,1.485060567550102,5.093500058399637,0,0
2024-05-13,0.0014633130860287067,0.8235950008201631,1.3830416074229055,4.865943957076999,0,0
2024-05-14,-0.0017732887350367208,0.8218217120851264,1.3680573784787584,5.214200984968393,0,0
2024-05-15,-0.011083253518388354,0.8107384585667381,1.2458608268800886,7.233090583709302,0,0
2024-05-16,-0.0127229886566813,0.7980154699100568,1.074156880795629,9.508275680559382,0,0
2024-05-17,0.0028497346488135984,0.8008652045588703,1.191299105496095,9.049096048216478,0,0
2024-05-20,0.0036953957527641893,0.8045606003116346,1.2500759802325192,8.44136200287802,0,0
2024-05-21,0.007259883105286522,0.811820483416921,1.3307078125544016,7.212261768785449,0,0
2024-05-22,0.0064658820013641346,0.8182863654182851,1.43035678336916,6.124875994511381,0,0
2024-05-23,-0.00725823854455574,0.8110281268737294,1.3682178527640279,7.411633486470306,0,0
2024-05-24,-0.002416244465023379,0.808611882408706,1.3340522466616092,7.859973298485827,0,0
2024-05-27,0.0070944974449491756,0.8157063798536551,1.426499453137765,6.663721200497616,0,0
2024-05-28,-0.0012904032951360134,0.8144159765585192,1.4475504709614766,6.918486570945363,0,0
2024-05-29,-0.010477534576763878,0.8039384419817552,1.3390511220107908,8.769135897325686,0,0
2024-05-30,0.0024934725530604334,0.8064319145348157,1.3279986772884114,8.37396397840822,0,0
2024-05-31,-0.007429777786666427,0.7990021367481492,1.1934010456928097,9.684859521131173,0,0
2024-06-03,0.005319002251415257,0.8043211389995645,1.2792443617945646,8.804633400776027,0,0
2024-06-04,0.0004607281971974109,0.8047818671967619,1.2528233785138088,8.757549174326979,0,0
2024-06-05,0.010231818698285978,0.8150136858950479,1.4294777100852456,7.022945714117066,0,0
2024-06-06,0.004701240479887469,0.8197149263749354,1.5741998040588063,6.252954711727608,0,0
2024-06-07,-0.008163087110240068,0.8115518392646953,1.4905913580861956,7.680394340003064,0,0
2024-06-10,-0.0008467527398211056,0.8107050865248742,1.505707039921252,7.856369779019231,0,0
2024-06-11,0.007268609688046095,0.8179736962129203,1.518089698954611,6.645549274729804,0,0
2024-06-12,-0.0009799023148550888,0.8169937938980651,1.510205653197239,6.844586355935994,0,0
2024-06-13,0.006773664626275808,0.823767458524341,1.52265307157737,5.7154998392776895,0,0
2024-06-14,0.0066973577314375435,0.8304648162557785,1.5936097459347363,4.601781796672965,0,0
2024-06-17,0.0047371273030692995,0.8352019435588478,1.5870250088550844,3.8248547513212205,0,0
2024-06-18,-0.0009114470968686027,0.8342904964619792,1.5370008606384882,4.012817233737197,0,0
2024-06-19,-0.0019093478343478471,0.8323811486276314,1.577784688671905,4.373371767646149,0,0
2024-06-20,-0.011509689052424877,0.8208714595752065,1.4960345970136701,6.396101160211873,0,0
2024-06-21,-0.0016223555103959504,0.8192491040648106,1.4336892048925753,6.70405729584239,0,0
2024-06-24,-0.005319562111871186,0.8139295419529393,1.2683932493059238,7.645711523467602,0,0
2024-06-25,0.0008200677951916866,0.814749609748131,1.2545086634596416,7.5373500014458745,0,0
2024-06-26,0.001369665194968278,0.8161192749430993,1.286403189037828,7.333582930278282,0,0
2024-06-27,-0.004679799199897618,0.8114394757432017,1.267033420317009,8.17558520937418,0,0
2024-06-28,0.007215437282265251,0.818654913025467,1.3442381202492777,6.956251917538673,0,0
2024-07-01,0.0032764756959528536,0.8219313887214199,1.3474644403355582,6.421873551192927,0,0
2024-07-02,0.00403734619831248,0.8259687349197324,1.3135880511322406,5.753229026001792,0,0
2024-07-03,-0.0039304558968429005,0.8220382790228895,1.213359398805768,6.469344944347501,0,0
2024-07-04,-0.0012067112696529962,0.8208315677532365,1.1889017561036617,6.712030248142752,0,0
2024-07-05,0.002379285303109743,0.8232108530563462,1.2796735301432687,6.32634856717705,0,0
2024-07-08,-0.01196434057890639,0.8112465124774398,1.1885257130752436,8.46876415812286,0,0
2024-07-09,-0.004500759831931751,0.8067457526455081,1.1532980776055035,9.279375012138825,0,0
2024-07-10,0.0009312302560391284,0.8076769829015472,1.1490456638498157,9.149922011045906,0,0
2024-07-11,0.002045082852046166,0.8097220657535934,1.1073170073548952,8.82534253913517,0,0
2024-07-12,-0.008547676817329694,0.8011743889362637,1.0591869855832299,10.35528598254907,0,0
2024-07-15,-0.0037234875376510428,0.7974509013986126,0.9804854677590752,11.035204580306969,0,0
2024-07-16,0.0033443647938290744,0.8007952661924417,0.9635745206637121,10.483325213072314,0,0
2024-07-17,-0.00423023871959051,0.7965650274728512,0.8603746926202007,11.256698106780895,0,0
2024-07-18,-0.0009454479322579184,0.7956195795405933,0.863197679614279,11.454830520720376,0,0
2024-07-19,-0.004636253610910348,0.7909833259296829,0.7788856796771914,12.306056455019407,0,0
2024-07-22,-0.007417941955323553,0.7835653839743594,0.6575052141324278,13.651283864273546,0,0
2024-07-23,-0.004298556690624901,0.7792668272837344,0.5698763385353494,14.441131261842294,0,0
2024-07-24,-0.00013179723574668152,0.7791350300479878,0.5624100353595527,14.496433428873928,0,0
2024-07-25,0.0035031508914236307,0.7826381809394114,0.5907225694138963,13.905735005855565,0,0
2024-07-26,0.006121324037287754,0.7887595049766991,0.6620752595749638,12.845793297279346,0,0
2024-07-29,-0.00039480975689914675,0.7883646952198,0.5577121491610352,12.948152888182673,0,0
2024-07-30,-3.836164660292289e-05,0.7883263335731971,0.6988871551217969,12.987037094689642,0,0
2024-07-31,-8.381417486035946e-05,0.7882425193983368,0.6555673512758673,13.034154091085092,0,0
2024-08-01,-0.005437256049264319,0.7828052633490724,0.5803165133274355,14.051922575958512,0,0
2024-08-02,0.003193304922647253,0.7859985682717197,0.6067171895026127,13.504900529118501,0,0
2024-08-05,-0.0033099389726632977,0.7826886292990564,0.5900429976920306,14.139394266160192,0,0
2024-08-06,-0.0059237367655040965,0.7767648925335523,0.5335950434103688,15.253625341582612,0,0
2024-08-07,0.002667559901837465,0.7794324524353897,0.48558727781407685,14.798770026578055,0,0
2024-08-08,0.008037645033591594,0.7874700974689813,0.41339419129153127,13.357333626131272,0,0
2024-08-09,0.0015825776016062097,0.7890526750705875,0.3948117978207105,13.101159406852533,0,0
2024-08-12,-0.0009120903625291759,0.7881405847080584,0.28596408149230557,13.300139612644323,0,0
2024-08-13,-0.01308225124274242,0.7750583334653159,0.15745278680841557,15.740522563092954,0,0
2024-08-14,-0.003094956222805734,0.7719633772425102,0.17424195479731247,16.327210804337724,0,0
2024-08-15,-0.0025188182762375774,0.7694445589662726,0.14639300062091817,16.812449081465232,0,0
2024-08-16,0.004420347354366032,0.7738649063206386,0.18236183843575052,16.04541886271391,0,0
2024-08-19,0.0010432635735191027,0.7749081698941578,0.1581612486800948,15.888450859366213,0,0
2024-08-20,-0.003814030803722003,0.7710941390904358,0.1721382277523163,16.615193371276458,0,0
2024-08-21,-0.002501215219813926,0.7685929238706218,0.054383236875936956,17.104163619919053,0,0
2024-08-22,0.0038383791482954396,0.7724313030189173,0.07862411716603526,16.431709608909543,0,0
2024-08-23,0.004379379007130355,0.7768106820260476,0.16361951997641827,15.65762977957418,0,0
2024-08-26,-0.0015001655740484205,0.7753105164519992,0.13705019189783282,15.966323574216275,0,0
2024-08-27,0.005060999764017227,0.7803715162160164,0.1743142840038032,15.059912087155787,0,0
2024-08-28,-0.022231065158198164,0.7581404510578182,-0.04087532525213265,19.21687862447035,0,0
2024-08-29,-0.003944475095573988,0.7541959759622443,-0.016961456861200177,19.92152603780081,0,0
2024-08-30,0.004201001117533784,0.758396977079778,0.0429514451872777,19.23488910382728,0,0
2024-09-02,-0.0033927960699298132,0.7550041810098482,0.01454525659183458,19.848907010292578,0,0
2024-09-03,-0.008711419030519134,0.7462927619793291,-0.11517805618894204,21.381002394298008,0,0
2024-09-04,-0.005220912149917047,0.7410718498294121,-0.2289078674645777,22.305654060259613,0,0
2024-09-05,0.001910955258640861,0.7429828050880529,-0.24506868626057,22.010556877851762,0,0
2024-09-06,-0.0038054218538238213,0.7391773832342291,-0.24773769591077996,22.697323042058997,0,0
2024-09-09,-0.008509951745799004,0.73066743148843,-0.33825578764249015,24.19837350566961,0,0
2024-09-10,0.0005712696985526464,0.7312387011869828,-0.34732992933832874,24.132415977483905,0,0
2024-09-11,-0.0009928174826194206,0.7302458837043634,-0.4070224113044581,24.33565970496759,0,0
2024-09-12,-0.014181100372253418,0.71606478333211,-0.6109346462243516,26.827279878248902,0,1
2024-09-13,0.0070085357427336435,0.7230733190748436,-0.40132181227273866,25.67749769933631,0,1
2024-09-16,-0.0037913750145272844,0.7192819440603163,-0.4730814879976499,26.347363831403882,0,1
2024-09-17,0.007438536911590755,0.7267204809719071,-0.39287656138412796,25.123636652500696,0,1
2024-09-18,0.009895436374412458,0.7366159173463196,-0.2863416300909334,23.4906550358352,0,1
2024-09-19,-0.0006713602175448512,0.7359445571287747,-0.34807195586983797,23.634493855031263,0,1
2024-09-20,-0.0022419446850080633,0.7337026124437667,-0.5254885484012067,24.042083622218858,0,1
2024-09-23,-0.0012088619553156984,0.732493750488451,-0.6543727890639087,24.277613204582114,1,1
2024-09-24,-0.0032956011612681256,0.7291981493271829,-0.6868051564708193,24.867539821339676,1,1
2024-09-25,-0.005011203217124446,0.7241869461100584,-0.9161867838776588,25.751278939190662,1,1
2024-09-26,0.0018770168927012237,0.7260639630027597,-0.8320146848594302,25.46375647779828,1,1
2024-09-27,0.0010688448721399653,0.7271328078748996,-0.7661745211025667,25.312866607762334,1,1
2024-09-30,-0.0019796911947813243,0.7251531166801183,-0.7418027042234694,25.685533766230137,1,1
2024-10-01,-0.0008232720669955347,0.7243298446131228,-0.8512235708043887,25.859933291020855,1,1
2024-10-02,0.0004207006442191785,0.724750545257342,-0.7693400631132399,25.81876668233334,1,1
2024-10-03,0.00037577240445656516,0.7251263176617985,-0.7950093661455709,25.785038213835037,1,1
2024-10-04,0.006404100150991084,0.7315304178127896,-0.6674317416804858,24.690251320323657,1,1
2024-10-07,0.0010215677330854067,0.732551985545875,-0.6254758930401096,24.542794270552925,1,1
2024-10-08,-0.0012488256371725058,0.7313031599087024,-0.5419338181532577,24.795423453828565,0,1
2024-10-09,-0.004686984968573898,0.7266161749401285,-0.5481866048494708,25.6600057685965,0,1
2024-10-10,0.004240947935784582,0.7308571228759131,-0.5494419632442401,24.937342768221242,0,1
2024-10-11,0.0004895901470272859,0.7313467130229404,-0.5029767261557332,24.88201375324179,0,1
2024-10-14,-0.0028589642193716687,0.7284877488035687,-0.5684868837173586,25.426966790841796,0,1
2024-10-15,0.0006307418567549374,0.7291184906603236,-0.6466612572668252,25.345328883129685,1,1
2024-10-16,0.0033285565399283584,0.732447047200252,-0.6434144783784846,24.774169470971575,1,1
2024-10-17,-0.00027559956565254896,0.7321714476345994,-0.5961407516335392,24.856303636126153,0,1
2024-10-18,-0.0025958506885372093,0.7295755969460622,-0.610651987132319,25.36316383140592,0,1
2024-10-21,0.003098648577627072,0.7326742455236893,-0.5536179766605176,24.825808592149862,0,1
2024-10-22,0.0032997559829730854,0.7359740015066624,-0.564730384410632,24.24913360133231,0,1
2024-10-23,0.007579200226389957,0.7435532017330523,-0.5241498890413886,22.877975793560672,0,1
2024-10-24,-0.0011030368645217514,0.7424501648685305,-0.5136957274836421,23.113067671957925,0,1
2024-10-25,0.008176038266959128,0.7506262031354897,-0.45155466382174003,21.631410124980274,0,1
2024-10-28,0.0019436610440965595,0.7525698641795863,-0.44723544390216924,21.3062196125109,0,1
2024-10-29,0.003664009216378214,0.7562338733959645,-0.40055582186979727,20.661469827219772,0,1
2024-10-30,-0.0031506075425950407,0.7530832658533695,-0.4551987832423934,21.277230321338365,0,1
2024-10-31,0.00698771389190153,0.760070979745271,-0.4046080981588898,20.009611320538895,0,1
2024-11-01,0.0031278786713080414,0.7631988584165791,-0.39463079651493027,19.462162317929568,0,1
2024-11-04,-0.0015005515643193267,0.7616983068522598,-0.4276178815538969,19.77322421359995,0,1
2024-11-05,0.001310715697511417,0.7630090225497712,-0.44290584181522274,19.56018272485478,0,1
2024-11-06,-0.00695669878756916,0.7560523237622021,-0.558600425509061,20.89989092305909,0,1
2024-11-07,0.009888347761210775,0.7659406715234128,-0.4878033415150042,19.080652737524982,0,1
2024-11-08,0.002552912202996353,0.7684935837264092,-0.47738504240997504,18.641244279931875,0,1
2024-11-11,0.0005376748232554765,0.7690312585496647,-0.43261809066686663,18.573520641815033,0,1
2024-11-12,-0.002095200277885997,0.7669360582717787,-0.45737442881526713,18.996395592452682,0,1
2024-11-13,-0.00198125696447947,0.7649548013072992,-0.4683695751246788,19.39982568818552,0,1
2024-11-14,-0.006360921522852317,0.7585938797844469,-0.5554862420782326,20.630247403391436,0,1
2024-11-15,-0.004013406101541626,0.7545804736829053,-0.5544952278702586,21.41650465386731,0,1
2024-11-18,1.8719609148556027e-05,0.7545991932920538,-0.5464650567459087,21.44498711489176,0,1
2024-11-19,0.0005257141373822647,0.755124907429436,-0.6098561605815859,21.377378474516085,0,1
2024-11-20,0.00028687354268474587,0.7554117809721208,-0.6299409789651724,21.354716118167456,1,1
2024-11-21,0.0033187521758245983,0.7587305331479454,-0.6913257451907177,20.750593746211244,1,1
2024-11-22,-0.0008451501875190545,0.7578853829604263,-0.5850477183251823,20.94515634136085,0,1
2024-11-25,0.012032663021349706,0.769918045981776,-0.5754700584114997,18.649793712696983,0,1
2024-11-26,0.002246482742412451,0.7721645287241885,-0.5731938321421831,18.257904693429207,0,1
2024-11-27,0.013659034417750718,0.7858235631419392,-0.39965326506834953,15.700304882980369,0,1
2024-11-28,-0.008225554950188032,0.7775980081917512,-0.25642822358411316,17.24307090780736,0,1
2024-11-29,0.005571412724349398,0.7831694209161005,-0.26014843765943013,16.259253604551123,0,1
2024-12-02,0.0045279454383306186,0.7876973663544311,-0.18919507013847142,15.465841197445453,0,1
2024-12-03,0.007522319100026601,0.7952196854544578,-0.15973286682485394,14.124052977775923,0,1
2024-12-04,0.0010477348150238373,0.7962674202694816,-0.1477650585918204,13.96568259315972,0,1
2024-12-05,3.934041651299804e-05,0.7963067606859946,-0.17483399423432405,13.990503530385135,0,1
2024-12-06,0.0026878790375058177,0.7989946397235004,-0.07475133994332657,13.528538430771556,0,1
2024-12-09,0.001911455465972731,0.8009060951894731,-0.028729317777997494,13.207728118771984,0,1
2024-12-10,0.0032441931320386502,0.8041502883215117,-0.21341134229886274,12.637885124019876,0,1
2024-12-11,-0.004401555799437906,0.7997487325220738,-0.12712306005086865,13.489464116444816,0,1
2024-12-12,0.0041929336326455065,0.8039416661547193,-0.08262956059777123,12.739272818904478,0,1
2024-12-13,0.000958684566888275,0.8049003507216076,0.0971228045454322,12.592037411971992,0,1
2024-12-16,0.00040438415095547017,0.805304734872563,0.11422824517284591,12.548015392636822,0,1
2024-12-17,-0.004505339692171857,0.8007993951803912,0.1899034542313905,13.431985158653495,0,1
2024-12-18,0.004846518256444851,0.8056459134368361,0.34696276718868485,12.546070478688538,0,1
2024-12-19,-0.0006635906777737307,0.8049823227590623,0.4405389335593869,12.703876637965848,0,1
2024-12-20,0.0008042231741499485,0.8057865459332123,0.42721857073313174,12.582560128180926,0,1
2024-12-23,0.0036843583108538184,0.8094709042440661,0.4315335955705087,11.908171134569692,0,1
2024-12-24,-0.002107820455495942,0.8073630837885701,0.4293579714402846,12.345478418523522,0,1
2024-12-25,0.002880876269100062,0.8102439600576702,0.3978253672998614,11.82086606695052,0,1
2024-12-26,0.012644833463850638,0.8228887935215208,0.6315381860219043,9.399992514827638,0,1
2024-12-27,-0.003737029114197807,0.819151764407323,0.7067837779499582,10.13689788208868,0,1
2024-12-30,0.0010059031877812413,0.8201576675951042,0.6381653002991401,9.97861825293203,0,1
2024-12-31,-0.0006560831003603598,0.8195015844947439,0.6234327666383346,10.135432835585187,0,1
2025-01-01,0.00316721412090165,0.8226687986156455,0.6328692154215241,9.561513937866692,0,1
2025-01-02,0.00403920619093776,0.8267080048065832,0.5835634690860103,8.817947992808513,0,1
2025-01-03,-0.010158542468389674,0.8165494623381936,0.35824844335618494,10.804996228757577,0,1
2025-01-06,-0.0031025857984655772,0.813446876539728,0.2793813179479541,11.424657932409632,0,1
2025-01-07,-0.0028077618031622925,0.8106391147365657,0.15380878347443755,11.990488623905536,0,1
2025-01-08,0.0061953707553235576,0.8168344854918892,0.2551561597532097,10.839745426259364,0,1
2025-01-09,0.0010347110006717329,0.817869196492561,0.10513370635141807,10.674669924902105,0,1
2025-01-10,0.0034396144202981345,0.8213088109128591,0.3371662033997521,10.047878139408882,0,1
2025-01-13,-0.0018911352665129787,0.8194176756463462,0.22629030378407303,10.443286031234582,0,1
2025-01-14,-0.0029598187491401483,0.816457856897206,0.1556897767484354,11.046907460927464,0,1
2025-01-15,-0.0018272125947120382,0.8146306443024939,0.028867891030819742,11.433167771296072,0,1
2025-01-16,0.004227474766696918,0.8188581190691908,0.2265620432411023,10.641427202310254,0,1
2025-01-17,-0.001556794772342132,0.8173013242968487,0.22720933902962967,10.977349123372498,0,1
2025-01-20,-0.002040798636093941,0.8152605256607547,0.2656759403801018,11.409849845898535,0,1
2025-01-21,0.003593600330535087,0.8188541259912898,0.23077118248382017,10.733216571652118,0,1
2025-01-22,0.0024541947969167963,0.8213083207882066,0.31765145609909534,10.279879558659264,0,1
2025-01-23,-0.0004721572385467073,0.8208361635496599,0.35731183077965173,10.40567614243206,0,1
2025-01-24,0.002626280083107003,0.823462443632767,0.45152033252097185,9.913016721481355,0,1
2025-01-27,0.0017473743731095909,0.8252098180058766,0.5011817684421227,9.59447982410599,0,1
2025-01-28,-0.009018031549289252,0.8161917864565873,0.4242710428199953,11.444806488622037,0,1
2025-01-29,-0.003128504012803329,0.813063282443784,0.628849281899551,12.099427495522761,0,1
2025-01-30,0.0038176448235609033,0.816880927267345,0.6950741307457021,11.368991149988485,0,1
2025-01-31,-0.0008678483025479875,0.816013078964797,0.6671817845381599,11.574742003762193,0,1
2025-02-03,-0.0014846859600871458,0.8145283930047099,0.6892646219035222,11.905652051321448,0,1
2025-02-04,-0.00023837290237756952,0.8142900201023323,0.59397533959849,11.98590409058371,0,1
2025-02-05,0.004147895456243018,0.8184379155585754,0.5701780763314742,11.173594804545152,0,1
2025-02-06,0.0017493907902170337,0.8201873063487924,0.5261689306037612,10.848920818666029,0,1
2025-02-07,0.0010702215897715152,0.821257527938564,0.5807276567758228,10.661620584538598,0,1
2025-02-10,-0.0004925901398349689,0.820764937798729,0.6290827508221143,10.795127603276628,0,1
2025-02-11,-0.0019095330226020786,0.818855404776127,0.5903120502137167,11.222850148150114,0,1
2025-02-12,0.003807182889102348,0.8226625876652293,0.5910025943681287,10.462045772476328,0,1
2025-02-13,-0.0008392431136284269,0.8218233445516009,0.35818997095756927,10.669194272692678,0,1
2025-02-14,0.007554219589445387,0.8293775641410462,0.4748335624374536,9.115884793119914,0,1
2025-02-17,-0.001893625018878391,0.8274839391221679,0.46221115495502546,9.541878526382272,0,1
2025-02-18,-0.0013018078246464244,0.8261821312975215,0.42326771660294105,9.84606343595786,0,1
2025-02-19,-0.0002993215086578673,0.8258828097888636,0.4568443540938869,9.940988804775083,0,1
2025-02-20,0.0029924155208604555,0.8288752253097241,0.39702778626336904,9.340375428541762,0,1
2025-02-21,-0.0015898311301745694,0.8272853941795496,0.32288870038206685,9.709652492948663,0,1
2025-02-24,-0.0012016943795384086,0.8260836998000112,0.24754561163401484,9.997897472229745,0,1
2025-02-25,0.0035974593581811,0.8296811591581923,0.2985277003845418,9.258675492461991,0,1
2025-02-26,-0.004363824418783244,0.825317334739409,0.15014967057822393,10.228395595865846,0,1
2025-02-27,0.0002961890332970575,0.8256135237727061,0.16352806868166334,10.196714718729963,0,1
2025-02-28,0.0014742273887661497,0.8270877511614723,0.17403849385786554,9.909889106792939,0,1
2025-03-03,0.0016191689129740933,0.8287069200744464,0.17103225149122356,9.589895876297053,0,1
2025-03-04,0.0017377923214114575,0.8304447123958578,0.1660074776740377,9.242198989721064,0,1
2025-03-05,-0.001985439964808763,0.8284592724310491,0.12649905836973477,9.710173163133303,0,1
2025-03-06,0.004018095576192222,0.8324773680072414,0.19567252131190074,8.855751998675949,0,1
2025-03-07,-0.0012617595976460332,0.8312156084095953,0.20685777355434176,9.166460594459677,0,1
2025-03-10,-0.0029851994491191442,0.8282304089604762,0.11309237920400131,9.86136585303522,0,1
2025-03-11,0.0004897450297147361,0.8287201539901909,0.13693010058779986,9.784270043614262,0,1
2025-03-12,-0.002200028498747574,0.8265201254914434,0.11837342668344,10.309205109532986,0,1
2025-03-13,-0.001450894515688552,0.8250692309757548,-0.05243677408430045,10.667716077257017,0,1
2025-03-14,-0.0006501122091712524,0.8244191187665836,-0.057384800113440174,10.846779611083369,0,1
2025-03-17,0.009586063555110581,0.8340051823216942,0.060837187748168764,8.698149814002372,0,1
2025-03-18,-0.0036995648993117004,0.8303056174223825,-0.012275270070910114,9.55415387261678,0,1
2025-03-19,-0.0010769559504327426,0.8292286614719497,-0.04288223942738615,9.82647426595874,0,1
2025-03-20,-0.0017060959623942805,0.8275225655095555,-0.08171284674603825,10.241257460551902,0,1
2025-03-21,0.0030717513158928424,0.8305943168254484,-0.043522042847746086,9.580695814212365,0,1
2025-03-24,0.001483126539467834,0.8320774433649162,-0.01904727770711766,9.27730887487428,0,1
2025-03-25,-0.0020177990730464897,0.8300596442918697,0.04008934919616607,9.767969509414462,0,1
2025-03-26,-0.004454626884501498,0.8256050174073682,0.03814394461910733,10.817151241744593,0,1
2025-03-27,-0.004294153864408962,0.8213108635429592,0.05461631390157074,11.829495451031512,0,1
2025-03-28,0.0012843386287773248,0.8225952021717365,0.043656975447806355,11.568230646567505,0,1
2025-03-31,0.004942407511654613,0.8275376096833912,0.15152231941672548,10.465688186951212,0,1
2025-04-01,0.0002579487631377198,0.8277955584465289,0.10581656224492583,10.438581545495467,0,1
2025-04-02,-0.004322731229631219,0.8234728272168976,0.06273172307042896,11.466978957898935,0,1
2025-04-03,-0.0025875231788850496,0.8208853040380126,0.06573997883214372,12.095436158487294,0,1
2025-04-04,0.00197958863913283,0.8228648926771455,0.029812361035491366,11.669434170225083,0,1
2025-04-07,0.0014007152151654018,0.8242656078923108,0.14902146819309495,11.375883465686226,0,1
2025-04-08,0.005681827827827499,0.8299474357201383,0.13027201790968174,10.080466178823176,0,1
2025-04-09,-0.002896689096714601,0.8270507466234237,0.10476650111017301,10.786276749337457,0,1
2025-04-10,0.004946021939234804,0.8319967685626585,0.20000833639949356,9.664162949170834,0,1
2025-04-11,0.003123840283567094,0.8351206088462255,0.297763950471162,8.96862960939653,0,1
2025-04-14,0.002340365265343222,0.8374609741115687,0.30880570580042727,8.454088246404527,0,1
2025-04-15,-0.0008601008707350725,0.8366008732408337,0.3017337303214027,8.687772570874893,0,1
2025-04-16,-0.0001108899117850861,0.8364899833290486,0.3159957037101369,8.745927530125387,0,1
2025-04-17,-0.00035717689222210377,0.8361328064368264,0.36295511301422,8.862639810229208,0,1
2025-04-18,-0.0029398767532698667,0.8331929296835565,0.32896314213753586,9.595838446366363,0,1
2025-04-21,0.002572007285408959,0.8357649369689655,0.3409051115458397,9.012599968363432,0,1
2025-04-22,-0.00556005812718862,0.8302048788417768,0.20590393709057736,10.37939853857688,0,1
2025-04-23,-0.0010667540718641586,0.8291381247699127,0.15064815488918423,10.666358821660019,0,1
2025-04-24,-2.0997221312241214e-05,0.8291171275486005,0.09813843872706014,10.703413480939913,0,1
2025-04-25,-0.004541985554127504,0.8245751419944729,0.048711854357544576,11.833142322740713,0,1
2025-04-28,0.0014349670063651225,0.826010109000838,-0.011441442632215597,11.51875230807317,0,1
2025-04-29,0.0021927444658840136,0.8282028534667221,0.07972061192876678,11.018740167478086,0,1
2025-04-30,-0.0024142719731325493,0.8257885814935895,0.028794488591582578,11.638946421498224,0,1
2025-05-01,0.0011909747837666087,0.8269795562773561,0.06771608005519263,11.379698491506696,0,1
2025-05-02,0.008393825203613776,0.8353733814809698,0.3249610241250619,9.34809307261401,0,1
2025-05-05,0.00011273994402346532,0.8354861214249933,0.5015312402070079,9.352889839469956,0,1
2025-05-06,0.0017824054120718247,0.8372685268370652,0.487447670958183,8.952182927593709,0,1
2025-05-07,0.0017966938014783774,0.8390652206385436,0.4624340134624612,8.545956884041209,0,1
2025-05-08,0.0029013369648281636,0.8419665576033718,0.40559594638533,7.866988405041001,0,1
2025-05-09,0.001554992990517121,0.8435215505938889,0.3407065518236675,7.516857059118112,0,1
2025-05-12,-0.0027565311967672392,0.8407650193971217,0.40318155727859784,8.229632593728905,0,1
2025-05-13,0.00234937760515147,0.8431143970022731,0.46786121632033395,7.6796319230850445,0,1
2025-05-14,0.0022296840785718587,0.8453440810808449,0.40353364212640735,7.157173176645725,0,1
2025-05-15,-0.005527715775135258,0.8398163653057097,0.34488844573681593,8.569290481322183,0,1
2025-05-16,-0.004565918020012262,0.8352504472856974,0.42873912135534464,9.735397992831228,0,1
2025-05-19,-0.0019801152377099244,0.8332703320479875,0.3675281529372668,10.25842864665605,0,1
2025-05-20,0.0031084724563076997,0.8363788045042952,0.5141702923042749,9.516229054902787,0,1
2025-05-21,0.003868832343743062,0.8402476368480383,0.4948255510830279,8.582426579847057,0,1
2025-05-22,0.004012815279139775,0.844260452127178,0.5429862970851963,7.612293464097035,0,1
2025-05-23,0.007440151179204609,0.8517006033063826,0.5069201998286732,5.786278752791237,0,1
2025-05-26,-0.006920073357306718,0.8447805299490759,0.34540027412961294,7.5225976539351755,0,1
2025-05-27,0.0008619403656947435,0.8456424703147707,0.4728268505344887,7.344608604181625,0,1
2025-05-28,0.006021394471089552,0.8516638647858602,0.5662646083192469,5.901478910236907,0,1
2025-05-29,-0.011366195331677568,0.8402976694541826,0.30627126821046086,8.69939392312179,0,1
2025-05-30,-0.002056404834008497,0.8382412646201741,0.29140758261988,9.213736363518974,0,1
2025-06-02,-0.00486199330912041,0.8333792713110537,0.13208421683786936,10.391193367697067,0,1
2025-06-03,0.0015002088494677013,0.8348794801605214,0.060909549392377124,10.070396757480193,0,1
2025-06-04,0.004904039521486117,0.8397835196820075,0.06320280962484032,8.943274383938121,0,1
2025-06-05,0.0033794142660845995,0.843162933948092,0.12227472940514747,8.178087905543807,0,1
2025-06-06,0.00536304108880507,0.8485259750368971,0.22198487118251628,6.942312120102367,0,1
2025-06-09,-0.0006670055592507575,0.8478589694776463,0.37585451054584773,7.131449691708869,0,1
2025-06-10,0.0007418989962638112,0.84860086847391,0.4088849531215612,6.987700474496941,0,1
2025-06-11,0.003960164775789607,0.8525610332496997,0.5389474241641473,6.076267467773952,0,1
2025-06-12,0.002527377275897032,0.8550884105255967,0.5624825993611335,5.505791391564163,0,1
2025-06-13,0.005082118866714468,0.8601705293923112,0.6128973156564128,4.321850276105583,0,1
2025-06-16,-0.0021640358195403418,0.8580064935727708,0.6490392663746597,4.870210699303675,0,1
2025-06-17,-0.00426219251642667,0.8537443010563441,0.49050682263172235,5.923513778425731,0,1
2025-06-18,0.001715731395600114,0.8554600324519442,0.4690272201805933,5.544506143019966,0,1
2025-06-19,0.005130672027927019,0.8605907044798713,0.4838612622404999,4.341514263467333,0,1
2025-06-20,-0.0037859865814222882,0.856804717898449,0.48593509491705034,5.282109608367554,0,1
2025-06-23,0.003432162570907578,0.8602368804693566,0.5502919287928831,4.489619180035394,0,1
2025-06-24,-0.0009882247188050094,0.8592486557505516,0.5034454324124136,4.759464862254416,0,1
2025-06-25,0.0002092715933180297,0.8594579273438697,0.6833955786514079,4.740833474310716,0,1
2025-06-26,-0.0018962803618207365,0.857561646982049,0.7215971865461268,5.23436563173086,0,1
2025-06-27,-0.000940220480468417,0.8566214265015806,0.6949690748943639,5.49625012669227,0,1
2025-06-30,0.002298247812657344,0.8589196743142379,0.6984933206961571,4.963277224524687,0,1
2025-07-01,0.00017725738306407644,0.859096931697302,0.8288027092746572,4.951539586993437,0,1
2025-07-02,0.003950662981541127,0.8630475946788431,0.9388046547984404,4.002893764231503,0,1
2025-07-03,-0.0018029121011775985,0.8612446825776655,0.865613292239336,4.482530137031345,0,1
2025-07-04,0.002361059889453788,0.8636057424671193,0.9615428035706821,3.9256245368124425,0,1
2025-07-07,-0.00021216512727473096,0.8633935773398446,0.9721841529809158,4.0107533512664855,0,1
2025-07-08,0.004170302586161996,0.8675638799260066,1.0995451625755903,2.9926163355687194,0,1
2025-07-09,-0.0003671848824109522,0.8671966950435956,1.2081970320599316,3.117033804300649,0,1
2025-07-10,-0.0005731634150956378,0.8666235316285,1.2647486004826085,3.2941176463743793,0,1
2025-07-11,0.004304828707726604,0.8709283603362267,1.3268476952201107,2.230344397807321,0,1
2025-07-14,0.002195867823592261,0.8731242281598189,1.3088409803651213,1.7040446927996973,0,1
2025-07-15,-0.000844375769759952,0.872279852390059,1.2121431046511473,1.951593804383057,0,1
2025-07-16,0.00023636029919476436,0.8725162126892537,1.2213702535340911,1.922935283138783,0,1
2025-07-17,-0.0011370627878238564,0.8713791499014298,1.2051673277034576,2.2484843330826307,0,1
2025-07-18,-0.00014565954895984616,0.87123349035247,1.204262932524327,2.318295384168138,0,1
2025-07-21,0.0009434862963499343,0.8721769766488199,1.3013868933452206,2.1040329366352712,0,1
2025-07-22,0.0028922114587590594,0.8750691881075789,1.29722521329908,1.3770024295098646,0,1
2025-07-23,-0.004991191213214984,0.8700779968943639,1.270701608825456,2.7221135227968114,0,1
2025-07-24,-0.0031033523381439193,0.86697464455622,1.3155347041336953,3.5671898964737077,0,1
2025-07-25,0.002025303599282922,0.8689999481555029,1.306523759810135,3.0675410145285813,0,1
2025-07-28,0.004031117971629266,0.8730310661271321,1.2541756962087398,2.0369635403149093,0,1
2025-07-29,-0.00542946760949676,0.8676015985176353,1.147509448729437,3.4990990144360783,0,1
2025-07-30,-0.002125433394235646,0.8654761651233996,1.1292494702833538,4.087618425375503,0,1
2025-07-31,-0.00014594932416452924,0.8653302157992351,1.3441507557737753,4.157994506812842,0,1
2025-08-01,-0.000572582306340083,0.864757633492895,1.3834097488024792,4.3413936533614566,0,1
2025-08-04,0.0018784292314146735,0.8666360627243097,1.4499537323444807,3.873938338084928,0,1
2025-08-05,-0.0022306233967852953,0.8644054393275244,1.352177731559652,4.501631829870386,0,1
2025-08-06,0.00010058515900651351,0.8645060244865309,1.3381596530314934,4.506679869332766,0,1
2025-08-07,0.002349536140119393,0.8668555606266503,1.4323815201324632,3.9052660200071747,0,1
2025-08-08,0.0012041447358911957,0.8680597053625414,1.4890849493002805,3.6115217840672713,0,1
2025-08-11,0.0012495454553959656,0.8693092508179374,1.452144680741062,3.3037466279915098,0,1
2025-08-12,-0.0011625202024653728,0.8681467306154721,1.3711849931164253,3.653493973729051,0,1
2025-08-13,-0.0014359560591143497,0.8667107745563577,1.3721852921368447,4.080018606542214,0,1
2025-08-14,-0.0007222193803353926,0.8659885551760224,1.2884193300395668,4.311420040021991,0,1
2025-08-15,0.002635442895269174,0.8686239980712915,1.767083268978625,3.6117833310383234,0,1
2025-08-18,-0.002563012957417879,0.8660609851138736,1.7915193076922635,4.357237179607843,0,1
2025-08-19,-0.000754904103247736,0.8653060810106259,1.7149625416211296,4.599977843031167,0,1
2025-08-20,-0.0010628320902650392,0.8642432489203609,1.7551360821971838,4.930318335372096,0,1
2025-08-21,-0.0027462222067074675,0.8614970267136534,1.8688316914748666,5.737242315637616,0,1
2025-08-22,0.004031032497991355,0.8655280592116447,2.024198111319994,4.6291769057533685,0,1
2025-08-25,0.0002940410355054667,0.8658221002471501,1.9984231106838395,4.578166926832825,0,1
2025-08-26,0.0007134586653009783,0.866535558912451,2.077018740348837,4.407580268358787,0,1
2025-08-27,0.005536899692745558,0.8720724586051966,2.323702699956452,2.858583588162082,0,1
2025-08-28,-0.00244442815324933,0.8696280304519473,2.2713882352061407,3.582640114416484,0,1
2025-08-29,0.0003767096741041713,0.8700047401260514,2.2945944219359817,3.5076776557625506,0,1
2025-09-01,0.002900442826712238,0.8729051829527636,2.6522338427893652,2.711351784521545,0,1
2025-09-02,-0.003337112884169705,0.8695680700685939,2.4863774680260806,3.6981268594296717,0,1
2025-09-03,0.003570024998591899,0.8731380950671859,2.615240228409174,2.7082137503776975,0,1
2025-09-04,-0.0024514839786399,0.870686611088546,2.460544033567419,3.4417835287479575,0,1
2025-09-05,-0.0008825047545292599,0.8698041063340167,2.305232986459313,3.727085889071013,0,1
2025-09-08,0.005778449531652628,0.8755825558656694,2.407524644522383,2.09160039731361,0,1
2025-09-09,0.00018913695437676638,0.8757716928200461,2.452250445044233,2.0695798116465345,0,1
2025-09-10,0.006148834107355122,0.8819205269274012,2.5686220241419515,0.3349370376677714,0,1
2025-09-11,-0.0020495723005643004,0.8798709546268368,2.59316316678091,0.9487743027025675,0,1
2025-09-12,-0.0030982830418340036,0.8767726715850028,2.6330418105034936,1.8636776279730087,0,1
2025-09-15,-0.0003637257998479269,0.8764089457851549,2.5946446059350707,1.9994665184062337,0,1
2025-09-16,-0.0024700340042970595,0.8739389117808579,2.5301325611351757,2.7402738015508246,0,1
2025-09-17,0.0015169286673859606,0.8754558404482439,2.592606432847238,2.3357376270011345,0,1
2025-09-18,0.00047379127925155655,0.8759296317274954,2.615760985362431,2.2307597721319987,0,1
2025-09-19,0.008461144236929228,0.8843907759644246,2.72962503158903,0.0,0,1
2025-09-22,-0.00517212408537039,0.8792186518790542,2.6219488304885714,1.494092465810047,0,1
2025-09-23,0.0014667142267967784,0.880685366105851,2.550118861434352,1.1141659322733135,0,1
2025-09-24,0.005572993454941359,0.8862583595607924,2.618558245244831,0.0,0,1
2025-09-25,-0.0008230445778445856,0.8854353149829478,2.626346393084529,0.2623357109945837,0,1
2025-09-26,-0.0012645011787253153,0.8841708138042225,2.6943041652597786,0.6501519763727258,0,1
2025-09-29,-0.0031910678100068876,0.8809797459942156,2.5667339533711573,1.5846061714788076,0,1
2025-09-30,-0.0015255576881958639,0.8794541883060197,2.5306260386406136,2.048508946990997,0,1
2025-10-01,0.002211360949226563,0.8816655492552463,2.62083749483945,1.4515246444303158,0,1
2025-10-02,-0.00201758633734406,0.8796479629179023,2.5729412580804523,2.0594129457177757,0,1
2025-10-03,0.0019250597459551156,0.8815730226638574,2.5510785604748216,1.5398316162847898,0,1
2025-10-06,-0.004867967841460163,0.8767050548223972,2.4621018129946584,2.9722746037009706,0,1
2025-10-07,-0.0028605726829106282,0.8738444821394866,2.4569693296000676,3.822717678030252,0,1
2025-10-08,0.0009817671341452974,0.874826249273632,2.4231086040622922,3.573300950721789,0,1
2025-10-09,-0.0006825073490331016,0.8741437419245989,2.3572805731519204,3.8019954338504482,0,1
2025-10-10,0.0019439610076418578,0.8760877029322407,2.2769716841511523,3.2706744512027837,0,1
2025-10-13,-0.0007514100881312808,0.8753362928441094,2.2833572699334557,3.521289567602518,0,1
2025-10-14,-0.008575662267006338,0.8667606305771031,1.9887024486435672,6.061951592626405,0,1
2025-10-15,0.0017890980400553393,0.8685497286171584,1.9861822480701101,5.585812553232924,0,1
2025-10-16,0.0010587793046659267,0.8696085079218243,1.9444012007306584,5.315812835416845,0,1
2025-10-17,-0.002705634658410567,0.8669028732634138,1.9528964111581781,6.123644031892439,0,1
2025-10-20,-0.0027238775746099616,0.8641789956888037,1.7950098030125554,6.938498115836036,0,1
2025-10-21,0.004545962342929618,0.8687249580317333,1.8168418055462867,5.66107901691504,0,1
2025-10-22,-0.005577235110118418,0.8631477229216149,1.7383764286286176,7.29301387470642,0,1
2025-10-23,0.0018928016327748936,0.8650405245543898,1.7479928246423642,6.786839933165415,0,1
2025-10-24,-0.009060110590867743,0.8559804139635221,1.7031385359673288,9.405498215516879,0,1
2025-10-27,-0.0032305233460672425,0.8527498906174549,1.4965130968509706,10.331076062074539,0,1
2025-10-28,-0.00033007870928299424,0.8524198119081718,1.447771662654553,10.454491508865248,0,1
2025-10-29,-0.0016138708361975208,0.8508059410719743,1.4098740741145865,10.935985049119544,0,1
2025-10-30,-0.00046275181100258336,0.8503431892609716,1.4391415240809886,11.097471474533512,0,1
2025-10-31,-3.628620182424217e-05,0.8503069030591474,1.4738479838130565,11.139691335136927,0,1
2025-11-03,0.003341904967205679,0.853648808026353,1.65033581864684,10.225868790785231,0,1
2025-11-04,-0.004119403971176396,0.8495294040551766,1.64826149936449,11.424465274701285,0,1
2025-11-05,-0.0004702071237987567,0.8490591969313779,1.6396286813169796,11.589358806014252,0,1
2025-11-06,0.0016541396807173074,0.8507133366120951,1.658813811223482,11.151235044816653,0,1
2025-11-07,0.0009357221858335659,0.8516490587979287,1.669998464386494,10.916099240641985,0,1
2025-11-10,-0.0019047256026025682,0.8497443331953262,1.5801899008752844,11.494823691876997,0,1
2025-11-11,0.0005885058604295111,0.8503328390557556,1.6054227879693295,11.357229228995022,0,1
2025-11-12,0.004054159434701639,0.8543869984904573,1.494797150126311,10.214283196720393,0,1
2025-11-13,0.004038535814740983,0.8584255343051983,1.5241137721099025,9.078414526325203,0,1
2025-11-14,0.001073920834799692,0.859499455139998,1.3393742326425542,8.800510641748584,0,1
2025-11-17,-0.002393280683642334,0.8571061744563557,1.4612979586526391,9.526788727212592,0,1
2025-11-18,0.007229491235998551,0.8643356656923543,1.4867165628736603,7.455321786879418,0,1
2025-11-19,-0.003428374024387659,0.8609072916679666,1.3418536395643548,8.465784692633605,0,1
2025-11-20,-0.0005643557722488826,0.8603429358957178,1.2041632788706345,8.658899794499964,0,1
2025-11-21,0.00461633955968377,0.8649592754554015,1.266189860198883,7.3656545481174325,0,1
2025-11-24,-0.0011956777010448299,0.8637635977543567,1.2429825141649604,7.739436557425518,0,1
2025-11-25,-0.0013764058507108616,0.8623871919036459,1.168731648557318,8.166888805257393,0,1
2025-11-26,0.0012295506701969136,0.8636167425738428,1.1565137358756912,7.84392264740447,0,1
2025-11-27,0.0009999517416598644,0.8646166943155027,1.1167269423591093,7.585782436561132,0,1
2025-11-28,0.0005513988586892219,0.865168093174192,1.2126645972652605,7.456947673989217,0,1
2025-12-01,-0.00018714345945397603,0.8649809497147379,1.1344673956067737,7.543854944952002,0,1
2025-12-02,0.000491631096966941,0.8654725808117049,1.1258747013948451,7.430812540325451,0,1
2025-12-03,0.0011248823555338556,0.8665974631672387,1.139118580737022,7.129052866122168,0,1
2025-12-04,-0.001478374933350721,0.8651190882338881,1.1994457179529954,7.6019731833422215,0,1
2025-12-05,0.003806388176190435,0.8689254764100784,1.1817916512354711,6.493474895274879,0,1
2025-12-08,0.0052610545337776135,0.874186530943856,1.2870355452159765,4.951830892332137,0,1
2025-12-09,-0.004324179984733661,0.8698623509591223,1.1874031252530175,6.266432166510169,0,1
2025-12-10,0.0025274127554491734,0.8723897637145716,1.1672878066470678,5.5515489616318945,0,1
2025-12-11,-0.009912479178596304,0.8624772845359753,1.0057622360237015,8.520327077641022,0,1
2025-12-12,-0.004012650873455372,0.8584646336625199,0.8784111646489873,9.692294753732384,0,1
2025-12-15,0.0005863720029469383,0.8590510056654669,0.6764330703063433,9.558006693289816,0,1
2025-12-16,-0.00644983827832075,0.8526011673871461,0.6226044651979191,11.42951494700522,0,1
2025-12-17,0.001551462155645779,0.8541526295427919,0.6326222489213604,11.024981780942719,0,1
2025-12-18,0.0020246081426939714,0.8561772376854859,0.682163576870443,10.484650479797438,0,1
2025-12-19,0.0015734528874980734,0.857750690572984,0.6533228300715755,10.070129433999522,0,1
2025-12-22,0.0027715757709686237,0.8605222663439527,0.6306228667241701,9.311951448848268,0,1
2025-12-23,0.000609043733567784,0.8611313100775204,0.8472246718813927,9.169944118284539,0,1
2025-12-24,0.0012223762773587994,0.8623536863548792,0.931053740021126,8.850733384519781,0,1
2025-12-25,-0.0013274814330195435,0.8610262049218597,0.9604018199705484,9.266096859700706,0,1
2025-12-26,0.001327648676825575,0.8623538535986852,0.8731526743265001,8.912811322978772,0,1
2025-12-29,-0.004274296377228125,0.8580795572214571,0.7686324699301456,10.191368257543422,0,1
2025-12-30,0.0017174530700065037,0.8597970102914636,0.736836905520807,9.724088398843609,0,1
2025-12-31,-0.0024648459190604118,0.8573321643724032,0.725498213616435,10.475774359028334,0,1
